circuit_hash,qpy_path,num_qubits,num_gates,query_gen_time_s,query_bytes,total_ctes,tensor_ctes,contraction_ctes,engine,profile,run_idx,status,wall_time_s,rows_consumed,tracemalloc_peak_bytes,tuning,error_msg
0002f03d8800974fa0082d17c88c60c429f4c89b6ecc6e7e8ecb6eb579d86ed8,/home/timlittau/Documents/InferQ/analysis/finetuned_rdbms_162/qpy/0002f03d8800974fa0082d17c88c60c429f4c89b6ecc6e7e8ecb6eb579d86ed8.qpy,12,72,0.8962250929325819,25802,90,8,82,sqlite,large_size,0,success,0.06698086089454591,4096,853333,"{""automatic_index"": true, ""cache_mb"": 64, ""cache_spill"": false, ""db_path"": "":memory:"", ""journal_mode"": ""OFF"", ""locking_mode"": ""EXCLUSIVE"", ""mmap_mb"": 0, ""synchronous"": ""OFF"", ""temp_store"": ""FILE"", ""threads"": 1}",
0002f03d8800974fa0082d17c88c60c429f4c89b6ecc6e7e8ecb6eb579d86ed8,/home/timlittau/Documents/InferQ/analysis/finetuned_rdbms_162/qpy/0002f03d8800974fa0082d17c88c60c429f4c89b6ecc6e7e8ecb6eb579d86ed8.qpy,12,72,0.8962250929325819,25802,90,8,82,sqlite,large_size,1,success,0.060382402036339045,4096,549637,"{""automatic_index"": true, ""cache_mb"": 64, ""cache_spill"": false, ""db_path"": "":memory:"", ""journal_mode"": ""OFF"", ""locking_mode"": ""EXCLUSIVE"", ""mmap_mb"": 0, ""synchronous"": ""OFF"", ""temp_store"": ""FILE"", ""threads"": 1}",
0002f03d8800974fa0082d17c88c60c429f4c89b6ecc6e7e8ecb6eb579d86ed8,/home/timlittau/Documents/InferQ/analysis/finetuned_rdbms_162/qpy/0002f03d8800974fa0082d17c88c60c429f4c89b6ecc6e7e8ecb6eb579d86ed8.qpy,12,72,0.8962250929325819,25802,90,8,82,duckdb,large_size,0,success,0.33231205702759326,4096,555979,"{""max_temp_directory_size"": ""128GB"", ""memory_limit"": ""7409MB"", ""preserve_insertion_order"": true, ""temp_directory"": ""analysis/finetuned/rdbms162_all_engines_120s/tmp/large_size/duckdb"", ""threads"": 1}",
0002f03d8800974fa0082d17c88c60c429f4c89b6ecc6e7e8ecb6eb579d86ed8,/home/timlittau/Documents/InferQ/analysis/finetuned_rdbms_162/qpy/0002f03d8800974fa0082d17c88c60c429f4c89b6ecc6e7e8ecb6eb579d86ed8.qpy,12,72,0.8962250929325819,25802,90,8,82,duckdb,large_size,1,success,0.3257472701370716,4096,550642,"{""max_temp_directory_size"": ""128GB"", ""memory_limit"": ""7409MB"", ""preserve_insertion_order"": true, ""temp_directory"": ""analysis/finetuned/rdbms162_all_engines_120s/tmp/large_size/duckdb"", ""threads"": 1}",
0002f03d8800974fa0082d17c88c60c429f4c89b6ecc6e7e8ecb6eb579d86ed8,/home/timlittau/Documents/InferQ/analysis/finetuned_rdbms_162/qpy/0002f03d8800974fa0082d17c88c60c429f4c89b6ecc6e7e8ecb6eb579d86ed8.qpy,12,72,0.8962250929325819,25802,90,8,82,postgres,large_size,0,success,0.17276845895685256,4096,1221864,"{""effective_cache_size"": ""2GB"", ""from_collapse_limit"": 1, ""hash_mem_multiplier"": ""1.94"", ""jit"": ""off"", ""join_collapse_limit"": 4, ""max_parallel_workers_per_gather"": 0, ""temp_buffers"": ""65MB"", ""temp_file_limit"": ""-1"", ""work_mem"": ""55MB""}",
0002f03d8800974fa0082d17c88c60c429f4c89b6ecc6e7e8ecb6eb579d86ed8,/home/timlittau/Documents/InferQ/analysis/finetuned_rdbms_162/qpy/0002f03d8800974fa0082d17c88c60c429f4c89b6ecc6e7e8ecb6eb579d86ed8.qpy,12,72,0.8962250929325819,25802,90,8,82,postgres,large_size,1,success,0.17323007993400097,4096,577660,"{""effective_cache_size"": ""2GB"", ""from_collapse_limit"": 1, ""hash_mem_multiplier"": ""1.94"", ""jit"": ""off"", ""join_collapse_limit"": 4, ""max_parallel_workers_per_gather"": 0, ""temp_buffers"": ""65MB"", ""temp_file_limit"": ""-1"", ""work_mem"": ""55MB""}",
000859b011a971cec40d9751ea0663cdb41e0df3d8e956d0d85536a1dd497b3f,/home/timlittau/Documents/InferQ/analysis/finetuned_rdbms_162/qpy/000859b011a971cec40d9751ea0663cdb41e0df3d8e956d0d85536a1dd497b3f.qpy,4,37,0.3421864442061633,12727,44,5,39,sqlite,small_size,0,success,0.0050455499440431595,16,5739,"{""automatic_index"": true, ""cache_mb"": 64, ""cache_spill"": false, ""db_path"": "":memory:"", ""journal_mode"": ""OFF"", ""locking_mode"": ""EXCLUSIVE"", ""mmap_mb"": 0, ""synchronous"": ""OFF"", ""temp_store"": ""FILE"", ""threads"": 1}",
000859b011a971cec40d9751ea0663cdb41e0df3d8e956d0d85536a1dd497b3f,/home/timlittau/Documents/InferQ/analysis/finetuned_rdbms_162/qpy/000859b011a971cec40d9751ea0663cdb41e0df3d8e956d0d85536a1dd497b3f.qpy,4,37,0.3421864442061633,12727,44,5,39,sqlite,small_size,1,success,0.003646890167146921,16,4131,"{""automatic_index"": true, ""cache_mb"": 64, ""cache_spill"": false, ""db_path"": "":memory:"", ""journal_mode"": ""OFF"", ""locking_mode"": ""EXCLUSIVE"", ""mmap_mb"": 0, ""synchronous"": ""OFF"", ""temp_store"": ""FILE"", ""threads"": 1}",
000859b011a971cec40d9751ea0663cdb41e0df3d8e956d0d85536a1dd497b3f,/home/timlittau/Documents/InferQ/analysis/finetuned_rdbms_162/qpy/000859b011a971cec40d9751ea0663cdb41e0df3d8e956d0d85536a1dd497b3f.qpy,4,37,0.3421864442061633,12727,44,5,39,duckdb,small_size,0,success,0.09439871413633227,16,17430,"{""max_temp_directory_size"": ""256GB"", ""memory_limit"": ""10780MB"", ""preserve_insertion_order"": false, ""temp_directory"": ""analysis/finetuned/rdbms162_all_engines_120s/tmp/small_size/duckdb"", ""threads"": 2}",
000859b011a971cec40d9751ea0663cdb41e0df3d8e956d0d85536a1dd497b3f,/home/timlittau/Documents/InferQ/analysis/finetuned_rdbms_162/qpy/000859b011a971cec40d9751ea0663cdb41e0df3d8e956d0d85536a1dd497b3f.qpy,4,37,0.3421864442061633,12727,44,5,39,duckdb,small_size,1,success,0.09614935703575611,16,17338,"{""max_temp_directory_size"": ""256GB"", ""memory_limit"": ""10780MB"", ""preserve_insertion_order"": false, ""temp_directory"": ""analysis/finetuned/rdbms162_all_engines_120s/tmp/small_size/duckdb"", ""threads"": 2}",
000859b011a971cec40d9751ea0663cdb41e0df3d8e956d0d85536a1dd497b3f,/home/timlittau/Documents/InferQ/analysis/finetuned_rdbms_162/qpy/000859b011a971cec40d9751ea0663cdb41e0df3d8e956d0d85536a1dd497b3f.qpy,4,37,0.3421864442061633,12727,44,5,39,postgres,small_size,0,success,0.009625849081203341,16,18048,"{""effective_cache_size"": ""8GB"", ""from_collapse_limit"": 1, ""hash_mem_multiplier"": ""2.0"", ""jit"": ""off"", ""join_collapse_limit"": 1, ""max_parallel_workers_per_gather"": 4, ""temp_buffers"": ""128MB"", ""temp_file_limit"": ""-1"", ""work_mem"": ""256MB""}",
000859b011a971cec40d9751ea0663cdb41e0df3d8e956d0d85536a1dd497b3f,/home/timlittau/Documents/InferQ/analysis/finetuned_rdbms_162/qpy/000859b011a971cec40d9751ea0663cdb41e0df3d8e956d0d85536a1dd497b3f.qpy,4,37,0.3421864442061633,12727,44,5,39,postgres,small_size,1,success,0.00859076390042901,16,17769,"{""effective_cache_size"": ""8GB"", ""from_collapse_limit"": 1, ""hash_mem_multiplier"": ""2.0"", ""jit"": ""off"", ""join_collapse_limit"": 1, ""max_parallel_workers_per_gather"": 4, ""temp_buffers"": ""128MB"", ""temp_file_limit"": ""-1"", ""work_mem"": ""256MB""}",
000c74623b1dde87feb64ff68d69e6625b126dfd9fd3070b1669d44fcff77e00,/home/timlittau/Documents/InferQ/analysis/finetuned_rdbms_162/qpy/000c74623b1dde87feb64ff68d69e6625b126dfd9fd3070b1669d44fcff77e00.qpy,10,13,0.13243323098868132,6356,25,4,21,sqlite,small_size,0,success,0.00255483016371727,32,8923,"{""automatic_index"": true, ""cache_mb"": 64, ""cache_spill"": false, ""db_path"": "":memory:"", ""journal_mode"": ""OFF"", ""locking_mode"": ""EXCLUSIVE"", ""mmap_mb"": 0, ""synchronous"": ""OFF"", ""temp_store"": ""FILE"", ""threads"": 1}",
000c74623b1dde87feb64ff68d69e6625b126dfd9fd3070b1669d44fcff77e00,/home/timlittau/Documents/InferQ/analysis/finetuned_rdbms_162/qpy/000c74623b1dde87feb64ff68d69e6625b126dfd9fd3070b1669d44fcff77e00.qpy,10,13,0.13243323098868132,6356,25,4,21,sqlite,small_size,1,success,0.0017281288746744394,32,4131,"{""automatic_index"": true, ""cache_mb"": 64, ""cache_spill"": false, ""db_path"": "":memory:"", ""journal_mode"": ""OFF"", ""locking_mode"": ""EXCLUSIVE"", ""mmap_mb"": 0, ""synchronous"": ""OFF"", ""temp_store"": ""FILE"", ""threads"": 1}",
000c74623b1dde87feb64ff68d69e6625b126dfd9fd3070b1669d44fcff77e00,/home/timlittau/Documents/InferQ/analysis/finetuned_rdbms_162/qpy/000c74623b1dde87feb64ff68d69e6625b126dfd9fd3070b1669d44fcff77e00.qpy,10,13,0.13243323098868132,6356,25,4,21,duckdb,small_size,0,success,0.013138493057340384,32,10971,"{""max_temp_directory_size"": ""256GB"", ""memory_limit"": ""10780MB"", ""preserve_insertion_order"": false, ""temp_directory"": ""analysis/finetuned/rdbms162_all_engines_120s/tmp/small_size/duckdb"", ""threads"": 2}",
000c74623b1dde87feb64ff68d69e6625b126dfd9fd3070b1669d44fcff77e00,/home/timlittau/Documents/InferQ/analysis/finetuned_rdbms_162/qpy/000c74623b1dde87feb64ff68d69e6625b126dfd9fd3070b1669d44fcff77e00.qpy,10,13,0.13243323098868132,6356,25,4,21,duckdb,small_size,1,success,0.013137506088241935,32,11108,"{""max_temp_directory_size"": ""256GB"", ""memory_limit"": ""10780MB"", ""preserve_insertion_order"": false, ""temp_directory"": ""analysis/finetuned/rdbms162_all_engines_120s/tmp/small_size/duckdb"", ""threads"": 2}",
000c74623b1dde87feb64ff68d69e6625b126dfd9fd3070b1669d44fcff77e00,/home/timlittau/Documents/InferQ/analysis/finetuned_rdbms_162/qpy/000c74623b1dde87feb64ff68d69e6625b126dfd9fd3070b1669d44fcff77e00.qpy,10,13,0.13243323098868132,6356,25,4,21,postgres,small_size,0,success,0.004046630812808871,32,12073,"{""effective_cache_size"": ""8GB"", ""from_collapse_limit"": 1, ""hash_mem_multiplier"": ""2.0"", ""jit"": ""off"", ""join_collapse_limit"": 1, ""max_parallel_workers_per_gather"": 4, ""temp_buffers"": ""128MB"", ""temp_file_limit"": ""-1"", ""work_mem"": ""256MB""}",
000c74623b1dde87feb64ff68d69e6625b126dfd9fd3070b1669d44fcff77e00,/home/timlittau/Documents/InferQ/analysis/finetuned_rdbms_162/qpy/000c74623b1dde87feb64ff68d69e6625b126dfd9fd3070b1669d44fcff77e00.qpy,10,13,0.13243323098868132,6356,25,4,21,postgres,small_size,1,success,0.003943158080801368,32,11905,"{""effective_cache_size"": ""8GB"", ""from_collapse_limit"": 1, ""hash_mem_multiplier"": ""2.0"", ""jit"": ""off"", ""join_collapse_limit"": 1, ""max_parallel_workers_per_gather"": 4, ""temp_buffers"": ""128MB"", ""temp_file_limit"": ""-1"", ""work_mem"": ""256MB""}",
000cff934cb3e2da10f6e6aed87cf30c4aab597619b0ff20097ade0330ce0d89,/home/timlittau/Documents/InferQ/analysis/finetuned_rdbms_162/qpy/000cff934cb3e2da10f6e6aed87cf30c4aab597619b0ff20097ade0330ce0d89.qpy,11,11,0.05916769080795348,5989,24,4,20,sqlite,large_size,0,success,0.0016347549390047789,1,4131,"{""automatic_index"": true, ""cache_mb"": 64, ""cache_spill"": false, ""db_path"": "":memory:"", ""journal_mode"": ""OFF"", ""locking_mode"": ""EXCLUSIVE"", ""mmap_mb"": 0, ""synchronous"": ""OFF"", ""temp_store"": ""FILE"", ""threads"": 1}",
000cff934cb3e2da10f6e6aed87cf30c4aab597619b0ff20097ade0330ce0d89,/home/timlittau/Documents/InferQ/analysis/finetuned_rdbms_162/qpy/000cff934cb3e2da10f6e6aed87cf30c4aab597619b0ff20097ade0330ce0d89.qpy,11,11,0.05916769080795348,5989,24,4,20,sqlite,large_size,1,success,0.0011618430726230145,1,4131,"{""automatic_index"": true, ""cache_mb"": 64, ""cache_spill"": false, ""db_path"": "":memory:"", ""journal_mode"": ""OFF"", ""locking_mode"": ""EXCLUSIVE"", ""mmap_mb"": 0, ""synchronous"": ""OFF"", ""temp_store"": ""FILE"", ""threads"": 1}",
000cff934cb3e2da10f6e6aed87cf30c4aab597619b0ff20097ade0330ce0d89,/home/timlittau/Documents/InferQ/analysis/finetuned_rdbms_162/qpy/000cff934cb3e2da10f6e6aed87cf30c4aab597619b0ff20097ade0330ce0d89.qpy,11,11,0.05916769080795348,5989,24,4,20,duckdb,large_size,0,success,0.009700310183688998,1,10473,"{""max_temp_directory_size"": ""128GB"", ""memory_limit"": ""7409MB"", ""preserve_insertion_order"": true, ""temp_directory"": ""analysis/finetuned/rdbms162_all_engines_120s/tmp/large_size/duckdb"", ""threads"": 1}",
000cff934cb3e2da10f6e6aed87cf30c4aab597619b0ff20097ade0330ce0d89,/home/timlittau/Documents/InferQ/analysis/finetuned_rdbms_162/qpy/000cff934cb3e2da10f6e6aed87cf30c4aab597619b0ff20097ade0330ce0d89.qpy,11,11,0.05916769080795348,5989,24,4,20,duckdb,large_size,1,success,0.009743154980242252,1,10417,"{""max_temp_directory_size"": ""128GB"", ""memory_limit"": ""7409MB"", ""preserve_insertion_order"": true, ""temp_directory"": ""analysis/finetuned/rdbms162_all_engines_120s/tmp/large_size/duckdb"", ""threads"": 1}",
000cff934cb3e2da10f6e6aed87cf30c4aab597619b0ff20097ade0330ce0d89,/home/timlittau/Documents/InferQ/analysis/finetuned_rdbms_162/qpy/000cff934cb3e2da10f6e6aed87cf30c4aab597619b0ff20097ade0330ce0d89.qpy,11,11,0.05916769080795348,5989,24,4,20,postgres,large_size,0,success,0.002944628009572625,1,11521,"{""effective_cache_size"": ""2GB"", ""from_collapse_limit"": 1, ""hash_mem_multiplier"": ""1.94"", ""jit"": ""off"", ""join_collapse_limit"": 4, ""max_parallel_workers_per_gather"": 0, ""temp_buffers"": ""65MB"", ""temp_file_limit"": ""-1"", ""work_mem"": ""55MB""}",
000cff934cb3e2da10f6e6aed87cf30c4aab597619b0ff20097ade0330ce0d89,/home/timlittau/Documents/InferQ/analysis/finetuned_rdbms_162/qpy/000cff934cb3e2da10f6e6aed87cf30c4aab597619b0ff20097ade0330ce0d89.qpy,11,11,0.05916769080795348,5989,24,4,20,postgres,large_size,1,success,0.00290479208342731,1,11369,"{""effective_cache_size"": ""2GB"", ""from_collapse_limit"": 1, ""hash_mem_multiplier"": ""1.94"", ""jit"": ""off"", ""join_collapse_limit"": 4, ""max_parallel_workers_per_gather"": 0, ""temp_buffers"": ""65MB"", ""temp_file_limit"": ""-1"", ""work_mem"": ""55MB""}",
000dd14e82c044be2a132faa2837244683336a3ba01c3cad25f96c25280686c3,/home/timlittau/Documents/InferQ/analysis/finetuned_rdbms_162/qpy/000dd14e82c044be2a132faa2837244683336a3ba01c3cad25f96c25280686c3.qpy,10,67,0.755047035170719,23289,80,5,75,sqlite,large_size,0,success,0.03924379008822143,1024,192965,"{""automatic_index"": true, ""cache_mb"": 64, ""cache_spill"": false, ""db_path"": "":memory:"", ""journal_mode"": ""OFF"", ""locking_mode"": ""EXCLUSIVE"", ""mmap_mb"": 0, ""synchronous"": ""OFF"", ""temp_store"": ""FILE"", ""threads"": 1}",
000dd14e82c044be2a132faa2837244683336a3ba01c3cad25f96c25280686c3,/home/timlittau/Documents/InferQ/analysis/finetuned_rdbms_162/qpy/000dd14e82c044be2a132faa2837244683336a3ba01c3cad25f96c25280686c3.qpy,10,67,0.755047035170719,23289,80,5,75,sqlite,large_size,1,success,0.03538248594850302,1024,59245,"{""automatic_index"": true, ""cache_mb"": 64, ""cache_spill"": false, ""db_path"": "":memory:"", ""journal_mode"": ""OFF"", ""locking_mode"": ""EXCLUSIVE"", ""mmap_mb"": 0, ""synchronous"": ""OFF"", ""temp_store"": ""FILE"", ""threads"": 1}",
000dd14e82c044be2a132faa2837244683336a3ba01c3cad25f96c25280686c3,/home/timlittau/Documents/InferQ/analysis/finetuned_rdbms_162/qpy/000dd14e82c044be2a132faa2837244683336a3ba01c3cad25f96c25280686c3.qpy,10,67,0.755047035170719,23289,80,5,75,duckdb,large_size,0,success,0.3005760519299656,1024,59931,"{""max_temp_directory_size"": ""128GB"", ""memory_limit"": ""7409MB"", ""preserve_insertion_order"": true, ""temp_directory"": ""analysis/finetuned/rdbms162_all_engines_120s/tmp/large_size/duckdb"", ""threads"": 1}",
000dd14e82c044be2a132faa2837244683336a3ba01c3cad25f96c25280686c3,/home/timlittau/Documents/InferQ/analysis/finetuned_rdbms_162/qpy/000dd14e82c044be2a132faa2837244683336a3ba01c3cad25f96c25280686c3.qpy,10,67,0.755047035170719,23289,80,5,75,duckdb,large_size,1,success,0.30070511205121875,1024,59453,"{""max_temp_directory_size"": ""128GB"", ""memory_limit"": ""7409MB"", ""preserve_insertion_order"": true, ""temp_directory"": ""analysis/finetuned/rdbms162_all_engines_120s/tmp/large_size/duckdb"", ""threads"": 1}",
000dd14e82c044be2a132faa2837244683336a3ba01c3cad25f96c25280686c3,/home/timlittau/Documents/InferQ/analysis/finetuned_rdbms_162/qpy/000dd14e82c044be2a132faa2837244683336a3ba01c3cad25f96c25280686c3.qpy,10,67,0.755047035170719,23289,80,5,75,postgres,large_size,0,success,0.13605237915180624,1024,83590,"{""effective_cache_size"": ""2GB"", ""from_collapse_limit"": 1, ""hash_mem_multiplier"": ""1.94"", ""jit"": ""off"", ""join_collapse_limit"": 4, ""max_parallel_workers_per_gather"": 0, ""temp_buffers"": ""65MB"", ""temp_file_limit"": ""-1"", ""work_mem"": ""55MB""}",
000dd14e82c044be2a132faa2837244683336a3ba01c3cad25f96c25280686c3,/home/timlittau/Documents/InferQ/analysis/finetuned_rdbms_162/qpy/000dd14e82c044be2a132faa2837244683336a3ba01c3cad25f96c25280686c3.qpy,10,67,0.755047035170719,23289,80,5,75,postgres,large_size,1,success,0.13950874703004956,1024,83557,"{""effective_cache_size"": ""2GB"", ""from_collapse_limit"": 1, ""hash_mem_multiplier"": ""1.94"", ""jit"": ""off"", ""join_collapse_limit"": 4, ""max_parallel_workers_per_gather"": 0, ""temp_buffers"": ""65MB"", ""temp_file_limit"": ""-1"", ""work_mem"": ""55MB""}",
00100b4430ca54efbc592eaeb6abbf1d19f7012742041e24e8072be2d03db4cb,/home/timlittau/Documents/InferQ/analysis/finetuned_rdbms_162/qpy/00100b4430ca54efbc592eaeb6abbf1d19f7012742041e24e8072be2d03db4cb.qpy,7,118,1.3628844018094242,38524,128,5,123,sqlite,small_size,0,success,0.02209423715248704,128,22625,"{""automatic_index"": true, ""cache_mb"": 64, ""cache_spill"": false, ""db_path"": "":memory:"", ""journal_mode"": ""OFF"", ""locking_mode"": ""EXCLUSIVE"", ""mmap_mb"": 0, ""synchronous"": ""OFF"", ""temp_store"": ""FILE"", ""threads"": 1}",
00100b4430ca54efbc592eaeb6abbf1d19f7012742041e24e8072be2d03db4cb,/home/timlittau/Documents/InferQ/analysis/finetuned_rdbms_162/qpy/00100b4430ca54efbc592eaeb6abbf1d19f7012742041e24e8072be2d03db4cb.qpy,7,118,1.3628844018094242,38524,128,5,123,sqlite,small_size,1,success,0.017255830112844706,128,8401,"{""automatic_index"": true, ""cache_mb"": 64, ""cache_spill"": false, ""db_path"": "":memory:"", ""journal_mode"": ""OFF"", ""locking_mode"": ""EXCLUSIVE"", ""mmap_mb"": 0, ""synchronous"": ""OFF"", ""temp_store"": ""FILE"", ""threads"": 1}",
00100b4430ca54efbc592eaeb6abbf1d19f7012742041e24e8072be2d03db4cb,/home/timlittau/Documents/InferQ/analysis/finetuned_rdbms_162/qpy/00100b4430ca54efbc592eaeb6abbf1d19f7012742041e24e8072be2d03db4cb.qpy,7,118,1.3628844018094242,38524,128,5,123,duckdb,small_size,0,timeout,120.00765570509247,0,42908,"{""max_temp_directory_size"": ""256GB"", ""memory_limit"": ""10780MB"", ""preserve_insertion_order"": false, ""temp_directory"": ""analysis/finetuned/rdbms162_all_engines_120s/tmp/small_size/duckdb"", ""threads"": 2}",duckdb timed out after 120s
00100b4430ca54efbc592eaeb6abbf1d19f7012742041e24e8072be2d03db4cb,/home/timlittau/Documents/InferQ/analysis/finetuned_rdbms_162/qpy/00100b4430ca54efbc592eaeb6abbf1d19f7012742041e24e8072be2d03db4cb.qpy,7,118,1.3628844018094242,38524,128,5,123,duckdb,small_size,1,timeout,120.0108840900939,0,43028,"{""max_temp_directory_size"": ""256GB"", ""memory_limit"": ""10780MB"", ""preserve_insertion_order"": false, ""temp_directory"": ""analysis/finetuned/rdbms162_all_engines_120s/tmp/small_size/duckdb"", ""threads"": 2}",duckdb timed out after 120s
00100b4430ca54efbc592eaeb6abbf1d19f7012742041e24e8072be2d03db4cb,/home/timlittau/Documents/InferQ/analysis/finetuned_rdbms_162/qpy/00100b4430ca54efbc592eaeb6abbf1d19f7012742041e24e8072be2d03db4cb.qpy,7,118,1.3628844018094242,38524,128,5,123,postgres,small_size,0,success,0.058131291065365076,128,48495,"{""effective_cache_size"": ""8GB"", ""from_collapse_limit"": 1, ""hash_mem_multiplier"": ""2.0"", ""jit"": ""off"", ""join_collapse_limit"": 1, ""max_parallel_workers_per_gather"": 4, ""temp_buffers"": ""128MB"", ""temp_file_limit"": ""-1"", ""work_mem"": ""256MB""}",
00100b4430ca54efbc592eaeb6abbf1d19f7012742041e24e8072be2d03db4cb,/home/timlittau/Documents/InferQ/analysis/finetuned_rdbms_162/qpy/00100b4430ca54efbc592eaeb6abbf1d19f7012742041e24e8072be2d03db4cb.qpy,7,118,1.3628844018094242,38524,128,5,123,postgres,small_size,1,success,0.05645621079020202,128,48223,"{""effective_cache_size"": ""8GB"", ""from_collapse_limit"": 1, ""hash_mem_multiplier"": ""2.0"", ""jit"": ""off"", ""join_collapse_limit"": 1, ""max_parallel_workers_per_gather"": 4, ""temp_buffers"": ""128MB"", ""temp_file_limit"": ""-1"", ""work_mem"": ""256MB""}",
001017a6a10b03e39c96abbf7190c277c04b1cc83fb7a8078a7b56bbe84d0806,/home/timlittau/Documents/InferQ/analysis/finetuned_rdbms_162/qpy/001017a6a10b03e39c96abbf7190c277c04b1cc83fb7a8078a7b56bbe84d0806.qpy,15,70,1.1634720391593874,25373,88,5,83,sqlite,large_size,0,success,0.26122567104175687,32768,3807969,"{""automatic_index"": true, ""cache_mb"": 64, ""cache_spill"": false, ""db_path"": "":memory:"", ""journal_mode"": ""OFF"", ""locking_mode"": ""EXCLUSIVE"", ""mmap_mb"": 0, ""synchronous"": ""OFF"", ""temp_store"": ""FILE"", ""threads"": 1}",
001017a6a10b03e39c96abbf7190c277c04b1cc83fb7a8078a7b56bbe84d0806,/home/timlittau/Documents/InferQ/analysis/finetuned_rdbms_162/qpy/001017a6a10b03e39c96abbf7190c277c04b1cc83fb7a8078a7b56bbe84d0806.qpy,15,70,1.1634720391593874,25373,88,5,83,sqlite,large_size,1,success,0.25140869198367,32768,3807969,"{""automatic_index"": true, ""cache_mb"": 64, ""cache_spill"": false, ""db_path"": "":memory:"", ""journal_mode"": ""OFF"", ""locking_mode"": ""EXCLUSIVE"", ""mmap_mb"": 0, ""synchronous"": ""OFF"", ""temp_store"": ""FILE"", ""threads"": 1}",
001017a6a10b03e39c96abbf7190c277c04b1cc83fb7a8078a7b56bbe84d0806,/home/timlittau/Documents/InferQ/analysis/finetuned_rdbms_162/qpy/001017a6a10b03e39c96abbf7190c277c04b1cc83fb7a8078a7b56bbe84d0806.qpy,15,70,1.1634720391593874,25373,88,5,83,duckdb,large_size,0,success,1.9142683551181108,32768,3808785,"{""max_temp_directory_size"": ""128GB"", ""memory_limit"": ""7409MB"", ""preserve_insertion_order"": true, ""temp_directory"": ""analysis/finetuned/rdbms162_all_engines_120s/tmp/large_size/duckdb"", ""threads"": 1}",
001017a6a10b03e39c96abbf7190c277c04b1cc83fb7a8078a7b56bbe84d0806,/home/timlittau/Documents/InferQ/analysis/finetuned_rdbms_162/qpy/001017a6a10b03e39c96abbf7190c277c04b1cc83fb7a8078a7b56bbe84d0806.qpy,15,70,1.1634720391593874,25373,88,5,83,duckdb,large_size,1,success,1.917072830023244,32768,3808819,"{""max_temp_directory_size"": ""128GB"", ""memory_limit"": ""7409MB"", ""preserve_insertion_order"": true, ""temp_directory"": ""analysis/finetuned/rdbms162_all_engines_120s/tmp/large_size/duckdb"", ""threads"": 1}",
001017a6a10b03e39c96abbf7190c277c04b1cc83fb7a8078a7b56bbe84d0806,/home/timlittau/Documents/InferQ/analysis/finetuned_rdbms_162/qpy/001017a6a10b03e39c96abbf7190c277c04b1cc83fb7a8078a7b56bbe84d0806.qpy,15,70,1.1634720391593874,25373,88,5,83,postgres,large_size,0,success,0.7513359100557864,32768,3832067,"{""effective_cache_size"": ""2GB"", ""from_collapse_limit"": 1, ""hash_mem_multiplier"": ""1.94"", ""jit"": ""off"", ""join_collapse_limit"": 4, ""max_parallel_workers_per_gather"": 0, ""temp_buffers"": ""65MB"", ""temp_file_limit"": ""-1"", ""work_mem"": ""55MB""}",
001017a6a10b03e39c96abbf7190c277c04b1cc83fb7a8078a7b56bbe84d0806,/home/timlittau/Documents/InferQ/analysis/finetuned_rdbms_162/qpy/001017a6a10b03e39c96abbf7190c277c04b1cc83fb7a8078a7b56bbe84d0806.qpy,15,70,1.1634720391593874,25373,88,5,83,postgres,large_size,1,success,0.7497919050510973,32768,3832227,"{""effective_cache_size"": ""2GB"", ""from_collapse_limit"": 1, ""hash_mem_multiplier"": ""1.94"", ""jit"": ""off"", ""join_collapse_limit"": 4, ""max_parallel_workers_per_gather"": 0, ""temp_buffers"": ""65MB"", ""temp_file_limit"": ""-1"", ""work_mem"": ""55MB""}",
00107fe9f0ea025bfd391064f72e89503d1e11edd5a1e4c6dcc9d7f61a6c4c82,/home/timlittau/Documents/InferQ/analysis/finetuned_rdbms_162/qpy/00107fe9f0ea025bfd391064f72e89503d1e11edd5a1e4c6dcc9d7f61a6c4c82.qpy,6,16,0.13882457511499524,6694,25,5,20,sqlite,small_size,0,success,0.0029395970050245523,64,9931,"{""automatic_index"": true, ""cache_mb"": 64, ""cache_spill"": false, ""db_path"": "":memory:"", ""journal_mode"": ""OFF"", ""locking_mode"": ""EXCLUSIVE"", ""mmap_mb"": 0, ""synchronous"": ""OFF"", ""temp_store"": ""FILE"", ""threads"": 1}",
00107fe9f0ea025bfd391064f72e89503d1e11edd5a1e4c6dcc9d7f61a6c4c82,/home/timlittau/Documents/InferQ/analysis/finetuned_rdbms_162/qpy/00107fe9f0ea025bfd391064f72e89503d1e11edd5a1e4c6dcc9d7f61a6c4c82.qpy,6,16,0.13882457511499524,6694,25,5,20,sqlite,small_size,1,success,0.0020095380023121834,64,4875,"{""automatic_index"": true, ""cache_mb"": 64, ""cache_spill"": false, ""db_path"": "":memory:"", ""journal_mode"": ""OFF"", ""locking_mode"": ""EXCLUSIVE"", ""mmap_mb"": 0, ""synchronous"": ""OFF"", ""temp_store"": ""FILE"", ""threads"": 1}",
00107fe9f0ea025bfd391064f72e89503d1e11edd5a1e4c6dcc9d7f61a6c4c82,/home/timlittau/Documents/InferQ/analysis/finetuned_rdbms_162/qpy/00107fe9f0ea025bfd391064f72e89503d1e11edd5a1e4c6dcc9d7f61a6c4c82.qpy,6,16,0.13882457511499524,6694,25,5,20,duckdb,small_size,0,success,0.013441273011267185,64,11136,"{""max_temp_directory_size"": ""256GB"", ""memory_limit"": ""10780MB"", ""preserve_insertion_order"": false, ""temp_directory"": ""analysis/finetuned/rdbms162_all_engines_120s/tmp/small_size/duckdb"", ""threads"": 2}",
00107fe9f0ea025bfd391064f72e89503d1e11edd5a1e4c6dcc9d7f61a6c4c82,/home/timlittau/Documents/InferQ/analysis/finetuned_rdbms_162/qpy/00107fe9f0ea025bfd391064f72e89503d1e11edd5a1e4c6dcc9d7f61a6c4c82.qpy,6,16,0.13882457511499524,6694,25,5,20,duckdb,small_size,1,success,0.015883582876995206,64,11052,"{""max_temp_directory_size"": ""256GB"", ""memory_limit"": ""10780MB"", ""preserve_insertion_order"": false, ""temp_directory"": ""analysis/finetuned/rdbms162_all_engines_120s/tmp/small_size/duckdb"", ""threads"": 2}",
00107fe9f0ea025bfd391064f72e89503d1e11edd5a1e4c6dcc9d7f61a6c4c82,/home/timlittau/Documents/InferQ/analysis/finetuned_rdbms_162/qpy/00107fe9f0ea025bfd391064f72e89503d1e11edd5a1e4c6dcc9d7f61a6c4c82.qpy,6,16,0.13882457511499524,6694,25,5,20,postgres,small_size,0,success,0.004211983876302838,64,12826,"{""effective_cache_size"": ""8GB"", ""from_collapse_limit"": 1, ""hash_mem_multiplier"": ""2.0"", ""jit"": ""off"", ""join_collapse_limit"": 1, ""max_parallel_workers_per_gather"": 4, ""temp_buffers"": ""128MB"", ""temp_file_limit"": ""-1"", ""work_mem"": ""256MB""}",
00107fe9f0ea025bfd391064f72e89503d1e11edd5a1e4c6dcc9d7f61a6c4c82,/home/timlittau/Documents/InferQ/analysis/finetuned_rdbms_162/qpy/00107fe9f0ea025bfd391064f72e89503d1e11edd5a1e4c6dcc9d7f61a6c4c82.qpy,6,16,0.13882457511499524,6694,25,5,20,postgres,small_size,1,success,0.004206873010843992,64,12722,"{""effective_cache_size"": ""8GB"", ""from_collapse_limit"": 1, ""hash_mem_multiplier"": ""2.0"", ""jit"": ""off"", ""join_collapse_limit"": 1, ""max_parallel_workers_per_gather"": 4, ""temp_buffers"": ""128MB"", ""temp_file_limit"": ""-1"", ""work_mem"": ""256MB""}",
001489773282c79e4f60ee635e7671a50f87ed7c4dc151bc69eab9439f179803,/home/timlittau/Documents/InferQ/analysis/finetuned_rdbms_162/qpy/001489773282c79e4f60ee635e7671a50f87ed7c4dc151bc69eab9439f179803.qpy,8,64,0.6938283250201494,20592,75,5,70,sqlite,large_size,0,success,0.009782890090718865,32,7971,"{""automatic_index"": true, ""cache_mb"": 64, ""cache_spill"": false, ""db_path"": "":memory:"", ""journal_mode"": ""OFF"", ""locking_mode"": ""EXCLUSIVE"", ""mmap_mb"": 0, ""synchronous"": ""OFF"", ""temp_store"": ""FILE"", ""threads"": 1}",
001489773282c79e4f60ee635e7671a50f87ed7c4dc151bc69eab9439f179803,/home/timlittau/Documents/InferQ/analysis/finetuned_rdbms_162/qpy/001489773282c79e4f60ee635e7671a50f87ed7c4dc151bc69eab9439f179803.qpy,8,64,0.6938283250201494,20592,75,5,70,sqlite,large_size,1,success,0.006936319870874286,32,4131,"{""automatic_index"": true, ""cache_mb"": 64, ""cache_spill"": false, ""db_path"": "":memory:"", ""journal_mode"": ""OFF"", ""locking_mode"": ""EXCLUSIVE"", ""mmap_mb"": 0, ""synchronous"": ""OFF"", ""temp_store"": ""FILE"", ""threads"": 1}",
001489773282c79e4f60ee635e7671a50f87ed7c4dc151bc69eab9439f179803,/home/timlittau/Documents/InferQ/analysis/finetuned_rdbms_162/qpy/001489773282c79e4f60ee635e7671a50f87ed7c4dc151bc69eab9439f179803.qpy,8,64,0.6938283250201494,20592,75,5,70,duckdb,large_size,0,timeout,120.00683625997044,0,24820,"{""max_temp_directory_size"": ""128GB"", ""memory_limit"": ""7409MB"", ""preserve_insertion_order"": true, ""temp_directory"": ""analysis/finetuned/rdbms162_all_engines_120s/tmp/large_size/duckdb"", ""threads"": 1}",duckdb timed out after 120s
001489773282c79e4f60ee635e7671a50f87ed7c4dc151bc69eab9439f179803,/home/timlittau/Documents/InferQ/analysis/finetuned_rdbms_162/qpy/001489773282c79e4f60ee635e7671a50f87ed7c4dc151bc69eab9439f179803.qpy,8,64,0.6938283250201494,20592,75,5,70,duckdb,large_size,1,timeout,120.00946301105432,0,24878,"{""max_temp_directory_size"": ""128GB"", ""memory_limit"": ""7409MB"", ""preserve_insertion_order"": true, ""temp_directory"": ""analysis/finetuned/rdbms162_all_engines_120s/tmp/large_size/duckdb"", ""threads"": 1}",duckdb timed out after 120s
001489773282c79e4f60ee635e7671a50f87ed7c4dc151bc69eab9439f179803,/home/timlittau/Documents/InferQ/analysis/finetuned_rdbms_162/qpy/001489773282c79e4f60ee635e7671a50f87ed7c4dc151bc69eab9439f179803.qpy,8,64,0.6938283250201494,20592,75,5,70,postgres,large_size,0,success,0.023487521102651954,32,26099,"{""effective_cache_size"": ""2GB"", ""from_collapse_limit"": 1, ""hash_mem_multiplier"": ""1.94"", ""jit"": ""off"", ""join_collapse_limit"": 4, ""max_parallel_workers_per_gather"": 0, ""temp_buffers"": ""65MB"", ""temp_file_limit"": ""-1"", ""work_mem"": ""55MB""}",
001489773282c79e4f60ee635e7671a50f87ed7c4dc151bc69eab9439f179803,/home/timlittau/Documents/InferQ/analysis/finetuned_rdbms_162/qpy/001489773282c79e4f60ee635e7671a50f87ed7c4dc151bc69eab9439f179803.qpy,8,64,0.6938283250201494,20592,75,5,70,postgres,large_size,1,success,0.023170579923316836,32,25819,"{""effective_cache_size"": ""2GB"", ""from_collapse_limit"": 1, ""hash_mem_multiplier"": ""1.94"", ""jit"": ""off"", ""join_collapse_limit"": 4, ""max_parallel_workers_per_gather"": 0, ""temp_buffers"": ""65MB"", ""temp_file_limit"": ""-1"", ""work_mem"": ""55MB""}",
001642dd034fdcdb145e218efddedcf91b427d8e39b642649b9ade2248c01a44,/home/timlittau/Documents/InferQ/analysis/finetuned_rdbms_162/qpy/001642dd034fdcdb145e218efddedcf91b427d8e39b642649b9ade2248c01a44.qpy,12,41,0.5763552400749177,15032,54,3,51,sqlite,large_size,0,success,0.03416174906305969,4096,549637,"{""automatic_index"": true, ""cache_mb"": 64, ""cache_spill"": false, ""db_path"": "":memory:"", ""journal_mode"": ""OFF"", ""locking_mode"": ""EXCLUSIVE"", ""mmap_mb"": 0, ""synchronous"": ""OFF"", ""temp_store"": ""FILE"", ""threads"": 1}",
001642dd034fdcdb145e218efddedcf91b427d8e39b642649b9ade2248c01a44,/home/timlittau/Documents/InferQ/analysis/finetuned_rdbms_162/qpy/001642dd034fdcdb145e218efddedcf91b427d8e39b642649b9ade2248c01a44.qpy,12,41,0.5763552400749177,15032,54,3,51,sqlite,large_size,1,success,0.0321314069442451,4096,549637,"{""automatic_index"": true, ""cache_mb"": 64, ""cache_spill"": false, ""db_path"": "":memory:"", ""journal_mode"": ""OFF"", ""locking_mode"": ""EXCLUSIVE"", ""mmap_mb"": 0, ""synchronous"": ""OFF"", ""temp_store"": ""FILE"", ""threads"": 1}",
001642dd034fdcdb145e218efddedcf91b427d8e39b642649b9ade2248c01a44,/home/timlittau/Documents/InferQ/analysis/finetuned_rdbms_162/qpy/001642dd034fdcdb145e218efddedcf91b427d8e39b642649b9ade2248c01a44.qpy,12,41,0.5763552400749177,15032,54,3,51,duckdb,large_size,0,success,0.45512283011339605,4096,550291,"{""max_temp_directory_size"": ""128GB"", ""memory_limit"": ""7409MB"", ""preserve_insertion_order"": true, ""temp_directory"": ""analysis/finetuned/rdbms162_all_engines_120s/tmp/large_size/duckdb"", ""threads"": 1}",
001642dd034fdcdb145e218efddedcf91b427d8e39b642649b9ade2248c01a44,/home/timlittau/Documents/InferQ/analysis/finetuned_rdbms_162/qpy/001642dd034fdcdb145e218efddedcf91b427d8e39b642649b9ade2248c01a44.qpy,12,41,0.5763552400749177,15032,54,3,51,duckdb,large_size,1,success,0.4553004908375442,4096,550069,"{""max_temp_directory_size"": ""128GB"", ""memory_limit"": ""7409MB"", ""preserve_insertion_order"": true, ""temp_directory"": ""analysis/finetuned/rdbms162_all_engines_120s/tmp/large_size/duckdb"", ""threads"": 1}",
001642dd034fdcdb145e218efddedcf91b427d8e39b642649b9ade2248c01a44,/home/timlittau/Documents/InferQ/analysis/finetuned_rdbms_162/qpy/001642dd034fdcdb145e218efddedcf91b427d8e39b642649b9ade2248c01a44.qpy,12,41,0.5763552400749177,15032,54,3,51,postgres,large_size,0,success,0.046432218980044127,4096,566275,"{""effective_cache_size"": ""2GB"", ""from_collapse_limit"": 1, ""hash_mem_multiplier"": ""1.94"", ""jit"": ""off"", ""join_collapse_limit"": 4, ""max_parallel_workers_per_gather"": 0, ""temp_buffers"": ""65MB"", ""temp_file_limit"": ""-1"", ""work_mem"": ""55MB""}",
001642dd034fdcdb145e218efddedcf91b427d8e39b642649b9ade2248c01a44,/home/timlittau/Documents/InferQ/analysis/finetuned_rdbms_162/qpy/001642dd034fdcdb145e218efddedcf91b427d8e39b642649b9ade2248c01a44.qpy,12,41,0.5763552400749177,15032,54,3,51,postgres,large_size,1,success,0.04622557386755943,4096,566435,"{""effective_cache_size"": ""2GB"", ""from_collapse_limit"": 1, ""hash_mem_multiplier"": ""1.94"", ""jit"": ""off"", ""join_collapse_limit"": 4, ""max_parallel_workers_per_gather"": 0, ""temp_buffers"": ""65MB"", ""temp_file_limit"": ""-1"", ""work_mem"": ""55MB""}",
0019664d2e63114681e2254d1344dfea89a73d35a871303714956fdd9c88c8f6,/home/timlittau/Documents/InferQ/analysis/finetuned_rdbms_162/qpy/0019664d2e63114681e2254d1344dfea89a73d35a871303714956fdd9c88c8f6.qpy,10,87,1.1062389849685133,29643,100,5,95,sqlite,small_size,0,success,0.04837710107676685,512,30029,"{""automatic_index"": true, ""cache_mb"": 64, ""cache_spill"": false, ""db_path"": "":memory:"", ""journal_mode"": ""OFF"", ""locking_mode"": ""EXCLUSIVE"", ""mmap_mb"": 0, ""synchronous"": ""OFF"", ""temp_store"": ""FILE"", ""threads"": 1}",
0019664d2e63114681e2254d1344dfea89a73d35a871303714956fdd9c88c8f6,/home/timlittau/Documents/InferQ/analysis/finetuned_rdbms_162/qpy/0019664d2e63114681e2254d1344dfea89a73d35a871303714956fdd9c88c8f6.qpy,10,87,1.1062389849685133,29643,100,5,95,sqlite,small_size,1,success,0.042996929958462715,512,30029,"{""automatic_index"": true, ""cache_mb"": 64, ""cache_spill"": false, ""db_path"": "":memory:"", ""journal_mode"": ""OFF"", ""locking_mode"": ""EXCLUSIVE"", ""mmap_mb"": 0, ""synchronous"": ""OFF"", ""temp_store"": ""FILE"", ""threads"": 1}",
0019664d2e63114681e2254d1344dfea89a73d35a871303714956fdd9c88c8f6,/home/timlittau/Documents/InferQ/analysis/finetuned_rdbms_162/qpy/0019664d2e63114681e2254d1344dfea89a73d35a871303714956fdd9c88c8f6.qpy,10,87,1.1062389849685133,29643,100,5,95,duckdb,small_size,0,success,27.12098677805625,512,34101,"{""max_temp_directory_size"": ""256GB"", ""memory_limit"": ""10780MB"", ""preserve_insertion_order"": false, ""temp_directory"": ""analysis/finetuned/rdbms162_all_engines_120s/tmp/small_size/duckdb"", ""threads"": 2}",
0019664d2e63114681e2254d1344dfea89a73d35a871303714956fdd9c88c8f6,/home/timlittau/Documents/InferQ/analysis/finetuned_rdbms_162/qpy/0019664d2e63114681e2254d1344dfea89a73d35a871303714956fdd9c88c8f6.qpy,10,87,1.1062389849685133,29643,100,5,95,duckdb,small_size,1,success,27.05568301305175,512,33837,"{""max_temp_directory_size"": ""256GB"", ""memory_limit"": ""10780MB"", ""preserve_insertion_order"": false, ""temp_directory"": ""analysis/finetuned/rdbms162_all_engines_120s/tmp/small_size/duckdb"", ""threads"": 2}",
0019664d2e63114681e2254d1344dfea89a73d35a871303714956fdd9c88c8f6,/home/timlittau/Documents/InferQ/analysis/finetuned_rdbms_162/qpy/0019664d2e63114681e2254d1344dfea89a73d35a871303714956fdd9c88c8f6.qpy,10,87,1.1062389849685133,29643,100,5,95,postgres,small_size,0,success,0.20548946596682072,512,61109,"{""effective_cache_size"": ""8GB"", ""from_collapse_limit"": 1, ""hash_mem_multiplier"": ""2.0"", ""jit"": ""off"", ""join_collapse_limit"": 1, ""max_parallel_workers_per_gather"": 4, ""temp_buffers"": ""128MB"", ""temp_file_limit"": ""-1"", ""work_mem"": ""256MB""}",
0019664d2e63114681e2254d1344dfea89a73d35a871303714956fdd9c88c8f6,/home/timlittau/Documents/InferQ/analysis/finetuned_rdbms_162/qpy/0019664d2e63114681e2254d1344dfea89a73d35a871303714956fdd9c88c8f6.qpy,10,87,1.1062389849685133,29643,100,5,95,postgres,small_size,1,success,0.20182410115376115,512,61109,"{""effective_cache_size"": ""8GB"", ""from_collapse_limit"": 1, ""hash_mem_multiplier"": ""2.0"", ""jit"": ""off"", ""join_collapse_limit"": 1, ""max_parallel_workers_per_gather"": 4, ""temp_buffers"": ""128MB"", ""temp_file_limit"": ""-1"", ""work_mem"": ""256MB""}",
001b8d0524a637ee3105337ea65167c232d2e568358a4372b833e12afc0ee32f,/home/timlittau/Documents/InferQ/analysis/finetuned_rdbms_162/qpy/001b8d0524a637ee3105337ea65167c232d2e568358a4372b833e12afc0ee32f.qpy,10,86,1.064455274026841,29476,99,5,94,sqlite,small_size,0,success,0.08670622296631336,1024,59245,"{""automatic_index"": true, ""cache_mb"": 64, ""cache_spill"": false, ""db_path"": "":memory:"", ""journal_mode"": ""OFF"", ""locking_mode"": ""EXCLUSIVE"", ""mmap_mb"": 0, ""synchronous"": ""OFF"", ""temp_store"": ""FILE"", ""threads"": 1}",
001b8d0524a637ee3105337ea65167c232d2e568358a4372b833e12afc0ee32f,/home/timlittau/Documents/InferQ/analysis/finetuned_rdbms_162/qpy/001b8d0524a637ee3105337ea65167c232d2e568358a4372b833e12afc0ee32f.qpy,10,86,1.064455274026841,29476,99,5,94,sqlite,small_size,1,success,0.0802064398303628,1024,59245,"{""automatic_index"": true, ""cache_mb"": 64, ""cache_spill"": false, ""db_path"": "":memory:"", ""journal_mode"": ""OFF"", ""locking_mode"": ""EXCLUSIVE"", ""mmap_mb"": 0, ""synchronous"": ""OFF"", ""temp_store"": ""FILE"", ""threads"": 1}",
001b8d0524a637ee3105337ea65167c232d2e568358a4372b833e12afc0ee32f,/home/timlittau/Documents/InferQ/analysis/finetuned_rdbms_162/qpy/001b8d0524a637ee3105337ea65167c232d2e568358a4372b833e12afc0ee32f.qpy,10,86,1.064455274026841,29476,99,5,94,duckdb,small_size,0,success,2.336248768027872,1024,60207,"{""max_temp_directory_size"": ""256GB"", ""memory_limit"": ""10780MB"", ""preserve_insertion_order"": false, ""temp_directory"": ""analysis/finetuned/rdbms162_all_engines_120s/tmp/small_size/duckdb"", ""threads"": 2}",
001b8d0524a637ee3105337ea65167c232d2e568358a4372b833e12afc0ee32f,/home/timlittau/Documents/InferQ/analysis/finetuned_rdbms_162/qpy/001b8d0524a637ee3105337ea65167c232d2e568358a4372b833e12afc0ee32f.qpy,10,86,1.064455274026841,29476,99,5,94,duckdb,small_size,1,success,2.338968117022887,1024,59985,"{""max_temp_directory_size"": ""256GB"", ""memory_limit"": ""10780MB"", ""preserve_insertion_order"": false, ""temp_directory"": ""analysis/finetuned/rdbms162_all_engines_120s/tmp/small_size/duckdb"", ""threads"": 2}",
001b8d0524a637ee3105337ea65167c232d2e568358a4372b833e12afc0ee32f,/home/timlittau/Documents/InferQ/analysis/finetuned_rdbms_162/qpy/001b8d0524a637ee3105337ea65167c232d2e568358a4372b833e12afc0ee32f.qpy,10,86,1.064455274026841,29476,99,5,94,postgres,small_size,0,success,0.14252757001668215,1024,89617,"{""effective_cache_size"": ""8GB"", ""from_collapse_limit"": 1, ""hash_mem_multiplier"": ""2.0"", ""jit"": ""off"", ""join_collapse_limit"": 1, ""max_parallel_workers_per_gather"": 4, ""temp_buffers"": ""128MB"", ""temp_file_limit"": ""-1"", ""work_mem"": ""256MB""}",
001b8d0524a637ee3105337ea65167c232d2e568358a4372b833e12afc0ee32f,/home/timlittau/Documents/InferQ/analysis/finetuned_rdbms_162/qpy/001b8d0524a637ee3105337ea65167c232d2e568358a4372b833e12afc0ee32f.qpy,10,86,1.064455274026841,29476,99,5,94,postgres,small_size,1,success,0.14570732112042606,1024,89617,"{""effective_cache_size"": ""8GB"", ""from_collapse_limit"": 1, ""hash_mem_multiplier"": ""2.0"", ""jit"": ""off"", ""join_collapse_limit"": 1, ""max_parallel_workers_per_gather"": 4, ""temp_buffers"": ""128MB"", ""temp_file_limit"": ""-1"", ""work_mem"": ""256MB""}",
001d0de74af978f70d1d8f2a829a24a09a06fed26268a9ec89312035216b63b8,/home/timlittau/Documents/InferQ/analysis/finetuned_rdbms_162/qpy/001d0de74af978f70d1d8f2a829a24a09a06fed26268a9ec89312035216b63b8.qpy,7,118,1.357079302892089,38525,128,5,123,sqlite,small_size,0,success,0.022488450165838003,128,8401,"{""automatic_index"": true, ""cache_mb"": 64, ""cache_spill"": false, ""db_path"": "":memory:"", ""journal_mode"": ""OFF"", ""locking_mode"": ""EXCLUSIVE"", ""mmap_mb"": 0, ""synchronous"": ""OFF"", ""temp_store"": ""FILE"", ""threads"": 1}",
001d0de74af978f70d1d8f2a829a24a09a06fed26268a9ec89312035216b63b8,/home/timlittau/Documents/InferQ/analysis/finetuned_rdbms_162/qpy/001d0de74af978f70d1d8f2a829a24a09a06fed26268a9ec89312035216b63b8.qpy,7,118,1.357079302892089,38525,128,5,123,sqlite,small_size,1,success,0.018091233912855387,128,8401,"{""automatic_index"": true, ""cache_mb"": 64, ""cache_spill"": false, ""db_path"": "":memory:"", ""journal_mode"": ""OFF"", ""locking_mode"": ""EXCLUSIVE"", ""mmap_mb"": 0, ""synchronous"": ""OFF"", ""temp_store"": ""FILE"", ""threads"": 1}",
001d0de74af978f70d1d8f2a829a24a09a06fed26268a9ec89312035216b63b8,/home/timlittau/Documents/InferQ/analysis/finetuned_rdbms_162/qpy/001d0de74af978f70d1d8f2a829a24a09a06fed26268a9ec89312035216b63b8.qpy,7,118,1.357079302892089,38525,128,5,123,duckdb,small_size,0,timeout,120.0072900869418,0,42847,"{""max_temp_directory_size"": ""256GB"", ""memory_limit"": ""10780MB"", ""preserve_insertion_order"": false, ""temp_directory"": ""analysis/finetuned/rdbms162_all_engines_120s/tmp/small_size/duckdb"", ""threads"": 2}",duckdb timed out after 120s
001d0de74af978f70d1d8f2a829a24a09a06fed26268a9ec89312035216b63b8,/home/timlittau/Documents/InferQ/analysis/finetuned_rdbms_162/qpy/001d0de74af978f70d1d8f2a829a24a09a06fed26268a9ec89312035216b63b8.qpy,7,118,1.357079302892089,38525,128,5,123,duckdb,small_size,1,timeout,120.00693134614266,0,42723,"{""max_temp_directory_size"": ""256GB"", ""memory_limit"": ""10780MB"", ""preserve_insertion_order"": false, ""temp_directory"": ""analysis/finetuned/rdbms162_all_engines_120s/tmp/small_size/duckdb"", ""threads"": 2}",duckdb timed out after 120s
001d0de74af978f70d1d8f2a829a24a09a06fed26268a9ec89312035216b63b8,/home/timlittau/Documents/InferQ/analysis/finetuned_rdbms_162/qpy/001d0de74af978f70d1d8f2a829a24a09a06fed26268a9ec89312035216b63b8.qpy,7,118,1.357079302892089,38525,128,5,123,postgres,small_size,0,success,0.05641474900767207,128,48223,"{""effective_cache_size"": ""8GB"", ""from_collapse_limit"": 1, ""hash_mem_multiplier"": ""2.0"", ""jit"": ""off"", ""join_collapse_limit"": 1, ""max_parallel_workers_per_gather"": 4, ""temp_buffers"": ""128MB"", ""temp_file_limit"": ""-1"", ""work_mem"": ""256MB""}",
001d0de74af978f70d1d8f2a829a24a09a06fed26268a9ec89312035216b63b8,/home/timlittau/Documents/InferQ/analysis/finetuned_rdbms_162/qpy/001d0de74af978f70d1d8f2a829a24a09a06fed26268a9ec89312035216b63b8.qpy,7,118,1.357079302892089,38525,128,5,123,postgres,small_size,1,success,0.054562735836952925,128,48383,"{""effective_cache_size"": ""8GB"", ""from_collapse_limit"": 1, ""hash_mem_multiplier"": ""2.0"", ""jit"": ""off"", ""join_collapse_limit"": 1, ""max_parallel_workers_per_gather"": 4, ""temp_buffers"": ""128MB"", ""temp_file_limit"": ""-1"", ""work_mem"": ""256MB""}",
0028a557b2cd80eb61bf9d1dbddba7ebc7011bc2f454c29a24b35ccec052ef01,/home/timlittau/Documents/InferQ/analysis/finetuned_rdbms_162/qpy/0028a557b2cd80eb61bf9d1dbddba7ebc7011bc2f454c29a24b35ccec052ef01.qpy,8,43,0.42692031199112535,15909,56,7,49,sqlite,large_size,0,success,0.00764444493688643,256,46385,"{""automatic_index"": true, ""cache_mb"": 64, ""cache_spill"": false, ""db_path"": "":memory:"", ""journal_mode"": ""OFF"", ""locking_mode"": ""EXCLUSIVE"", ""mmap_mb"": 0, ""synchronous"": ""OFF"", ""temp_store"": ""FILE"", ""threads"": 1}",
0028a557b2cd80eb61bf9d1dbddba7ebc7011bc2f454c29a24b35ccec052ef01,/home/timlittau/Documents/InferQ/analysis/finetuned_rdbms_162/qpy/0028a557b2cd80eb61bf9d1dbddba7ebc7011bc2f454c29a24b35ccec052ef01.qpy,8,43,0.42692031199112535,15909,56,7,49,sqlite,large_size,1,success,0.005913774948567152,256,15665,"{""automatic_index"": true, ""cache_mb"": 64, ""cache_spill"": false, ""db_path"": "":memory:"", ""journal_mode"": ""OFF"", ""locking_mode"": ""EXCLUSIVE"", ""mmap_mb"": 0, ""synchronous"": ""OFF"", ""temp_store"": ""FILE"", ""threads"": 1}",
0028a557b2cd80eb61bf9d1dbddba7ebc7011bc2f454c29a24b35ccec052ef01,/home/timlittau/Documents/InferQ/analysis/finetuned_rdbms_162/qpy/0028a557b2cd80eb61bf9d1dbddba7ebc7011bc2f454c29a24b35ccec052ef01.qpy,8,43,0.42692031199112535,15909,56,7,49,duckdb,large_size,0,success,0.08243450801819563,256,19949,"{""max_temp_directory_size"": ""128GB"", ""memory_limit"": ""7409MB"", ""preserve_insertion_order"": true, ""temp_directory"": ""analysis/finetuned/rdbms162_all_engines_120s/tmp/large_size/duckdb"", ""threads"": 1}",
0028a557b2cd80eb61bf9d1dbddba7ebc7011bc2f454c29a24b35ccec052ef01,/home/timlittau/Documents/InferQ/analysis/finetuned_rdbms_162/qpy/0028a557b2cd80eb61bf9d1dbddba7ebc7011bc2f454c29a24b35ccec052ef01.qpy,8,43,0.42692031199112535,15909,56,7,49,duckdb,large_size,1,success,0.08191847894340754,256,19797,"{""max_temp_directory_size"": ""128GB"", ""memory_limit"": ""7409MB"", ""preserve_insertion_order"": true, ""temp_directory"": ""analysis/finetuned/rdbms162_all_engines_120s/tmp/large_size/duckdb"", ""threads"": 1}",
0028a557b2cd80eb61bf9d1dbddba7ebc7011bc2f454c29a24b35ccec052ef01,/home/timlittau/Documents/InferQ/analysis/finetuned_rdbms_162/qpy/0028a557b2cd80eb61bf9d1dbddba7ebc7011bc2f454c29a24b35ccec052ef01.qpy,8,43,0.42692031199112535,15909,56,7,49,postgres,large_size,0,success,0.012781112920492887,256,32985,"{""effective_cache_size"": ""2GB"", ""from_collapse_limit"": 1, ""hash_mem_multiplier"": ""1.94"", ""jit"": ""off"", ""join_collapse_limit"": 4, ""max_parallel_workers_per_gather"": 0, ""temp_buffers"": ""65MB"", ""temp_file_limit"": ""-1"", ""work_mem"": ""55MB""}",
0028a557b2cd80eb61bf9d1dbddba7ebc7011bc2f454c29a24b35ccec052ef01,/home/timlittau/Documents/InferQ/analysis/finetuned_rdbms_162/qpy/0028a557b2cd80eb61bf9d1dbddba7ebc7011bc2f454c29a24b35ccec052ef01.qpy,8,43,0.42692031199112535,15909,56,7,49,postgres,large_size,1,success,0.012628474971279502,256,32865,"{""effective_cache_size"": ""2GB"", ""from_collapse_limit"": 1, ""hash_mem_multiplier"": ""1.94"", ""jit"": ""off"", ""join_collapse_limit"": 4, ""max_parallel_workers_per_gather"": 0, ""temp_buffers"": ""65MB"", ""temp_file_limit"": ""-1"", ""work_mem"": ""55MB""}",
0029461aa3cf3bf250ec3d326ae6554743b8568fcd19b1d104f36e35aadf8cdf,/home/timlittau/Documents/InferQ/analysis/finetuned_rdbms_162/qpy/0029461aa3cf3bf250ec3d326ae6554743b8568fcd19b1d104f36e35aadf8cdf.qpy,1,1,0.005875652190297842,710,2,2,0,sqlite,small_size,0,success,0.0001610929612070322,2,4131,"{""automatic_index"": true, ""cache_mb"": 64, ""cache_spill"": false, ""db_path"": "":memory:"", ""journal_mode"": ""OFF"", ""locking_mode"": ""EXCLUSIVE"", ""mmap_mb"": 0, ""synchronous"": ""OFF"", ""temp_store"": ""FILE"", ""threads"": 1}",
0029461aa3cf3bf250ec3d326ae6554743b8568fcd19b1d104f36e35aadf8cdf,/home/timlittau/Documents/InferQ/analysis/finetuned_rdbms_162/qpy/0029461aa3cf3bf250ec3d326ae6554743b8568fcd19b1d104f36e35aadf8cdf.qpy,1,1,0.005875652190297842,710,2,2,0,sqlite,small_size,1,success,0.000111450906842947,2,4131,"{""automatic_index"": true, ""cache_mb"": 64, ""cache_spill"": false, ""db_path"": "":memory:"", ""journal_mode"": ""OFF"", ""locking_mode"": ""EXCLUSIVE"", ""mmap_mb"": 0, ""synchronous"": ""OFF"", ""temp_store"": ""FILE"", ""threads"": 1}",
0029461aa3cf3bf250ec3d326ae6554743b8568fcd19b1d104f36e35aadf8cdf,/home/timlittau/Documents/InferQ/analysis/finetuned_rdbms_162/qpy/0029461aa3cf3bf250ec3d326ae6554743b8568fcd19b1d104f36e35aadf8cdf.qpy,1,1,0.005875652190297842,710,2,2,0,duckdb,small_size,0,success,0.0017697589937597513,2,5032,"{""max_temp_directory_size"": ""256GB"", ""memory_limit"": ""10780MB"", ""preserve_insertion_order"": false, ""temp_directory"": ""analysis/finetuned/rdbms162_all_engines_120s/tmp/small_size/duckdb"", ""threads"": 2}",
0029461aa3cf3bf250ec3d326ae6554743b8568fcd19b1d104f36e35aadf8cdf,/home/timlittau/Documents/InferQ/analysis/finetuned_rdbms_162/qpy/0029461aa3cf3bf250ec3d326ae6554743b8568fcd19b1d104f36e35aadf8cdf.qpy,1,1,0.005875652190297842,710,2,2,0,duckdb,small_size,1,success,0.0016588750295341015,2,4500,"{""max_temp_directory_size"": ""256GB"", ""memory_limit"": ""10780MB"", ""preserve_insertion_order"": false, ""temp_directory"": ""analysis/finetuned/rdbms162_all_engines_120s/tmp/small_size/duckdb"", ""threads"": 2}",
0029461aa3cf3bf250ec3d326ae6554743b8568fcd19b1d104f36e35aadf8cdf,/home/timlittau/Documents/InferQ/analysis/finetuned_rdbms_162/qpy/0029461aa3cf3bf250ec3d326ae6554743b8568fcd19b1d104f36e35aadf8cdf.qpy,1,1,0.005875652190297842,710,2,2,0,postgres,small_size,0,success,0.0006440288852900267,2,5306,"{""effective_cache_size"": ""8GB"", ""from_collapse_limit"": 1, ""hash_mem_multiplier"": ""2.0"", ""jit"": ""off"", ""join_collapse_limit"": 1, ""max_parallel_workers_per_gather"": 4, ""temp_buffers"": ""128MB"", ""temp_file_limit"": ""-1"", ""work_mem"": ""256MB""}",
0029461aa3cf3bf250ec3d326ae6554743b8568fcd19b1d104f36e35aadf8cdf,/home/timlittau/Documents/InferQ/analysis/finetuned_rdbms_162/qpy/0029461aa3cf3bf250ec3d326ae6554743b8568fcd19b1d104f36e35aadf8cdf.qpy,1,1,0.005875652190297842,710,2,2,0,postgres,small_size,1,success,0.0006101590115576982,2,5146,"{""effective_cache_size"": ""8GB"", ""from_collapse_limit"": 1, ""hash_mem_multiplier"": ""2.0"", ""jit"": ""off"", ""join_collapse_limit"": 1, ""max_parallel_workers_per_gather"": 4, ""temp_buffers"": ""128MB"", ""temp_file_limit"": ""-1"", ""work_mem"": ""256MB""}",
002bf1eb5e259f7380a150993d9a97e1dda3399b209a8e6a43f9b077a7f2c90d,/home/timlittau/Documents/InferQ/analysis/finetuned_rdbms_162/qpy/002bf1eb5e259f7380a150993d9a97e1dda3399b209a8e6a43f9b077a7f2c90d.qpy,4,37,0.337245806818828,12712,44,5,39,sqlite,small_size,0,success,0.005012338049709797,16,4131,"{""automatic_index"": true, ""cache_mb"": 64, ""cache_spill"": false, ""db_path"": "":memory:"", ""journal_mode"": ""OFF"", ""locking_mode"": ""EXCLUSIVE"", ""mmap_mb"": 0, ""synchronous"": ""OFF"", ""temp_store"": ""FILE"", ""threads"": 1}",
002bf1eb5e259f7380a150993d9a97e1dda3399b209a8e6a43f9b077a7f2c90d,/home/timlittau/Documents/InferQ/analysis/finetuned_rdbms_162/qpy/002bf1eb5e259f7380a150993d9a97e1dda3399b209a8e6a43f9b077a7f2c90d.qpy,4,37,0.337245806818828,12712,44,5,39,sqlite,small_size,1,success,0.0036276690661907196,16,4131,"{""automatic_index"": true, ""cache_mb"": 64, ""cache_spill"": false, ""db_path"": "":memory:"", ""journal_mode"": ""OFF"", ""locking_mode"": ""EXCLUSIVE"", ""mmap_mb"": 0, ""synchronous"": ""OFF"", ""temp_store"": ""FILE"", ""threads"": 1}",
002bf1eb5e259f7380a150993d9a97e1dda3399b209a8e6a43f9b077a7f2c90d,/home/timlittau/Documents/InferQ/analysis/finetuned_rdbms_162/qpy/002bf1eb5e259f7380a150993d9a97e1dda3399b209a8e6a43f9b077a7f2c90d.qpy,4,37,0.337245806818828,12712,44,5,39,duckdb,small_size,0,success,0.09374734410084784,16,16938,"{""max_temp_directory_size"": ""256GB"", ""memory_limit"": ""10780MB"", ""preserve_insertion_order"": false, ""temp_directory"": ""analysis/finetuned/rdbms162_all_engines_120s/tmp/small_size/duckdb"", ""threads"": 2}",
002bf1eb5e259f7380a150993d9a97e1dda3399b209a8e6a43f9b077a7f2c90d,/home/timlittau/Documents/InferQ/analysis/finetuned_rdbms_162/qpy/002bf1eb5e259f7380a150993d9a97e1dda3399b209a8e6a43f9b077a7f2c90d.qpy,4,37,0.337245806818828,12712,44,5,39,duckdb,small_size,1,success,0.09708274505101144,16,16746,"{""max_temp_directory_size"": ""256GB"", ""memory_limit"": ""10780MB"", ""preserve_insertion_order"": false, ""temp_directory"": ""analysis/finetuned/rdbms162_all_engines_120s/tmp/small_size/duckdb"", ""threads"": 2}",
002bf1eb5e259f7380a150993d9a97e1dda3399b209a8e6a43f9b077a7f2c90d,/home/timlittau/Documents/InferQ/analysis/finetuned_rdbms_162/qpy/002bf1eb5e259f7380a150993d9a97e1dda3399b209a8e6a43f9b077a7f2c90d.qpy,4,37,0.337245806818828,12712,44,5,39,postgres,small_size,0,success,0.008394422940909863,16,17460,"{""effective_cache_size"": ""8GB"", ""from_collapse_limit"": 1, ""hash_mem_multiplier"": ""2.0"", ""jit"": ""off"", ""join_collapse_limit"": 1, ""max_parallel_workers_per_gather"": 4, ""temp_buffers"": ""128MB"", ""temp_file_limit"": ""-1"", ""work_mem"": ""256MB""}",
002bf1eb5e259f7380a150993d9a97e1dda3399b209a8e6a43f9b077a7f2c90d,/home/timlittau/Documents/InferQ/analysis/finetuned_rdbms_162/qpy/002bf1eb5e259f7380a150993d9a97e1dda3399b209a8e6a43f9b077a7f2c90d.qpy,4,37,0.337245806818828,12712,44,5,39,postgres,small_size,1,success,0.008470633998513222,16,17620,"{""effective_cache_size"": ""8GB"", ""from_collapse_limit"": 1, ""hash_mem_multiplier"": ""2.0"", ""jit"": ""off"", ""join_collapse_limit"": 1, ""max_parallel_workers_per_gather"": 4, ""temp_buffers"": ""128MB"", ""temp_file_limit"": ""-1"", ""work_mem"": ""256MB""}",
002f18e3797e6468af60c79c0e0d26c733341ce6392a2e09f9b1c00ab1bd57ec,/home/timlittau/Documents/InferQ/analysis/finetuned_rdbms_162/qpy/002f18e3797e6468af60c79c0e0d26c733341ce6392a2e09f9b1c00ab1bd57ec.qpy,5,59,0.5801267579663545,19359,67,5,62,sqlite,small_size,0,success,0.008568849880248308,32,4131,"{""automatic_index"": true, ""cache_mb"": 64, ""cache_spill"": false, ""db_path"": "":memory:"", ""journal_mode"": ""OFF"", ""locking_mode"": ""EXCLUSIVE"", ""mmap_mb"": 0, ""synchronous"": ""OFF"", ""temp_store"": ""FILE"", ""threads"": 1}",
002f18e3797e6468af60c79c0e0d26c733341ce6392a2e09f9b1c00ab1bd57ec,/home/timlittau/Documents/InferQ/analysis/finetuned_rdbms_162/qpy/002f18e3797e6468af60c79c0e0d26c733341ce6392a2e09f9b1c00ab1bd57ec.qpy,5,59,0.5801267579663545,19359,67,5,62,sqlite,small_size,1,success,0.006083494983613491,32,4131,"{""automatic_index"": true, ""cache_mb"": 64, ""cache_spill"": false, ""db_path"": "":memory:"", ""journal_mode"": ""OFF"", ""locking_mode"": ""EXCLUSIVE"", ""mmap_mb"": 0, ""synchronous"": ""OFF"", ""temp_store"": ""FILE"", ""threads"": 1}",
002f18e3797e6468af60c79c0e0d26c733341ce6392a2e09f9b1c00ab1bd57ec,/home/timlittau/Documents/InferQ/analysis/finetuned_rdbms_162/qpy/002f18e3797e6468af60c79c0e0d26c733341ce6392a2e09f9b1c00ab1bd57ec.qpy,5,59,0.5801267579663545,19359,67,5,62,duckdb,small_size,0,success,0.5192580670118332,32,23619,"{""max_temp_directory_size"": ""256GB"", ""memory_limit"": ""10780MB"", ""preserve_insertion_order"": false, ""temp_directory"": ""analysis/finetuned/rdbms162_all_engines_120s/tmp/small_size/duckdb"", ""threads"": 2}",
002f18e3797e6468af60c79c0e0d26c733341ce6392a2e09f9b1c00ab1bd57ec,/home/timlittau/Documents/InferQ/analysis/finetuned_rdbms_162/qpy/002f18e3797e6468af60c79c0e0d26c733341ce6392a2e09f9b1c00ab1bd57ec.qpy,5,59,0.5801267579663545,19359,67,5,62,duckdb,small_size,1,success,0.5187763092108071,32,23841,"{""max_temp_directory_size"": ""256GB"", ""memory_limit"": ""10780MB"", ""preserve_insertion_order"": false, ""temp_directory"": ""analysis/finetuned/rdbms162_all_engines_120s/tmp/small_size/duckdb"", ""threads"": 2}",
002f18e3797e6468af60c79c0e0d26c733341ce6392a2e09f9b1c00ab1bd57ec,/home/timlittau/Documents/InferQ/analysis/finetuned_rdbms_162/qpy/002f18e3797e6468af60c79c0e0d26c733341ce6392a2e09f9b1c00ab1bd57ec.qpy,5,59,0.5801267579663545,19359,67,5,62,postgres,small_size,0,success,0.01560933911241591,32,24322,"{""effective_cache_size"": ""8GB"", ""from_collapse_limit"": 1, ""hash_mem_multiplier"": ""2.0"", ""jit"": ""off"", ""join_collapse_limit"": 1, ""max_parallel_workers_per_gather"": 4, ""temp_buffers"": ""128MB"", ""temp_file_limit"": ""-1"", ""work_mem"": ""256MB""}",
002f18e3797e6468af60c79c0e0d26c733341ce6392a2e09f9b1c00ab1bd57ec,/home/timlittau/Documents/InferQ/analysis/finetuned_rdbms_162/qpy/002f18e3797e6468af60c79c0e0d26c733341ce6392a2e09f9b1c00ab1bd57ec.qpy,5,59,0.5801267579663545,19359,67,5,62,postgres,small_size,1,success,0.015338619006797671,32,24322,"{""effective_cache_size"": ""8GB"", ""from_collapse_limit"": 1, ""hash_mem_multiplier"": ""2.0"", ""jit"": ""off"", ""join_collapse_limit"": 1, ""max_parallel_workers_per_gather"": 4, ""temp_buffers"": ""128MB"", ""temp_file_limit"": ""-1"", ""work_mem"": ""256MB""}",
002fcb17d1bda87c17a0264f8f5e8c98337c99946aa28ad1b296d1ba6886cd54,/home/timlittau/Documents/InferQ/analysis/finetuned_rdbms_162/qpy/002fcb17d1bda87c17a0264f8f5e8c98337c99946aa28ad1b296d1ba6886cd54.qpy,2,11,0.08242806885391474,4500,16,5,11,sqlite,small_size,0,success,0.0014448519796133041,4,4131,"{""automatic_index"": true, ""cache_mb"": 64, ""cache_spill"": false, ""db_path"": "":memory:"", ""journal_mode"": ""OFF"", ""locking_mode"": ""EXCLUSIVE"", ""mmap_mb"": 0, ""synchronous"": ""OFF"", ""temp_store"": ""FILE"", ""threads"": 1}",
002fcb17d1bda87c17a0264f8f5e8c98337c99946aa28ad1b296d1ba6886cd54,/home/timlittau/Documents/InferQ/analysis/finetuned_rdbms_162/qpy/002fcb17d1bda87c17a0264f8f5e8c98337c99946aa28ad1b296d1ba6886cd54.qpy,2,11,0.08242806885391474,4500,16,5,11,sqlite,small_size,1,success,0.0010024409275501966,4,4131,"{""automatic_index"": true, ""cache_mb"": 64, ""cache_spill"": false, ""db_path"": "":memory:"", ""journal_mode"": ""OFF"", ""locking_mode"": ""EXCLUSIVE"", ""mmap_mb"": 0, ""synchronous"": ""OFF"", ""temp_store"": ""FILE"", ""threads"": 1}",
002fcb17d1bda87c17a0264f8f5e8c98337c99946aa28ad1b296d1ba6886cd54,/home/timlittau/Documents/InferQ/analysis/finetuned_rdbms_162/qpy/002fcb17d1bda87c17a0264f8f5e8c98337c99946aa28ad1b296d1ba6886cd54.qpy,2,11,0.08242806885391474,4500,16,5,11,duckdb,small_size,0,success,0.010294227162376046,4,8884,"{""max_temp_directory_size"": ""256GB"", ""memory_limit"": ""10780MB"", ""preserve_insertion_order"": false, ""temp_directory"": ""analysis/finetuned/rdbms162_all_engines_120s/tmp/small_size/duckdb"", ""threads"": 2}",
002fcb17d1bda87c17a0264f8f5e8c98337c99946aa28ad1b296d1ba6886cd54,/home/timlittau/Documents/InferQ/analysis/finetuned_rdbms_162/qpy/002fcb17d1bda87c17a0264f8f5e8c98337c99946aa28ad1b296d1ba6886cd54.qpy,2,11,0.08242806885391474,4500,16,5,11,duckdb,small_size,1,success,0.016926883021369576,4,8698,"{""max_temp_directory_size"": ""256GB"", ""memory_limit"": ""10780MB"", ""preserve_insertion_order"": false, ""temp_directory"": ""analysis/finetuned/rdbms162_all_engines_120s/tmp/small_size/duckdb"", ""threads"": 2}",
002fcb17d1bda87c17a0264f8f5e8c98337c99946aa28ad1b296d1ba6886cd54,/home/timlittau/Documents/InferQ/analysis/finetuned_rdbms_162/qpy/002fcb17d1bda87c17a0264f8f5e8c98337c99946aa28ad1b296d1ba6886cd54.qpy,2,11,0.08242806885391474,4500,16,5,11,postgres,small_size,0,success,0.0025505698285996914,4,9184,"{""effective_cache_size"": ""8GB"", ""from_collapse_limit"": 1, ""hash_mem_multiplier"": ""2.0"", ""jit"": ""off"", ""join_collapse_limit"": 1, ""max_parallel_workers_per_gather"": 4, ""temp_buffers"": ""128MB"", ""temp_file_limit"": ""-1"", ""work_mem"": ""256MB""}",
002fcb17d1bda87c17a0264f8f5e8c98337c99946aa28ad1b296d1ba6886cd54,/home/timlittau/Documents/InferQ/analysis/finetuned_rdbms_162/qpy/002fcb17d1bda87c17a0264f8f5e8c98337c99946aa28ad1b296d1ba6886cd54.qpy,2,11,0.08242806885391474,4500,16,5,11,postgres,small_size,1,success,0.0025878099258989096,4,9024,"{""effective_cache_size"": ""8GB"", ""from_collapse_limit"": 1, ""hash_mem_multiplier"": ""2.0"", ""jit"": ""off"", ""join_collapse_limit"": 1, ""max_parallel_workers_per_gather"": 4, ""temp_buffers"": ""128MB"", ""temp_file_limit"": ""-1"", ""work_mem"": ""256MB""}",
0031b353b73c891e8dbb9f04381cd2d24f643d65d2c00178ad9196734606d69c,/home/timlittau/Documents/InferQ/analysis/finetuned_rdbms_162/qpy/0031b353b73c891e8dbb9f04381cd2d24f643d65d2c00178ad9196734606d69c.qpy,4,40,0.3824081451166421,13615,47,5,42,sqlite,small_size,0,success,0.005518591962754726,16,4131,"{""automatic_index"": true, ""cache_mb"": 64, ""cache_spill"": false, ""db_path"": "":memory:"", ""journal_mode"": ""OFF"", ""locking_mode"": ""EXCLUSIVE"", ""mmap_mb"": 0, ""synchronous"": ""OFF"", ""temp_store"": ""FILE"", ""threads"": 1}",
0031b353b73c891e8dbb9f04381cd2d24f643d65d2c00178ad9196734606d69c,/home/timlittau/Documents/InferQ/analysis/finetuned_rdbms_162/qpy/0031b353b73c891e8dbb9f04381cd2d24f643d65d2c00178ad9196734606d69c.qpy,4,40,0.3824081451166421,13615,47,5,42,sqlite,small_size,1,success,0.003917332971468568,16,4131,"{""automatic_index"": true, ""cache_mb"": 64, ""cache_spill"": false, ""db_path"": "":memory:"", ""journal_mode"": ""OFF"", ""locking_mode"": ""EXCLUSIVE"", ""mmap_mb"": 0, ""synchronous"": ""OFF"", ""temp_store"": ""FILE"", ""threads"": 1}",
0031b353b73c891e8dbb9f04381cd2d24f643d65d2c00178ad9196734606d69c,/home/timlittau/Documents/InferQ/analysis/finetuned_rdbms_162/qpy/0031b353b73c891e8dbb9f04381cd2d24f643d65d2c00178ad9196734606d69c.qpy,4,40,0.3824081451166421,13615,47,5,42,duckdb,small_size,0,success,0.07379186805337667,16,18159,"{""max_temp_directory_size"": ""256GB"", ""memory_limit"": ""10780MB"", ""preserve_insertion_order"": false, ""temp_directory"": ""analysis/finetuned/rdbms162_all_engines_120s/tmp/small_size/duckdb"", ""threads"": 2}",
0031b353b73c891e8dbb9f04381cd2d24f643d65d2c00178ad9196734606d69c,/home/timlittau/Documents/InferQ/analysis/finetuned_rdbms_162/qpy/0031b353b73c891e8dbb9f04381cd2d24f643d65d2c00178ad9196734606d69c.qpy,4,40,0.3824081451166421,13615,47,5,42,duckdb,small_size,1,success,0.0739323131274432,16,17999,"{""max_temp_directory_size"": ""256GB"", ""memory_limit"": ""10780MB"", ""preserve_insertion_order"": false, ""temp_directory"": ""analysis/finetuned/rdbms162_all_engines_120s/tmp/small_size/duckdb"", ""threads"": 2}",
0031b353b73c891e8dbb9f04381cd2d24f643d65d2c00178ad9196734606d69c,/home/timlittau/Documents/InferQ/analysis/finetuned_rdbms_162/qpy/0031b353b73c891e8dbb9f04381cd2d24f643d65d2c00178ad9196734606d69c.qpy,4,40,0.3824081451166421,13615,47,5,42,postgres,small_size,0,success,0.009453117847442627,16,18362,"{""effective_cache_size"": ""8GB"", ""from_collapse_limit"": 1, ""hash_mem_multiplier"": ""2.0"", ""jit"": ""off"", ""join_collapse_limit"": 1, ""max_parallel_workers_per_gather"": 4, ""temp_buffers"": ""128MB"", ""temp_file_limit"": ""-1"", ""work_mem"": ""256MB""}",
0031b353b73c891e8dbb9f04381cd2d24f643d65d2c00178ad9196734606d69c,/home/timlittau/Documents/InferQ/analysis/finetuned_rdbms_162/qpy/0031b353b73c891e8dbb9f04381cd2d24f643d65d2c00178ad9196734606d69c.qpy,4,40,0.3824081451166421,13615,47,5,42,postgres,small_size,1,success,0.00933999102562666,16,18522,"{""effective_cache_size"": ""8GB"", ""from_collapse_limit"": 1, ""hash_mem_multiplier"": ""2.0"", ""jit"": ""off"", ""join_collapse_limit"": 1, ""max_parallel_workers_per_gather"": 4, ""temp_buffers"": ""128MB"", ""temp_file_limit"": ""-1"", ""work_mem"": ""256MB""}",
0032a5cb791669d5f950bb3b6533d654de70ea4044fccfd9ce1e8d8e1946f1b0,/home/timlittau/Documents/InferQ/analysis/finetuned_rdbms_162/qpy/0032a5cb791669d5f950bb3b6533d654de70ea4044fccfd9ce1e8d8e1946f1b0.qpy,11,88,1.2017616089433432,30411,102,5,97,sqlite,large_size,0,success,0.5099274348467588,2048,409709,"{""automatic_index"": true, ""cache_mb"": 64, ""cache_spill"": false, ""db_path"": "":memory:"", ""journal_mode"": ""OFF"", ""locking_mode"": ""EXCLUSIVE"", ""mmap_mb"": 0, ""synchronous"": ""OFF"", ""temp_store"": ""FILE"", ""threads"": 1}",
0032a5cb791669d5f950bb3b6533d654de70ea4044fccfd9ce1e8d8e1946f1b0,/home/timlittau/Documents/InferQ/analysis/finetuned_rdbms_162/qpy/0032a5cb791669d5f950bb3b6533d654de70ea4044fccfd9ce1e8d8e1946f1b0.qpy,11,88,1.2017616089433432,30411,102,5,97,sqlite,large_size,1,success,0.49639240093529224,2048,124829,"{""automatic_index"": true, ""cache_mb"": 64, ""cache_spill"": false, ""db_path"": "":memory:"", ""journal_mode"": ""OFF"", ""locking_mode"": ""EXCLUSIVE"", ""mmap_mb"": 0, ""synchronous"": ""OFF"", ""temp_store"": ""FILE"", ""threads"": 1}",
0032a5cb791669d5f950bb3b6533d654de70ea4044fccfd9ce1e8d8e1946f1b0,/home/timlittau/Documents/InferQ/analysis/finetuned_rdbms_162/qpy/0032a5cb791669d5f950bb3b6533d654de70ea4044fccfd9ce1e8d8e1946f1b0.qpy,11,88,1.2017616089433432,30411,102,5,97,duckdb,large_size,0,success,0.5616683710832149,2048,125331,"{""max_temp_directory_size"": ""128GB"", ""memory_limit"": ""7409MB"", ""preserve_insertion_order"": true, ""temp_directory"": ""analysis/finetuned/rdbms162_all_engines_120s/tmp/large_size/duckdb"", ""threads"": 1}",
0032a5cb791669d5f950bb3b6533d654de70ea4044fccfd9ce1e8d8e1946f1b0,/home/timlittau/Documents/InferQ/analysis/finetuned_rdbms_162/qpy/0032a5cb791669d5f950bb3b6533d654de70ea4044fccfd9ce1e8d8e1946f1b0.qpy,11,88,1.2017616089433432,30411,102,5,97,duckdb,large_size,1,success,0.564392824890092,2048,125491,"{""max_temp_directory_size"": ""128GB"", ""memory_limit"": ""7409MB"", ""preserve_insertion_order"": true, ""temp_directory"": ""analysis/finetuned/rdbms162_all_engines_120s/tmp/large_size/duckdb"", ""threads"": 1}",
0032a5cb791669d5f950bb3b6533d654de70ea4044fccfd9ce1e8d8e1946f1b0,/home/timlittau/Documents/InferQ/analysis/finetuned_rdbms_162/qpy/0032a5cb791669d5f950bb3b6533d654de70ea4044fccfd9ce1e8d8e1946f1b0.qpy,11,88,1.2017616089433432,30411,102,5,97,postgres,large_size,0,success,26.281009665923193,2048,157513,"{""effective_cache_size"": ""2GB"", ""from_collapse_limit"": 1, ""hash_mem_multiplier"": ""1.94"", ""jit"": ""off"", ""join_collapse_limit"": 4, ""max_parallel_workers_per_gather"": 0, ""temp_buffers"": ""65MB"", ""temp_file_limit"": ""-1"", ""work_mem"": ""55MB""}",
0032a5cb791669d5f950bb3b6533d654de70ea4044fccfd9ce1e8d8e1946f1b0,/home/timlittau/Documents/InferQ/analysis/finetuned_rdbms_162/qpy/0032a5cb791669d5f950bb3b6533d654de70ea4044fccfd9ce1e8d8e1946f1b0.qpy,11,88,1.2017616089433432,30411,102,5,97,postgres,large_size,1,success,26.651515058940277,2048,155185,"{""effective_cache_size"": ""2GB"", ""from_collapse_limit"": 1, ""hash_mem_multiplier"": ""1.94"", ""jit"": ""off"", ""join_collapse_limit"": 4, ""max_parallel_workers_per_gather"": 0, ""temp_buffers"": ""65MB"", ""temp_file_limit"": ""-1"", ""work_mem"": ""55MB""}",
0032ffff396adf452a359664c3603ec529f0582879da43dd69aa66e4b2780fe5,/home/timlittau/Documents/InferQ/analysis/finetuned_rdbms_162/qpy/0032ffff396adf452a359664c3603ec529f0582879da43dd69aa66e4b2780fe5.qpy,4,36,0.36258912994526327,11726,42,4,38,sqlite,large_size,0,success,0.005298932082951069,16,4131,"{""automatic_index"": true, ""cache_mb"": 64, ""cache_spill"": false, ""db_path"": "":memory:"", ""journal_mode"": ""OFF"", ""locking_mode"": ""EXCLUSIVE"", ""mmap_mb"": 0, ""synchronous"": ""OFF"", ""temp_store"": ""FILE"", ""threads"": 1}",
0032ffff396adf452a359664c3603ec529f0582879da43dd69aa66e4b2780fe5,/home/timlittau/Documents/InferQ/analysis/finetuned_rdbms_162/qpy/0032ffff396adf452a359664c3603ec529f0582879da43dd69aa66e4b2780fe5.qpy,4,36,0.36258912994526327,11726,42,4,38,sqlite,large_size,1,success,0.005170482909306884,16,4131,"{""automatic_index"": true, ""cache_mb"": 64, ""cache_spill"": false, ""db_path"": "":memory:"", ""journal_mode"": ""OFF"", ""locking_mode"": ""EXCLUSIVE"", ""mmap_mb"": 0, ""synchronous"": ""OFF"", ""temp_store"": ""FILE"", ""threads"": 1}",
0032ffff396adf452a359664c3603ec529f0582879da43dd69aa66e4b2780fe5,/home/timlittau/Documents/InferQ/analysis/finetuned_rdbms_162/qpy/0032ffff396adf452a359664c3603ec529f0582879da43dd69aa66e4b2780fe5.qpy,4,36,0.36258912994526327,11726,42,4,38,duckdb,large_size,0,success,4.2529628640040755,16,16074,"{""max_temp_directory_size"": ""128GB"", ""memory_limit"": ""7409MB"", ""preserve_insertion_order"": true, ""temp_directory"": ""analysis/finetuned/rdbms162_all_engines_120s/tmp/large_size/duckdb"", ""threads"": 1}",
0032ffff396adf452a359664c3603ec529f0582879da43dd69aa66e4b2780fe5,/home/timlittau/Documents/InferQ/analysis/finetuned_rdbms_162/qpy/0032ffff396adf452a359664c3603ec529f0582879da43dd69aa66e4b2780fe5.qpy,4,36,0.36258912994526327,11726,42,4,38,duckdb,large_size,1,success,4.2271553399041295,16,16074,"{""max_temp_directory_size"": ""128GB"", ""memory_limit"": ""7409MB"", ""preserve_insertion_order"": true, ""temp_directory"": ""analysis/finetuned/rdbms162_all_engines_120s/tmp/large_size/duckdb"", ""threads"": 1}",
0032ffff396adf452a359664c3603ec529f0582879da43dd69aa66e4b2780fe5,/home/timlittau/Documents/InferQ/analysis/finetuned_rdbms_162/qpy/0032ffff396adf452a359664c3603ec529f0582879da43dd69aa66e4b2780fe5.qpy,4,36,0.36258912994526327,11726,42,4,38,postgres,large_size,0,success,0.009930826025083661,16,16473,"{""effective_cache_size"": ""2GB"", ""from_collapse_limit"": 1, ""hash_mem_multiplier"": ""1.94"", ""jit"": ""off"", ""join_collapse_limit"": 4, ""max_parallel_workers_per_gather"": 0, ""temp_buffers"": ""65MB"", ""temp_file_limit"": ""-1"", ""work_mem"": ""55MB""}",
0032ffff396adf452a359664c3603ec529f0582879da43dd69aa66e4b2780fe5,/home/timlittau/Documents/InferQ/analysis/finetuned_rdbms_162/qpy/0032ffff396adf452a359664c3603ec529f0582879da43dd69aa66e4b2780fe5.qpy,4,36,0.36258912994526327,11726,42,4,38,postgres,large_size,1,success,0.013856588862836361,16,16633,"{""effective_cache_size"": ""2GB"", ""from_collapse_limit"": 1, ""hash_mem_multiplier"": ""1.94"", ""jit"": ""off"", ""join_collapse_limit"": 4, ""max_parallel_workers_per_gather"": 0, ""temp_buffers"": ""65MB"", ""temp_file_limit"": ""-1"", ""work_mem"": ""55MB""}",
003378d47280b3a61bf1ea1ee44f151f010ddac6d35dde31a9538c6fbfc22ae2,/home/timlittau/Documents/InferQ/analysis/finetuned_rdbms_162/qpy/003378d47280b3a61bf1ea1ee44f151f010ddac6d35dde31a9538c6fbfc22ae2.qpy,7,118,1.3607527839485556,38475,128,5,123,sqlite,small_size,0,success,0.024867000989615917,128,8401,"{""automatic_index"": true, ""cache_mb"": 64, ""cache_spill"": false, ""db_path"": "":memory:"", ""journal_mode"": ""OFF"", ""locking_mode"": ""EXCLUSIVE"", ""mmap_mb"": 0, ""synchronous"": ""OFF"", ""temp_store"": ""FILE"", ""threads"": 1}",
003378d47280b3a61bf1ea1ee44f151f010ddac6d35dde31a9538c6fbfc22ae2,/home/timlittau/Documents/InferQ/analysis/finetuned_rdbms_162/qpy/003378d47280b3a61bf1ea1ee44f151f010ddac6d35dde31a9538c6fbfc22ae2.qpy,7,118,1.3607527839485556,38475,128,5,123,sqlite,small_size,1,success,0.018535768147557974,128,8401,"{""automatic_index"": true, ""cache_mb"": 64, ""cache_spill"": false, ""db_path"": "":memory:"", ""journal_mode"": ""OFF"", ""locking_mode"": ""EXCLUSIVE"", ""mmap_mb"": 0, ""synchronous"": ""OFF"", ""temp_store"": ""FILE"", ""threads"": 1}",
003378d47280b3a61bf1ea1ee44f151f010ddac6d35dde31a9538c6fbfc22ae2,/home/timlittau/Documents/InferQ/analysis/finetuned_rdbms_162/qpy/003378d47280b3a61bf1ea1ee44f151f010ddac6d35dde31a9538c6fbfc22ae2.qpy,7,118,1.3607527839485556,38475,128,5,123,duckdb,small_size,0,timeout,120.00725628691725,0,42859,"{""max_temp_directory_size"": ""256GB"", ""memory_limit"": ""10780MB"", ""preserve_insertion_order"": false, ""temp_directory"": ""analysis/finetuned/rdbms162_all_engines_120s/tmp/small_size/duckdb"", ""threads"": 2}",duckdb timed out after 120s
003378d47280b3a61bf1ea1ee44f151f010ddac6d35dde31a9538c6fbfc22ae2,/home/timlittau/Documents/InferQ/analysis/finetuned_rdbms_162/qpy/003378d47280b3a61bf1ea1ee44f151f010ddac6d35dde31a9538c6fbfc22ae2.qpy,7,118,1.3607527839485556,38475,128,5,123,duckdb,small_size,1,timeout,120.0069542620331,0,42859,"{""max_temp_directory_size"": ""256GB"", ""memory_limit"": ""10780MB"", ""preserve_insertion_order"": false, ""temp_directory"": ""analysis/finetuned/rdbms162_all_engines_120s/tmp/small_size/duckdb"", ""threads"": 2}",duckdb timed out after 120s
003378d47280b3a61bf1ea1ee44f151f010ddac6d35dde31a9538c6fbfc22ae2,/home/timlittau/Documents/InferQ/analysis/finetuned_rdbms_162/qpy/003378d47280b3a61bf1ea1ee44f151f010ddac6d35dde31a9538c6fbfc22ae2.qpy,7,118,1.3607527839485556,38475,128,5,123,postgres,small_size,0,success,0.057591616874560714,128,48334,"{""effective_cache_size"": ""8GB"", ""from_collapse_limit"": 1, ""hash_mem_multiplier"": ""2.0"", ""jit"": ""off"", ""join_collapse_limit"": 1, ""max_parallel_workers_per_gather"": 4, ""temp_buffers"": ""128MB"", ""temp_file_limit"": ""-1"", ""work_mem"": ""256MB""}",
003378d47280b3a61bf1ea1ee44f151f010ddac6d35dde31a9538c6fbfc22ae2,/home/timlittau/Documents/InferQ/analysis/finetuned_rdbms_162/qpy/003378d47280b3a61bf1ea1ee44f151f010ddac6d35dde31a9538c6fbfc22ae2.qpy,7,118,1.3607527839485556,38475,128,5,123,postgres,small_size,1,success,0.05624224804341793,128,48174,"{""effective_cache_size"": ""8GB"", ""from_collapse_limit"": 1, ""hash_mem_multiplier"": ""2.0"", ""jit"": ""off"", ""join_collapse_limit"": 1, ""max_parallel_workers_per_gather"": 4, ""temp_buffers"": ""128MB"", ""temp_file_limit"": ""-1"", ""work_mem"": ""256MB""}",
0033fc046ce093bcf7948bc7f7f81db8dcd59d9f925fd002b0a908fd64ddb76c,/home/timlittau/Documents/InferQ/analysis/finetuned_rdbms_162/qpy/0033fc046ce093bcf7948bc7f7f81db8dcd59d9f925fd002b0a908fd64ddb76c.qpy,13,138,1.853318447014317,45426,155,6,149,sqlite,large_size,0,success,0.7666645769495517,8192,1771917,"{""automatic_index"": true, ""cache_mb"": 64, ""cache_spill"": false, ""db_path"": "":memory:"", ""journal_mode"": ""OFF"", ""locking_mode"": ""EXCLUSIVE"", ""mmap_mb"": 0, ""synchronous"": ""OFF"", ""temp_store"": ""FILE"", ""threads"": 1}",
0033fc046ce093bcf7948bc7f7f81db8dcd59d9f925fd002b0a908fd64ddb76c,/home/timlittau/Documents/InferQ/analysis/finetuned_rdbms_162/qpy/0033fc046ce093bcf7948bc7f7f81db8dcd59d9f925fd002b0a908fd64ddb76c.qpy,13,138,1.853318447014317,45426,155,6,149,sqlite,large_size,1,success,0.7523654601536691,8192,1452557,"{""automatic_index"": true, ""cache_mb"": 64, ""cache_spill"": false, ""db_path"": "":memory:"", ""journal_mode"": ""OFF"", ""locking_mode"": ""EXCLUSIVE"", ""mmap_mb"": 0, ""synchronous"": ""OFF"", ""temp_store"": ""FILE"", ""threads"": 1}",
0033fc046ce093bcf7948bc7f7f81db8dcd59d9f925fd002b0a908fd64ddb76c,/home/timlittau/Documents/InferQ/analysis/finetuned_rdbms_162/qpy/0033fc046ce093bcf7948bc7f7f81db8dcd59d9f925fd002b0a908fd64ddb76c.qpy,13,138,1.853318447014317,45426,155,6,149,duckdb,large_size,0,success,0.615463679889217,8192,1453355,"{""max_temp_directory_size"": ""128GB"", ""memory_limit"": ""7409MB"", ""preserve_insertion_order"": true, ""temp_directory"": ""analysis/finetuned/rdbms162_all_engines_120s/tmp/large_size/duckdb"", ""threads"": 1}",
0033fc046ce093bcf7948bc7f7f81db8dcd59d9f925fd002b0a908fd64ddb76c,/home/timlittau/Documents/InferQ/analysis/finetuned_rdbms_162/qpy/0033fc046ce093bcf7948bc7f7f81db8dcd59d9f925fd002b0a908fd64ddb76c.qpy,13,138,1.853318447014317,45426,155,6,149,duckdb,large_size,1,success,0.6135457118507475,8192,1453043,"{""max_temp_directory_size"": ""128GB"", ""memory_limit"": ""7409MB"", ""preserve_insertion_order"": true, ""temp_directory"": ""analysis/finetuned/rdbms162_all_engines_120s/tmp/large_size/duckdb"", ""threads"": 1}",
0033fc046ce093bcf7948bc7f7f81db8dcd59d9f925fd002b0a908fd64ddb76c,/home/timlittau/Documents/InferQ/analysis/finetuned_rdbms_162/qpy/0033fc046ce093bcf7948bc7f7f81db8dcd59d9f925fd002b0a908fd64ddb76c.qpy,13,138,1.853318447014317,45426,155,6,149,postgres,large_size,0,success,2.932207138976082,8192,1498279,"{""effective_cache_size"": ""2GB"", ""from_collapse_limit"": 1, ""hash_mem_multiplier"": ""1.94"", ""jit"": ""off"", ""join_collapse_limit"": 4, ""max_parallel_workers_per_gather"": 0, ""temp_buffers"": ""65MB"", ""temp_file_limit"": ""-1"", ""work_mem"": ""55MB""}",
0033fc046ce093bcf7948bc7f7f81db8dcd59d9f925fd002b0a908fd64ddb76c,/home/timlittau/Documents/InferQ/analysis/finetuned_rdbms_162/qpy/0033fc046ce093bcf7948bc7f7f81db8dcd59d9f925fd002b0a908fd64ddb76c.qpy,13,138,1.853318447014317,45426,155,6,149,postgres,large_size,1,success,2.9285421420354396,8192,1498439,"{""effective_cache_size"": ""2GB"", ""from_collapse_limit"": 1, ""hash_mem_multiplier"": ""1.94"", ""jit"": ""off"", ""join_collapse_limit"": 4, ""max_parallel_workers_per_gather"": 0, ""temp_buffers"": ""65MB"", ""temp_file_limit"": ""-1"", ""work_mem"": ""55MB""}",
003812c232aa67ced3665eed14a8ee7e0ecae4229f5f64bdfa43de92bdabea84,/home/timlittau/Documents/InferQ/analysis/finetuned_rdbms_162/qpy/003812c232aa67ced3665eed14a8ee7e0ecae4229f5f64bdfa43de92bdabea84.qpy,10,61,0.6575803959276527,22475,77,8,69,sqlite,large_size,0,success,0.022436693077906966,1024,59245,"{""automatic_index"": true, ""cache_mb"": 64, ""cache_spill"": false, ""db_path"": "":memory:"", ""journal_mode"": ""OFF"", ""locking_mode"": ""EXCLUSIVE"", ""mmap_mb"": 0, ""synchronous"": ""OFF"", ""temp_store"": ""FILE"", ""threads"": 1}",
003812c232aa67ced3665eed14a8ee7e0ecae4229f5f64bdfa43de92bdabea84,/home/timlittau/Documents/InferQ/analysis/finetuned_rdbms_162/qpy/003812c232aa67ced3665eed14a8ee7e0ecae4229f5f64bdfa43de92bdabea84.qpy,10,61,0.6575803959276527,22475,77,8,69,sqlite,large_size,1,success,0.02051637601107359,1024,59245,"{""automatic_index"": true, ""cache_mb"": 64, ""cache_spill"": false, ""db_path"": "":memory:"", ""journal_mode"": ""OFF"", ""locking_mode"": ""EXCLUSIVE"", ""mmap_mb"": 0, ""synchronous"": ""OFF"", ""temp_store"": ""FILE"", ""threads"": 1}",
003812c232aa67ced3665eed14a8ee7e0ecae4229f5f64bdfa43de92bdabea84,/home/timlittau/Documents/InferQ/analysis/finetuned_rdbms_162/qpy/003812c232aa67ced3665eed14a8ee7e0ecae4229f5f64bdfa43de92bdabea84.qpy,10,61,0.6575803959276527,22475,77,8,69,duckdb,large_size,0,success,0.09043813613243401,1024,59891,"{""max_temp_directory_size"": ""128GB"", ""memory_limit"": ""7409MB"", ""preserve_insertion_order"": true, ""temp_directory"": ""analysis/finetuned/rdbms162_all_engines_120s/tmp/large_size/duckdb"", ""threads"": 1}",
003812c232aa67ced3665eed14a8ee7e0ecae4229f5f64bdfa43de92bdabea84,/home/timlittau/Documents/InferQ/analysis/finetuned_rdbms_162/qpy/003812c232aa67ced3665eed14a8ee7e0ecae4229f5f64bdfa43de92bdabea84.qpy,10,61,0.6575803959276527,22475,77,8,69,duckdb,large_size,1,success,0.08903020597063005,1024,60051,"{""max_temp_directory_size"": ""128GB"", ""memory_limit"": ""7409MB"", ""preserve_insertion_order"": true, ""temp_directory"": ""analysis/finetuned/rdbms162_all_engines_120s/tmp/large_size/duckdb"", ""threads"": 1}",
003812c232aa67ced3665eed14a8ee7e0ecae4229f5f64bdfa43de92bdabea84,/home/timlittau/Documents/InferQ/analysis/finetuned_rdbms_162/qpy/003812c232aa67ced3665eed14a8ee7e0ecae4229f5f64bdfa43de92bdabea84.qpy,10,61,0.6575803959276527,22475,77,8,69,postgres,large_size,0,success,0.04405303904786706,1024,82617,"{""effective_cache_size"": ""2GB"", ""from_collapse_limit"": 1, ""hash_mem_multiplier"": ""1.94"", ""jit"": ""off"", ""join_collapse_limit"": 4, ""max_parallel_workers_per_gather"": 0, ""temp_buffers"": ""65MB"", ""temp_file_limit"": ""-1"", ""work_mem"": ""55MB""}",
003812c232aa67ced3665eed14a8ee7e0ecae4229f5f64bdfa43de92bdabea84,/home/timlittau/Documents/InferQ/analysis/finetuned_rdbms_162/qpy/003812c232aa67ced3665eed14a8ee7e0ecae4229f5f64bdfa43de92bdabea84.qpy,10,61,0.6575803959276527,22475,77,8,69,postgres,large_size,1,success,0.04372868803329766,1024,82617,"{""effective_cache_size"": ""2GB"", ""from_collapse_limit"": 1, ""hash_mem_multiplier"": ""1.94"", ""jit"": ""off"", ""join_collapse_limit"": 4, ""max_parallel_workers_per_gather"": 0, ""temp_buffers"": ""65MB"", ""temp_file_limit"": ""-1"", ""work_mem"": ""55MB""}",
0038713dd6823e32001e0a083ff7ef0155e96934fcecf4aee15b86c8df9b3374,/home/timlittau/Documents/InferQ/analysis/finetuned_rdbms_162/qpy/0038713dd6823e32001e0a083ff7ef0155e96934fcecf4aee15b86c8df9b3374.qpy,14,13,0.13465930707752705,7270,29,4,25,sqlite,small_size,0,success,0.0027790809981524944,32,5475,"{""automatic_index"": true, ""cache_mb"": 64, ""cache_spill"": false, ""db_path"": "":memory:"", ""journal_mode"": ""OFF"", ""locking_mode"": ""EXCLUSIVE"", ""mmap_mb"": 0, ""synchronous"": ""OFF"", ""temp_store"": ""FILE"", ""threads"": 1}",
0038713dd6823e32001e0a083ff7ef0155e96934fcecf4aee15b86c8df9b3374,/home/timlittau/Documents/InferQ/analysis/finetuned_rdbms_162/qpy/0038713dd6823e32001e0a083ff7ef0155e96934fcecf4aee15b86c8df9b3374.qpy,14,13,0.13465930707752705,7270,29,4,25,sqlite,small_size,1,success,0.0020241530146449804,32,4131,"{""automatic_index"": true, ""cache_mb"": 64, ""cache_spill"": false, ""db_path"": "":memory:"", ""journal_mode"": ""OFF"", ""locking_mode"": ""EXCLUSIVE"", ""mmap_mb"": 0, ""synchronous"": ""OFF"", ""temp_store"": ""FILE"", ""threads"": 1}",
0038713dd6823e32001e0a083ff7ef0155e96934fcecf4aee15b86c8df9b3374,/home/timlittau/Documents/InferQ/analysis/finetuned_rdbms_162/qpy/0038713dd6823e32001e0a083ff7ef0155e96934fcecf4aee15b86c8df9b3374.qpy,14,13,0.13465930707752705,7270,29,4,25,duckdb,small_size,0,success,0.017916431883350015,32,11654,"{""max_temp_directory_size"": ""256GB"", ""memory_limit"": ""10780MB"", ""preserve_insertion_order"": false, ""temp_directory"": ""analysis/finetuned/rdbms162_all_engines_120s/tmp/small_size/duckdb"", ""threads"": 2}",
0038713dd6823e32001e0a083ff7ef0155e96934fcecf4aee15b86c8df9b3374,/home/timlittau/Documents/InferQ/analysis/finetuned_rdbms_162/qpy/0038713dd6823e32001e0a083ff7ef0155e96934fcecf4aee15b86c8df9b3374.qpy,14,13,0.13465930707752705,7270,29,4,25,duckdb,small_size,1,success,0.017520696157589555,32,11530,"{""max_temp_directory_size"": ""256GB"", ""memory_limit"": ""10780MB"", ""preserve_insertion_order"": false, ""temp_directory"": ""analysis/finetuned/rdbms162_all_engines_120s/tmp/small_size/duckdb"", ""threads"": 2}",
0038713dd6823e32001e0a083ff7ef0155e96934fcecf4aee15b86c8df9b3374,/home/timlittau/Documents/InferQ/analysis/finetuned_rdbms_162/qpy/0038713dd6823e32001e0a083ff7ef0155e96934fcecf4aee15b86c8df9b3374.qpy,14,13,0.13465930707752705,7270,29,4,25,postgres,small_size,0,success,0.004730133106932044,32,13355,"{""effective_cache_size"": ""8GB"", ""from_collapse_limit"": 1, ""hash_mem_multiplier"": ""2.0"", ""jit"": ""off"", ""join_collapse_limit"": 1, ""max_parallel_workers_per_gather"": 4, ""temp_buffers"": ""128MB"", ""temp_file_limit"": ""-1"", ""work_mem"": ""256MB""}",
0038713dd6823e32001e0a083ff7ef0155e96934fcecf4aee15b86c8df9b3374,/home/timlittau/Documents/InferQ/analysis/finetuned_rdbms_162/qpy/0038713dd6823e32001e0a083ff7ef0155e96934fcecf4aee15b86c8df9b3374.qpy,14,13,0.13465930707752705,7270,29,4,25,postgres,small_size,1,success,0.004786096978932619,32,12978,"{""effective_cache_size"": ""8GB"", ""from_collapse_limit"": 1, ""hash_mem_multiplier"": ""2.0"", ""jit"": ""off"", ""join_collapse_limit"": 1, ""max_parallel_workers_per_gather"": 4, ""temp_buffers"": ""128MB"", ""temp_file_limit"": ""-1"", ""work_mem"": ""256MB""}",
003d951857a77f5ddd1609499fe3ef092e2d5b95ee427f94c0ae740eade55d68,/home/timlittau/Documents/InferQ/analysis/finetuned_rdbms_162/qpy/003d951857a77f5ddd1609499fe3ef092e2d5b95ee427f94c0ae740eade55d68.qpy,3,12,0.10135701601393521,5027,18,5,13,sqlite,small_size,0,success,0.0019698250107467175,8,4131,"{""automatic_index"": true, ""cache_mb"": 64, ""cache_spill"": false, ""db_path"": "":memory:"", ""journal_mode"": ""OFF"", ""locking_mode"": ""EXCLUSIVE"", ""mmap_mb"": 0, ""synchronous"": ""OFF"", ""temp_store"": ""FILE"", ""threads"": 1}",
003d951857a77f5ddd1609499fe3ef092e2d5b95ee427f94c0ae740eade55d68,/home/timlittau/Documents/InferQ/analysis/finetuned_rdbms_162/qpy/003d951857a77f5ddd1609499fe3ef092e2d5b95ee427f94c0ae740eade55d68.qpy,3,12,0.10135701601393521,5027,18,5,13,sqlite,small_size,1,success,0.0012614000588655472,8,4131,"{""automatic_index"": true, ""cache_mb"": 64, ""cache_spill"": false, ""db_path"": "":memory:"", ""journal_mode"": ""OFF"", ""locking_mode"": ""EXCLUSIVE"", ""mmap_mb"": 0, ""synchronous"": ""OFF"", ""temp_store"": ""FILE"", ""threads"": 1}",
003d951857a77f5ddd1609499fe3ef092e2d5b95ee427f94c0ae740eade55d68,/home/timlittau/Documents/InferQ/analysis/finetuned_rdbms_162/qpy/003d951857a77f5ddd1609499fe3ef092e2d5b95ee427f94c0ae740eade55d68.qpy,3,12,0.10135701601393521,5027,18,5,13,duckdb,small_size,0,success,0.009806904941797256,8,11824,"{""max_temp_directory_size"": ""256GB"", ""memory_limit"": ""10780MB"", ""preserve_insertion_order"": false, ""temp_directory"": ""analysis/finetuned/rdbms162_all_engines_120s/tmp/small_size/duckdb"", ""threads"": 2}",
003d951857a77f5ddd1609499fe3ef092e2d5b95ee427f94c0ae740eade55d68,/home/timlittau/Documents/InferQ/analysis/finetuned_rdbms_162/qpy/003d951857a77f5ddd1609499fe3ef092e2d5b95ee427f94c0ae740eade55d68.qpy,3,12,0.10135701601393521,5027,18,5,13,duckdb,small_size,1,success,0.00982945691794157,8,9412,"{""max_temp_directory_size"": ""256GB"", ""memory_limit"": ""10780MB"", ""preserve_insertion_order"": false, ""temp_directory"": ""analysis/finetuned/rdbms162_all_engines_120s/tmp/small_size/duckdb"", ""threads"": 2}",
003d951857a77f5ddd1609499fe3ef092e2d5b95ee427f94c0ae740eade55d68,/home/timlittau/Documents/InferQ/analysis/finetuned_rdbms_162/qpy/003d951857a77f5ddd1609499fe3ef092e2d5b95ee427f94c0ae740eade55d68.qpy,3,12,0.10135701601393521,5027,18,5,13,postgres,small_size,0,success,0.002850772812962532,8,9640,"{""effective_cache_size"": ""8GB"", ""from_collapse_limit"": 1, ""hash_mem_multiplier"": ""2.0"", ""jit"": ""off"", ""join_collapse_limit"": 1, ""max_parallel_workers_per_gather"": 4, ""temp_buffers"": ""128MB"", ""temp_file_limit"": ""-1"", ""work_mem"": ""256MB""}",
003d951857a77f5ddd1609499fe3ef092e2d5b95ee427f94c0ae740eade55d68,/home/timlittau/Documents/InferQ/analysis/finetuned_rdbms_162/qpy/003d951857a77f5ddd1609499fe3ef092e2d5b95ee427f94c0ae740eade55d68.qpy,3,12,0.10135701601393521,5027,18,5,13,postgres,small_size,1,success,0.002843520138412714,8,9640,"{""effective_cache_size"": ""8GB"", ""from_collapse_limit"": 1, ""hash_mem_multiplier"": ""2.0"", ""jit"": ""off"", ""join_collapse_limit"": 1, ""max_parallel_workers_per_gather"": 4, ""temp_buffers"": ""128MB"", ""temp_file_limit"": ""-1"", ""work_mem"": ""256MB""}",
003ec69648e883eea39aabfcb88ff4812b9d16fe8633ae5711fa4e21d1631461,/home/timlittau/Documents/InferQ/analysis/finetuned_rdbms_162/qpy/003ec69648e883eea39aabfcb88ff4812b9d16fe8633ae5711fa4e21d1631461.qpy,15,58,0.6771712370682508,20660,75,4,71,sqlite,large_size,0,success,0.31311424309387803,32768,3807969,"{""automatic_index"": true, ""cache_mb"": 64, ""cache_spill"": false, ""db_path"": "":memory:"", ""journal_mode"": ""OFF"", ""locking_mode"": ""EXCLUSIVE"", ""mmap_mb"": 0, ""synchronous"": ""OFF"", ""temp_store"": ""FILE"", ""threads"": 1}",
003ec69648e883eea39aabfcb88ff4812b9d16fe8633ae5711fa4e21d1631461,/home/timlittau/Documents/InferQ/analysis/finetuned_rdbms_162/qpy/003ec69648e883eea39aabfcb88ff4812b9d16fe8633ae5711fa4e21d1631461.qpy,15,58,0.6771712370682508,20660,75,4,71,sqlite,large_size,1,success,0.3001495401840657,32768,3807969,"{""automatic_index"": true, ""cache_mb"": 64, ""cache_spill"": false, ""db_path"": "":memory:"", ""journal_mode"": ""OFF"", ""locking_mode"": ""EXCLUSIVE"", ""mmap_mb"": 0, ""synchronous"": ""OFF"", ""temp_store"": ""FILE"", ""threads"": 1}",
003ec69648e883eea39aabfcb88ff4812b9d16fe8633ae5711fa4e21d1631461,/home/timlittau/Documents/InferQ/analysis/finetuned_rdbms_162/qpy/003ec69648e883eea39aabfcb88ff4812b9d16fe8633ae5711fa4e21d1631461.qpy,15,58,0.6771712370682508,20660,75,4,71,duckdb,large_size,0,success,0.25185528793372214,32768,3808626,"{""max_temp_directory_size"": ""128GB"", ""memory_limit"": ""7409MB"", ""preserve_insertion_order"": true, ""temp_directory"": ""analysis/finetuned/rdbms162_all_engines_120s/tmp/large_size/duckdb"", ""threads"": 1}",
003ec69648e883eea39aabfcb88ff4812b9d16fe8633ae5711fa4e21d1631461,/home/timlittau/Documents/InferQ/analysis/finetuned_rdbms_162/qpy/003ec69648e883eea39aabfcb88ff4812b9d16fe8633ae5711fa4e21d1631461.qpy,15,58,0.6771712370682508,20660,75,4,71,duckdb,large_size,1,success,0.2515349399764091,32768,3808626,"{""max_temp_directory_size"": ""128GB"", ""memory_limit"": ""7409MB"", ""preserve_insertion_order"": true, ""temp_directory"": ""analysis/finetuned/rdbms162_all_engines_120s/tmp/large_size/duckdb"", ""threads"": 1}",
003ec69648e883eea39aabfcb88ff4812b9d16fe8633ae5711fa4e21d1631461,/home/timlittau/Documents/InferQ/analysis/finetuned_rdbms_162/qpy/003ec69648e883eea39aabfcb88ff4812b9d16fe8633ae5711fa4e21d1631461.qpy,15,58,0.6771712370682508,20660,75,4,71,postgres,large_size,0,success,0.4543232540600002,32768,3827372,"{""effective_cache_size"": ""2GB"", ""from_collapse_limit"": 1, ""hash_mem_multiplier"": ""1.94"", ""jit"": ""off"", ""join_collapse_limit"": 4, ""max_parallel_workers_per_gather"": 0, ""temp_buffers"": ""65MB"", ""temp_file_limit"": ""-1"", ""work_mem"": ""55MB""}",
003ec69648e883eea39aabfcb88ff4812b9d16fe8633ae5711fa4e21d1631461,/home/timlittau/Documents/InferQ/analysis/finetuned_rdbms_162/qpy/003ec69648e883eea39aabfcb88ff4812b9d16fe8633ae5711fa4e21d1631461.qpy,15,58,0.6771712370682508,20660,75,4,71,postgres,large_size,1,success,0.45252420706674457,32768,3827532,"{""effective_cache_size"": ""2GB"", ""from_collapse_limit"": 1, ""hash_mem_multiplier"": ""1.94"", ""jit"": ""off"", ""join_collapse_limit"": 4, ""max_parallel_workers_per_gather"": 0, ""temp_buffers"": ""65MB"", ""temp_file_limit"": ""-1"", ""work_mem"": ""55MB""}",
003fe33d0d25432577400a77176d8098df30e3d34b4f39657619ed5841a4ab26,/home/timlittau/Documents/InferQ/analysis/finetuned_rdbms_162/qpy/003fe33d0d25432577400a77176d8098df30e3d34b4f39657619ed5841a4ab26.qpy,15,156,2.176721015945077,51602,176,7,169,sqlite,large_size,0,success,1.773935253964737,32768,3807969,"{""automatic_index"": true, ""cache_mb"": 64, ""cache_spill"": false, ""db_path"": "":memory:"", ""journal_mode"": ""OFF"", ""locking_mode"": ""EXCLUSIVE"", ""mmap_mb"": 0, ""synchronous"": ""OFF"", ""temp_store"": ""FILE"", ""threads"": 1}",
003fe33d0d25432577400a77176d8098df30e3d34b4f39657619ed5841a4ab26,/home/timlittau/Documents/InferQ/analysis/finetuned_rdbms_162/qpy/003fe33d0d25432577400a77176d8098df30e3d34b4f39657619ed5841a4ab26.qpy,15,156,2.176721015945077,51602,176,7,169,sqlite,large_size,1,success,1.75687289214693,32768,3807969,"{""automatic_index"": true, ""cache_mb"": 64, ""cache_spill"": false, ""db_path"": "":memory:"", ""journal_mode"": ""OFF"", ""locking_mode"": ""EXCLUSIVE"", ""mmap_mb"": 0, ""synchronous"": ""OFF"", ""temp_store"": ""FILE"", ""threads"": 1}",
003fe33d0d25432577400a77176d8098df30e3d34b4f39657619ed5841a4ab26,/home/timlittau/Documents/InferQ/analysis/finetuned_rdbms_162/qpy/003fe33d0d25432577400a77176d8098df30e3d34b4f39657619ed5841a4ab26.qpy,15,156,2.176721015945077,51602,176,7,169,duckdb,large_size,0,success,6.651546283857897,32768,3808564,"{""max_temp_directory_size"": ""128GB"", ""memory_limit"": ""7409MB"", ""preserve_insertion_order"": true, ""temp_directory"": ""analysis/finetuned/rdbms162_all_engines_120s/tmp/large_size/duckdb"", ""threads"": 1}",
003fe33d0d25432577400a77176d8098df30e3d34b4f39657619ed5841a4ab26,/home/timlittau/Documents/InferQ/analysis/finetuned_rdbms_162/qpy/003fe33d0d25432577400a77176d8098df30e3d34b4f39657619ed5841a4ab26.qpy,15,156,2.176721015945077,51602,176,7,169,duckdb,large_size,1,success,6.6161158089526,32768,3808626,"{""max_temp_directory_size"": ""128GB"", ""memory_limit"": ""7409MB"", ""preserve_insertion_order"": true, ""temp_directory"": ""analysis/finetuned/rdbms162_all_engines_120s/tmp/large_size/duckdb"", ""threads"": 1}",
003fe33d0d25432577400a77176d8098df30e3d34b4f39657619ed5841a4ab26,/home/timlittau/Documents/InferQ/analysis/finetuned_rdbms_162/qpy/003fe33d0d25432577400a77176d8098df30e3d34b4f39657619ed5841a4ab26.qpy,15,156,2.176721015945077,51602,176,7,169,postgres,large_size,0,success,5.358762811869383,32768,3858475,"{""effective_cache_size"": ""2GB"", ""from_collapse_limit"": 1, ""hash_mem_multiplier"": ""1.94"", ""jit"": ""off"", ""join_collapse_limit"": 4, ""max_parallel_workers_per_gather"": 0, ""temp_buffers"": ""65MB"", ""temp_file_limit"": ""-1"", ""work_mem"": ""55MB""}",
003fe33d0d25432577400a77176d8098df30e3d34b4f39657619ed5841a4ab26,/home/timlittau/Documents/InferQ/analysis/finetuned_rdbms_162/qpy/003fe33d0d25432577400a77176d8098df30e3d34b4f39657619ed5841a4ab26.qpy,15,156,2.176721015945077,51602,176,7,169,postgres,large_size,1,success,5.35202364390716,32768,3858315,"{""effective_cache_size"": ""2GB"", ""from_collapse_limit"": 1, ""hash_mem_multiplier"": ""1.94"", ""jit"": ""off"", ""join_collapse_limit"": 4, ""max_parallel_workers_per_gather"": 0, ""temp_buffers"": ""65MB"", ""temp_file_limit"": ""-1"", ""work_mem"": ""55MB""}",
0040949cdec155051dd0cdefac84b9de5e78e446a488cfb0bd7b9b896d9ef471,/home/timlittau/Documents/InferQ/analysis/finetuned_rdbms_162/qpy/0040949cdec155051dd0cdefac84b9de5e78e446a488cfb0bd7b9b896d9ef471.qpy,9,60,0.6636034559924155,20465,71,4,67,sqlite,large_size,0,success,0.026404930045828223,512,93645,"{""automatic_index"": true, ""cache_mb"": 64, ""cache_spill"": false, ""db_path"": "":memory:"", ""journal_mode"": ""OFF"", ""locking_mode"": ""EXCLUSIVE"", ""mmap_mb"": 0, ""synchronous"": ""OFF"", ""temp_store"": ""FILE"", ""threads"": 1}",
0040949cdec155051dd0cdefac84b9de5e78e446a488cfb0bd7b9b896d9ef471,/home/timlittau/Documents/InferQ/analysis/finetuned_rdbms_162/qpy/0040949cdec155051dd0cdefac84b9de5e78e446a488cfb0bd7b9b896d9ef471.qpy,9,60,0.6636034559924155,20465,71,4,67,sqlite,large_size,1,success,0.021442405879497528,512,30029,"{""automatic_index"": true, ""cache_mb"": 64, ""cache_spill"": false, ""db_path"": "":memory:"", ""journal_mode"": ""OFF"", ""locking_mode"": ""EXCLUSIVE"", ""mmap_mb"": 0, ""synchronous"": ""OFF"", ""temp_store"": ""FILE"", ""threads"": 1}",
0040949cdec155051dd0cdefac84b9de5e78e446a488cfb0bd7b9b896d9ef471,/home/timlittau/Documents/InferQ/analysis/finetuned_rdbms_162/qpy/0040949cdec155051dd0cdefac84b9de5e78e446a488cfb0bd7b9b896d9ef471.qpy,9,60,0.6636034559924155,20465,71,4,67,duckdb,large_size,0,success,0.2961777669843286,512,30676,"{""max_temp_directory_size"": ""128GB"", ""memory_limit"": ""7409MB"", ""preserve_insertion_order"": true, ""temp_directory"": ""analysis/finetuned/rdbms162_all_engines_120s/tmp/large_size/duckdb"", ""threads"": 1}",
0040949cdec155051dd0cdefac84b9de5e78e446a488cfb0bd7b9b896d9ef471,/home/timlittau/Documents/InferQ/analysis/finetuned_rdbms_162/qpy/0040949cdec155051dd0cdefac84b9de5e78e446a488cfb0bd7b9b896d9ef471.qpy,9,60,0.6636034559924155,20465,71,4,67,duckdb,large_size,1,success,0.2956447661854327,512,30712,"{""max_temp_directory_size"": ""128GB"", ""memory_limit"": ""7409MB"", ""preserve_insertion_order"": true, ""temp_directory"": ""analysis/finetuned/rdbms162_all_engines_120s/tmp/large_size/duckdb"", ""threads"": 1}",
0040949cdec155051dd0cdefac84b9de5e78e446a488cfb0bd7b9b896d9ef471,/home/timlittau/Documents/InferQ/analysis/finetuned_rdbms_162/qpy/0040949cdec155051dd0cdefac84b9de5e78e446a488cfb0bd7b9b896d9ef471.qpy,9,60,0.6636034559924155,20465,71,4,67,postgres,large_size,0,success,0.05144400801509619,512,51973,"{""effective_cache_size"": ""2GB"", ""from_collapse_limit"": 1, ""hash_mem_multiplier"": ""1.94"", ""jit"": ""off"", ""join_collapse_limit"": 4, ""max_parallel_workers_per_gather"": 0, ""temp_buffers"": ""65MB"", ""temp_file_limit"": ""-1"", ""work_mem"": ""55MB""}",
0040949cdec155051dd0cdefac84b9de5e78e446a488cfb0bd7b9b896d9ef471,/home/timlittau/Documents/InferQ/analysis/finetuned_rdbms_162/qpy/0040949cdec155051dd0cdefac84b9de5e78e446a488cfb0bd7b9b896d9ef471.qpy,9,60,0.6636034559924155,20465,71,4,67,postgres,large_size,1,success,0.05127526610158384,512,51845,"{""effective_cache_size"": ""2GB"", ""from_collapse_limit"": 1, ""hash_mem_multiplier"": ""1.94"", ""jit"": ""off"", ""join_collapse_limit"": 4, ""max_parallel_workers_per_gather"": 0, ""temp_buffers"": ""65MB"", ""temp_file_limit"": ""-1"", ""work_mem"": ""55MB""}",
0042dc839daaf44136cdfa46ee2ca5df1f36bebb8b9ed53c6b9792dfa2d5b807,/home/timlittau/Documents/InferQ/analysis/finetuned_rdbms_162/qpy/0042dc839daaf44136cdfa46ee2ca5df1f36bebb8b9ed53c6b9792dfa2d5b807.qpy,6,76,0.8460241430439055,24781,84,4,80,sqlite,small_size,0,success,0.01579123013652861,64,4875,"{""automatic_index"": true, ""cache_mb"": 64, ""cache_spill"": false, ""db_path"": "":memory:"", ""journal_mode"": ""OFF"", ""locking_mode"": ""EXCLUSIVE"", ""mmap_mb"": 0, ""synchronous"": ""OFF"", ""temp_store"": ""FILE"", ""threads"": 1}",
0042dc839daaf44136cdfa46ee2ca5df1f36bebb8b9ed53c6b9792dfa2d5b807,/home/timlittau/Documents/InferQ/analysis/finetuned_rdbms_162/qpy/0042dc839daaf44136cdfa46ee2ca5df1f36bebb8b9ed53c6b9792dfa2d5b807.qpy,6,76,0.8460241430439055,24781,84,4,80,sqlite,small_size,1,success,0.011525557842105627,64,4875,"{""automatic_index"": true, ""cache_mb"": 64, ""cache_spill"": false, ""db_path"": "":memory:"", ""journal_mode"": ""OFF"", ""locking_mode"": ""EXCLUSIVE"", ""mmap_mb"": 0, ""synchronous"": ""OFF"", ""temp_store"": ""FILE"", ""threads"": 1}",
0042dc839daaf44136cdfa46ee2ca5df1f36bebb8b9ed53c6b9792dfa2d5b807,/home/timlittau/Documents/InferQ/analysis/finetuned_rdbms_162/qpy/0042dc839daaf44136cdfa46ee2ca5df1f36bebb8b9ed53c6b9792dfa2d5b807.qpy,6,76,0.8460241430439055,24781,84,4,80,duckdb,small_size,0,success,57.57141633890569,64,29260,"{""max_temp_directory_size"": ""256GB"", ""memory_limit"": ""10780MB"", ""preserve_insertion_order"": false, ""temp_directory"": ""analysis/finetuned/rdbms162_all_engines_120s/tmp/small_size/duckdb"", ""threads"": 2}",
0042dc839daaf44136cdfa46ee2ca5df1f36bebb8b9ed53c6b9792dfa2d5b807,/home/timlittau/Documents/InferQ/analysis/finetuned_rdbms_162/qpy/0042dc839daaf44136cdfa46ee2ca5df1f36bebb8b9ed53c6b9792dfa2d5b807.qpy,6,76,0.8460241430439055,24781,84,4,80,duckdb,small_size,1,success,57.7114122021012,64,28980,"{""max_temp_directory_size"": ""256GB"", ""memory_limit"": ""10780MB"", ""preserve_insertion_order"": false, ""temp_directory"": ""analysis/finetuned/rdbms162_all_engines_120s/tmp/small_size/duckdb"", ""threads"": 2}",
0042dc839daaf44136cdfa46ee2ca5df1f36bebb8b9ed53c6b9792dfa2d5b807,/home/timlittau/Documents/InferQ/analysis/finetuned_rdbms_162/qpy/0042dc839daaf44136cdfa46ee2ca5df1f36bebb8b9ed53c6b9792dfa2d5b807.qpy,6,76,0.8460241430439055,24781,84,4,80,postgres,small_size,0,success,0.02903758781030774,64,30810,"{""effective_cache_size"": ""8GB"", ""from_collapse_limit"": 1, ""hash_mem_multiplier"": ""2.0"", ""jit"": ""off"", ""join_collapse_limit"": 1, ""max_parallel_workers_per_gather"": 4, ""temp_buffers"": ""128MB"", ""temp_file_limit"": ""-1"", ""work_mem"": ""256MB""}",
0042dc839daaf44136cdfa46ee2ca5df1f36bebb8b9ed53c6b9792dfa2d5b807,/home/timlittau/Documents/InferQ/analysis/finetuned_rdbms_162/qpy/0042dc839daaf44136cdfa46ee2ca5df1f36bebb8b9ed53c6b9792dfa2d5b807.qpy,6,76,0.8460241430439055,24781,84,4,80,postgres,small_size,1,success,0.029278917936608195,64,30810,"{""effective_cache_size"": ""8GB"", ""from_collapse_limit"": 1, ""hash_mem_multiplier"": ""2.0"", ""jit"": ""off"", ""join_collapse_limit"": 1, ""max_parallel_workers_per_gather"": 4, ""temp_buffers"": ""128MB"", ""temp_file_limit"": ""-1"", ""work_mem"": ""256MB""}",
0045406d435915bf33cfa993ac98c50aae24913394498979f9a278097b0c62e8,/home/timlittau/Documents/InferQ/analysis/finetuned_rdbms_162/qpy/0045406d435915bf33cfa993ac98c50aae24913394498979f9a278097b0c62e8.qpy,6,23,0.20700003509409726,8557,32,5,27,sqlite,small_size,0,success,0.003429328091442585,64,5643,"{""automatic_index"": true, ""cache_mb"": 64, ""cache_spill"": false, ""db_path"": "":memory:"", ""journal_mode"": ""OFF"", ""locking_mode"": ""EXCLUSIVE"", ""mmap_mb"": 0, ""synchronous"": ""OFF"", ""temp_store"": ""FILE"", ""threads"": 1}",
0045406d435915bf33cfa993ac98c50aae24913394498979f9a278097b0c62e8,/home/timlittau/Documents/InferQ/analysis/finetuned_rdbms_162/qpy/0045406d435915bf33cfa993ac98c50aae24913394498979f9a278097b0c62e8.qpy,6,23,0.20700003509409726,8557,32,5,27,sqlite,small_size,1,success,0.0024174689315259457,64,4899,"{""automatic_index"": true, ""cache_mb"": 64, ""cache_spill"": false, ""db_path"": "":memory:"", ""journal_mode"": ""OFF"", ""locking_mode"": ""EXCLUSIVE"", ""mmap_mb"": 0, ""synchronous"": ""OFF"", ""temp_store"": ""FILE"", ""threads"": 1}",
0045406d435915bf33cfa993ac98c50aae24913394498979f9a278097b0c62e8,/home/timlittau/Documents/InferQ/analysis/finetuned_rdbms_162/qpy/0045406d435915bf33cfa993ac98c50aae24913394498979f9a278097b0c62e8.qpy,6,23,0.20700003509409726,8557,32,5,27,duckdb,small_size,0,success,0.018086367985233665,64,12532,"{""max_temp_directory_size"": ""256GB"", ""memory_limit"": ""10780MB"", ""preserve_insertion_order"": false, ""temp_directory"": ""analysis/finetuned/rdbms162_all_engines_120s/tmp/small_size/duckdb"", ""threads"": 2}",
0045406d435915bf33cfa993ac98c50aae24913394498979f9a278097b0c62e8,/home/timlittau/Documents/InferQ/analysis/finetuned_rdbms_162/qpy/0045406d435915bf33cfa993ac98c50aae24913394498979f9a278097b0c62e8.qpy,6,23,0.20700003509409726,8557,32,5,27,duckdb,small_size,1,success,0.018185307970270514,64,12348,"{""max_temp_directory_size"": ""256GB"", ""memory_limit"": ""10780MB"", ""preserve_insertion_order"": false, ""temp_directory"": ""analysis/finetuned/rdbms162_all_engines_120s/tmp/small_size/duckdb"", ""threads"": 2}",
0045406d435915bf33cfa993ac98c50aae24913394498979f9a278097b0c62e8,/home/timlittau/Documents/InferQ/analysis/finetuned_rdbms_162/qpy/0045406d435915bf33cfa993ac98c50aae24913394498979f9a278097b0c62e8.qpy,6,23,0.20700003509409726,8557,32,5,27,postgres,small_size,0,success,0.005496500991284847,64,14583,"{""effective_cache_size"": ""8GB"", ""from_collapse_limit"": 1, ""hash_mem_multiplier"": ""2.0"", ""jit"": ""off"", ""join_collapse_limit"": 1, ""max_parallel_workers_per_gather"": 4, ""temp_buffers"": ""128MB"", ""temp_file_limit"": ""-1"", ""work_mem"": ""256MB""}",
0045406d435915bf33cfa993ac98c50aae24913394498979f9a278097b0c62e8,/home/timlittau/Documents/InferQ/analysis/finetuned_rdbms_162/qpy/0045406d435915bf33cfa993ac98c50aae24913394498979f9a278097b0c62e8.qpy,6,23,0.20700003509409726,8557,32,5,27,postgres,small_size,1,success,0.005377799039706588,64,14743,"{""effective_cache_size"": ""8GB"", ""from_collapse_limit"": 1, ""hash_mem_multiplier"": ""2.0"", ""jit"": ""off"", ""join_collapse_limit"": 1, ""max_parallel_workers_per_gather"": 4, ""temp_buffers"": ""128MB"", ""temp_file_limit"": ""-1"", ""work_mem"": ""256MB""}",
00459eccd8995ada0dde991f94899a176decef34d3c58eb1a6b26aaa0cc895f7,/home/timlittau/Documents/InferQ/analysis/finetuned_rdbms_162/qpy/00459eccd8995ada0dde991f94899a176decef34d3c58eb1a6b26aaa0cc895f7.qpy,10,37,0.49486086005344987,13328,49,4,45,sqlite,large_size,0,success,0.012758742086589336,1024,59245,"{""automatic_index"": true, ""cache_mb"": 64, ""cache_spill"": false, ""db_path"": "":memory:"", ""journal_mode"": ""OFF"", ""locking_mode"": ""EXCLUSIVE"", ""mmap_mb"": 0, ""synchronous"": ""OFF"", ""temp_store"": ""FILE"", ""threads"": 1}",
00459eccd8995ada0dde991f94899a176decef34d3c58eb1a6b26aaa0cc895f7,/home/timlittau/Documents/InferQ/analysis/finetuned_rdbms_162/qpy/00459eccd8995ada0dde991f94899a176decef34d3c58eb1a6b26aaa0cc895f7.qpy,10,37,0.49486086005344987,13328,49,4,45,sqlite,large_size,1,success,0.010934835998341441,1024,59245,"{""automatic_index"": true, ""cache_mb"": 64, ""cache_spill"": false, ""db_path"": "":memory:"", ""journal_mode"": ""OFF"", ""locking_mode"": ""EXCLUSIVE"", ""mmap_mb"": 0, ""synchronous"": ""OFF"", ""temp_store"": ""FILE"", ""threads"": 1}",
00459eccd8995ada0dde991f94899a176decef34d3c58eb1a6b26aaa0cc895f7,/home/timlittau/Documents/InferQ/analysis/finetuned_rdbms_162/qpy/00459eccd8995ada0dde991f94899a176decef34d3c58eb1a6b26aaa0cc895f7.qpy,10,37,0.49486086005344987,13328,49,4,45,duckdb,large_size,0,success,1.7914092340506613,1024,59516,"{""max_temp_directory_size"": ""128GB"", ""memory_limit"": ""7409MB"", ""preserve_insertion_order"": true, ""temp_directory"": ""analysis/finetuned/rdbms162_all_engines_120s/tmp/large_size/duckdb"", ""threads"": 1}",
00459eccd8995ada0dde991f94899a176decef34d3c58eb1a6b26aaa0cc895f7,/home/timlittau/Documents/InferQ/analysis/finetuned_rdbms_162/qpy/00459eccd8995ada0dde991f94899a176decef34d3c58eb1a6b26aaa0cc895f7.qpy,10,37,0.49486086005344987,13328,49,4,45,duckdb,large_size,1,success,1.802775908028707,1024,59516,"{""max_temp_directory_size"": ""128GB"", ""memory_limit"": ""7409MB"", ""preserve_insertion_order"": true, ""temp_directory"": ""analysis/finetuned/rdbms162_all_engines_120s/tmp/large_size/duckdb"", ""threads"": 1}",
00459eccd8995ada0dde991f94899a176decef34d3c58eb1a6b26aaa0cc895f7,/home/timlittau/Documents/InferQ/analysis/finetuned_rdbms_162/qpy/00459eccd8995ada0dde991f94899a176decef34d3c58eb1a6b26aaa0cc895f7.qpy,10,37,0.49486086005344987,13328,49,4,45,postgres,large_size,0,success,0.020940779941156507,1024,73628,"{""effective_cache_size"": ""2GB"", ""from_collapse_limit"": 1, ""hash_mem_multiplier"": ""1.94"", ""jit"": ""off"", ""join_collapse_limit"": 4, ""max_parallel_workers_per_gather"": 0, ""temp_buffers"": ""65MB"", ""temp_file_limit"": ""-1"", ""work_mem"": ""55MB""}",
00459eccd8995ada0dde991f94899a176decef34d3c58eb1a6b26aaa0cc895f7,/home/timlittau/Documents/InferQ/analysis/finetuned_rdbms_162/qpy/00459eccd8995ada0dde991f94899a176decef34d3c58eb1a6b26aaa0cc895f7.qpy,10,37,0.49486086005344987,13328,49,4,45,postgres,large_size,1,success,0.01952542900107801,1024,73468,"{""effective_cache_size"": ""2GB"", ""from_collapse_limit"": 1, ""hash_mem_multiplier"": ""1.94"", ""jit"": ""off"", ""join_collapse_limit"": 4, ""max_parallel_workers_per_gather"": 0, ""temp_buffers"": ""65MB"", ""temp_file_limit"": ""-1"", ""work_mem"": ""55MB""}",
004af3a16432f56e79f4200efdbc91db080bdb5e6c0c08c485377c67a922d4fe,/home/timlittau/Documents/InferQ/analysis/finetuned_rdbms_162/qpy/004af3a16432f56e79f4200efdbc91db080bdb5e6c0c08c485377c67a922d4fe.qpy,11,40,0.5484948058146983,14390,53,4,49,sqlite,large_size,0,success,0.020167082780972123,2048,124829,"{""automatic_index"": true, ""cache_mb"": 64, ""cache_spill"": false, ""db_path"": "":memory:"", ""journal_mode"": ""OFF"", ""locking_mode"": ""EXCLUSIVE"", ""mmap_mb"": 0, ""synchronous"": ""OFF"", ""temp_store"": ""FILE"", ""threads"": 1}",
004af3a16432f56e79f4200efdbc91db080bdb5e6c0c08c485377c67a922d4fe,/home/timlittau/Documents/InferQ/analysis/finetuned_rdbms_162/qpy/004af3a16432f56e79f4200efdbc91db080bdb5e6c0c08c485377c67a922d4fe.qpy,11,40,0.5484948058146983,14390,53,4,49,sqlite,large_size,1,success,0.017285583075135946,2048,124829,"{""automatic_index"": true, ""cache_mb"": 64, ""cache_spill"": false, ""db_path"": "":memory:"", ""journal_mode"": ""OFF"", ""locking_mode"": ""EXCLUSIVE"", ""mmap_mb"": 0, ""synchronous"": ""OFF"", ""temp_store"": ""FILE"", ""threads"": 1}",
004af3a16432f56e79f4200efdbc91db080bdb5e6c0c08c485377c67a922d4fe,/home/timlittau/Documents/InferQ/analysis/finetuned_rdbms_162/qpy/004af3a16432f56e79f4200efdbc91db080bdb5e6c0c08c485377c67a922d4fe.qpy,11,40,0.5484948058146983,14390,53,4,49,duckdb,large_size,0,success,0.11670396383851767,2048,125332,"{""max_temp_directory_size"": ""128GB"", ""memory_limit"": ""7409MB"", ""preserve_insertion_order"": true, ""temp_directory"": ""analysis/finetuned/rdbms162_all_engines_120s/tmp/large_size/duckdb"", ""threads"": 1}",
004af3a16432f56e79f4200efdbc91db080bdb5e6c0c08c485377c67a922d4fe,/home/timlittau/Documents/InferQ/analysis/finetuned_rdbms_162/qpy/004af3a16432f56e79f4200efdbc91db080bdb5e6c0c08c485377c67a922d4fe.qpy,11,40,0.5484948058146983,14390,53,4,49,duckdb,large_size,1,success,0.11439495719969273,2048,125492,"{""max_temp_directory_size"": ""128GB"", ""memory_limit"": ""7409MB"", ""preserve_insertion_order"": true, ""temp_directory"": ""analysis/finetuned/rdbms162_all_engines_120s/tmp/large_size/duckdb"", ""threads"": 1}",
004af3a16432f56e79f4200efdbc91db080bdb5e6c0c08c485377c67a922d4fe,/home/timlittau/Documents/InferQ/analysis/finetuned_rdbms_162/qpy/004af3a16432f56e79f4200efdbc91db080bdb5e6c0c08c485377c67a922d4fe.qpy,11,40,0.5484948058146983,14390,53,4,49,postgres,large_size,0,success,0.030540192034095526,2048,139162,"{""effective_cache_size"": ""2GB"", ""from_collapse_limit"": 1, ""hash_mem_multiplier"": ""1.94"", ""jit"": ""off"", ""join_collapse_limit"": 4, ""max_parallel_workers_per_gather"": 0, ""temp_buffers"": ""65MB"", ""temp_file_limit"": ""-1"", ""work_mem"": ""55MB""}",
004af3a16432f56e79f4200efdbc91db080bdb5e6c0c08c485377c67a922d4fe,/home/timlittau/Documents/InferQ/analysis/finetuned_rdbms_162/qpy/004af3a16432f56e79f4200efdbc91db080bdb5e6c0c08c485377c67a922d4fe.qpy,11,40,0.5484948058146983,14390,53,4,49,postgres,large_size,1,success,0.036771076964214444,2048,139162,"{""effective_cache_size"": ""2GB"", ""from_collapse_limit"": 1, ""hash_mem_multiplier"": ""1.94"", ""jit"": ""off"", ""join_collapse_limit"": 4, ""max_parallel_workers_per_gather"": 0, ""temp_buffers"": ""65MB"", ""temp_file_limit"": ""-1"", ""work_mem"": ""55MB""}",
004bfbf89ef4470353c265467c718360ebe18f71120f74e9c4f8e9746f9a71a5,/home/timlittau/Documents/InferQ/analysis/finetuned_rdbms_162/qpy/004bfbf89ef4470353c265467c718360ebe18f71120f74e9c4f8e9746f9a71a5.qpy,10,70,0.8495912658981979,24843,83,5,78,sqlite,small_size,0,success,0.11016106000170112,1024,59245,"{""automatic_index"": true, ""cache_mb"": 64, ""cache_spill"": false, ""db_path"": "":memory:"", ""journal_mode"": ""OFF"", ""locking_mode"": ""EXCLUSIVE"", ""mmap_mb"": 0, ""synchronous"": ""OFF"", ""temp_store"": ""FILE"", ""threads"": 1}",
004bfbf89ef4470353c265467c718360ebe18f71120f74e9c4f8e9746f9a71a5,/home/timlittau/Documents/InferQ/analysis/finetuned_rdbms_162/qpy/004bfbf89ef4470353c265467c718360ebe18f71120f74e9c4f8e9746f9a71a5.qpy,10,70,0.8495912658981979,24843,83,5,78,sqlite,small_size,1,success,0.10386941698379815,1024,59245,"{""automatic_index"": true, ""cache_mb"": 64, ""cache_spill"": false, ""db_path"": "":memory:"", ""journal_mode"": ""OFF"", ""locking_mode"": ""EXCLUSIVE"", ""mmap_mb"": 0, ""synchronous"": ""OFF"", ""temp_store"": ""FILE"", ""threads"": 1}",
004bfbf89ef4470353c265467c718360ebe18f71120f74e9c4f8e9746f9a71a5,/home/timlittau/Documents/InferQ/analysis/finetuned_rdbms_162/qpy/004bfbf89ef4470353c265467c718360ebe18f71120f74e9c4f8e9746f9a71a5.qpy,10,70,0.8495912658981979,24843,83,5,78,duckdb,small_size,0,success,0.2563455339986831,1024,59708,"{""max_temp_directory_size"": ""256GB"", ""memory_limit"": ""10780MB"", ""preserve_insertion_order"": false, ""temp_directory"": ""analysis/finetuned/rdbms162_all_engines_120s/tmp/small_size/duckdb"", ""threads"": 2}",
004bfbf89ef4470353c265467c718360ebe18f71120f74e9c4f8e9746f9a71a5,/home/timlittau/Documents/InferQ/analysis/finetuned_rdbms_162/qpy/004bfbf89ef4470353c265467c718360ebe18f71120f74e9c4f8e9746f9a71a5.qpy,10,70,0.8495912658981979,24843,83,5,78,duckdb,small_size,1,success,0.25531188817694783,1024,59330,"{""max_temp_directory_size"": ""256GB"", ""memory_limit"": ""10780MB"", ""preserve_insertion_order"": false, ""temp_directory"": ""analysis/finetuned/rdbms162_all_engines_120s/tmp/small_size/duckdb"", ""threads"": 2}",
004bfbf89ef4470353c265467c718360ebe18f71120f74e9c4f8e9746f9a71a5,/home/timlittau/Documents/InferQ/analysis/finetuned_rdbms_162/qpy/004bfbf89ef4470353c265467c718360ebe18f71120f74e9c4f8e9746f9a71a5.qpy,10,70,0.8495912658981979,24843,83,5,78,postgres,small_size,0,success,0.8341939630918205,1024,84984,"{""effective_cache_size"": ""8GB"", ""from_collapse_limit"": 1, ""hash_mem_multiplier"": ""2.0"", ""jit"": ""off"", ""join_collapse_limit"": 1, ""max_parallel_workers_per_gather"": 4, ""temp_buffers"": ""128MB"", ""temp_file_limit"": ""-1"", ""work_mem"": ""256MB""}",
004bfbf89ef4470353c265467c718360ebe18f71120f74e9c4f8e9746f9a71a5,/home/timlittau/Documents/InferQ/analysis/finetuned_rdbms_162/qpy/004bfbf89ef4470353c265467c718360ebe18f71120f74e9c4f8e9746f9a71a5.qpy,10,70,0.8495912658981979,24843,83,5,78,postgres,small_size,1,success,0.8354711290448904,1024,84984,"{""effective_cache_size"": ""8GB"", ""from_collapse_limit"": 1, ""hash_mem_multiplier"": ""2.0"", ""jit"": ""off"", ""join_collapse_limit"": 1, ""max_parallel_workers_per_gather"": 4, ""temp_buffers"": ""128MB"", ""temp_file_limit"": ""-1"", ""work_mem"": ""256MB""}",
00551435ffa5cf6c1cd146fced08c4e6d1ba76accde83bba0f24f2ade5d8aa3c,/home/timlittau/Documents/InferQ/analysis/finetuned_rdbms_162/qpy/00551435ffa5cf6c1cd146fced08c4e6d1ba76accde83bba0f24f2ade5d8aa3c.qpy,11,92,1.0609676230233163,30621,107,6,101,sqlite,large_size,0,success,0.04119635187089443,2048,124829,"{""automatic_index"": true, ""cache_mb"": 64, ""cache_spill"": false, ""db_path"": "":memory:"", ""journal_mode"": ""OFF"", ""locking_mode"": ""EXCLUSIVE"", ""mmap_mb"": 0, ""synchronous"": ""OFF"", ""temp_store"": ""FILE"", ""threads"": 1}",
00551435ffa5cf6c1cd146fced08c4e6d1ba76accde83bba0f24f2ade5d8aa3c,/home/timlittau/Documents/InferQ/analysis/finetuned_rdbms_162/qpy/00551435ffa5cf6c1cd146fced08c4e6d1ba76accde83bba0f24f2ade5d8aa3c.qpy,11,92,1.0609676230233163,30621,107,6,101,sqlite,large_size,1,success,0.03634209209121764,2048,124829,"{""automatic_index"": true, ""cache_mb"": 64, ""cache_spill"": false, ""db_path"": "":memory:"", ""journal_mode"": ""OFF"", ""locking_mode"": ""EXCLUSIVE"", ""mmap_mb"": 0, ""synchronous"": ""OFF"", ""temp_store"": ""FILE"", ""threads"": 1}",
00551435ffa5cf6c1cd146fced08c4e6d1ba76accde83bba0f24f2ade5d8aa3c,/home/timlittau/Documents/InferQ/analysis/finetuned_rdbms_162/qpy/00551435ffa5cf6c1cd146fced08c4e6d1ba76accde83bba0f24f2ade5d8aa3c.qpy,11,92,1.0609676230233163,30621,107,6,101,duckdb,large_size,0,success,32.173748650122434,2048,124988,"{""max_temp_directory_size"": ""128GB"", ""memory_limit"": ""7409MB"", ""preserve_insertion_order"": true, ""temp_directory"": ""analysis/finetuned/rdbms162_all_engines_120s/tmp/large_size/duckdb"", ""threads"": 1}",
00551435ffa5cf6c1cd146fced08c4e6d1ba76accde83bba0f24f2ade5d8aa3c,/home/timlittau/Documents/InferQ/analysis/finetuned_rdbms_162/qpy/00551435ffa5cf6c1cd146fced08c4e6d1ba76accde83bba0f24f2ade5d8aa3c.qpy,11,92,1.0609676230233163,30621,107,6,101,duckdb,large_size,1,success,32.242753179045394,2048,124956,"{""max_temp_directory_size"": ""128GB"", ""memory_limit"": ""7409MB"", ""preserve_insertion_order"": true, ""temp_directory"": ""analysis/finetuned/rdbms162_all_engines_120s/tmp/large_size/duckdb"", ""threads"": 1}",
00551435ffa5cf6c1cd146fced08c4e6d1ba76accde83bba0f24f2ade5d8aa3c,/home/timlittau/Documents/InferQ/analysis/finetuned_rdbms_162/qpy/00551435ffa5cf6c1cd146fced08c4e6d1ba76accde83bba0f24f2ade5d8aa3c.qpy,11,92,1.0609676230233163,30621,107,6,101,postgres,large_size,0,success,0.08484881487675011,2048,155394,"{""effective_cache_size"": ""2GB"", ""from_collapse_limit"": 1, ""hash_mem_multiplier"": ""1.94"", ""jit"": ""off"", ""join_collapse_limit"": 4, ""max_parallel_workers_per_gather"": 0, ""temp_buffers"": ""65MB"", ""temp_file_limit"": ""-1"", ""work_mem"": ""55MB""}",
00551435ffa5cf6c1cd146fced08c4e6d1ba76accde83bba0f24f2ade5d8aa3c,/home/timlittau/Documents/InferQ/analysis/finetuned_rdbms_162/qpy/00551435ffa5cf6c1cd146fced08c4e6d1ba76accde83bba0f24f2ade5d8aa3c.qpy,11,92,1.0609676230233163,30621,107,6,101,postgres,large_size,1,success,0.08745648805052042,2048,155505,"{""effective_cache_size"": ""2GB"", ""from_collapse_limit"": 1, ""hash_mem_multiplier"": ""1.94"", ""jit"": ""off"", ""join_collapse_limit"": 4, ""max_parallel_workers_per_gather"": 0, ""temp_buffers"": ""65MB"", ""temp_file_limit"": ""-1"", ""work_mem"": ""55MB""}",
0059f03076c236ff6c366e43f5e73b0aaae01886cbefc4c251a51ce1bb452d95,/home/timlittau/Documents/InferQ/analysis/finetuned_rdbms_162/qpy/0059f03076c236ff6c366e43f5e73b0aaae01886cbefc4c251a51ce1bb452d95.qpy,15,45,0.5135136011522263,16874,63,5,58,sqlite,small_size,0,success,0.007960595889016986,8,4131,"{""automatic_index"": true, ""cache_mb"": 64, ""cache_spill"": false, ""db_path"": "":memory:"", ""journal_mode"": ""OFF"", ""locking_mode"": ""EXCLUSIVE"", ""mmap_mb"": 0, ""synchronous"": ""OFF"", ""temp_store"": ""FILE"", ""threads"": 1}",
0059f03076c236ff6c366e43f5e73b0aaae01886cbefc4c251a51ce1bb452d95,/home/timlittau/Documents/InferQ/analysis/finetuned_rdbms_162/qpy/0059f03076c236ff6c366e43f5e73b0aaae01886cbefc4c251a51ce1bb452d95.qpy,15,45,0.5135136011522263,16874,63,5,58,sqlite,small_size,1,success,0.004878468811511993,8,4131,"{""automatic_index"": true, ""cache_mb"": 64, ""cache_spill"": false, ""db_path"": "":memory:"", ""journal_mode"": ""OFF"", ""locking_mode"": ""EXCLUSIVE"", ""mmap_mb"": 0, ""synchronous"": ""OFF"", ""temp_store"": ""FILE"", ""threads"": 1}",
0059f03076c236ff6c366e43f5e73b0aaae01886cbefc4c251a51ce1bb452d95,/home/timlittau/Documents/InferQ/analysis/finetuned_rdbms_162/qpy/0059f03076c236ff6c366e43f5e73b0aaae01886cbefc4c251a51ce1bb452d95.qpy,15,45,0.5135136011522263,16874,63,5,58,duckdb,small_size,0,success,0.32571450085379183,8,21259,"{""max_temp_directory_size"": ""256GB"", ""memory_limit"": ""10780MB"", ""preserve_insertion_order"": false, ""temp_directory"": ""analysis/finetuned/rdbms162_all_engines_120s/tmp/small_size/duckdb"", ""threads"": 2}",
0059f03076c236ff6c366e43f5e73b0aaae01886cbefc4c251a51ce1bb452d95,/home/timlittau/Documents/InferQ/analysis/finetuned_rdbms_162/qpy/0059f03076c236ff6c366e43f5e73b0aaae01886cbefc4c251a51ce1bb452d95.qpy,15,45,0.5135136011522263,16874,63,5,58,duckdb,small_size,1,success,0.32837630598805845,8,21259,"{""max_temp_directory_size"": ""256GB"", ""memory_limit"": ""10780MB"", ""preserve_insertion_order"": false, ""temp_directory"": ""analysis/finetuned/rdbms162_all_engines_120s/tmp/small_size/duckdb"", ""threads"": 2}",
0059f03076c236ff6c366e43f5e73b0aaae01886cbefc4c251a51ce1bb452d95,/home/timlittau/Documents/InferQ/analysis/finetuned_rdbms_162/qpy/0059f03076c236ff6c366e43f5e73b0aaae01886cbefc4c251a51ce1bb452d95.qpy,15,45,0.5135136011522263,16874,63,5,58,postgres,small_size,0,success,0.013846785062924027,8,22703,"{""effective_cache_size"": ""8GB"", ""from_collapse_limit"": 1, ""hash_mem_multiplier"": ""2.0"", ""jit"": ""off"", ""join_collapse_limit"": 1, ""max_parallel_workers_per_gather"": 4, ""temp_buffers"": ""128MB"", ""temp_file_limit"": ""-1"", ""work_mem"": ""256MB""}",
0059f03076c236ff6c366e43f5e73b0aaae01886cbefc4c251a51ce1bb452d95,/home/timlittau/Documents/InferQ/analysis/finetuned_rdbms_162/qpy/0059f03076c236ff6c366e43f5e73b0aaae01886cbefc4c251a51ce1bb452d95.qpy,15,45,0.5135136011522263,16874,63,5,58,postgres,small_size,1,success,0.013331510126590729,8,22543,"{""effective_cache_size"": ""8GB"", ""from_collapse_limit"": 1, ""hash_mem_multiplier"": ""2.0"", ""jit"": ""off"", ""join_collapse_limit"": 1, ""max_parallel_workers_per_gather"": 4, ""temp_buffers"": ""128MB"", ""temp_file_limit"": ""-1"", ""work_mem"": ""256MB""}",
005a5c4576e604e095b79fbc71dc7ae56d454a51bd65b54fbd47e1dd7dd1869f,/home/timlittau/Documents/InferQ/analysis/finetuned_rdbms_162/qpy/005a5c4576e604e095b79fbc71dc7ae56d454a51bd65b54fbd47e1dd7dd1869f.qpy,15,28,0.29263538983650506,12204,46,5,41,sqlite,large_size,0,success,0.013239969033747911,1024,59245,"{""automatic_index"": true, ""cache_mb"": 64, ""cache_spill"": false, ""db_path"": "":memory:"", ""journal_mode"": ""OFF"", ""locking_mode"": ""EXCLUSIVE"", ""mmap_mb"": 0, ""synchronous"": ""OFF"", ""temp_store"": ""FILE"", ""threads"": 1}",
005a5c4576e604e095b79fbc71dc7ae56d454a51bd65b54fbd47e1dd7dd1869f,/home/timlittau/Documents/InferQ/analysis/finetuned_rdbms_162/qpy/005a5c4576e604e095b79fbc71dc7ae56d454a51bd65b54fbd47e1dd7dd1869f.qpy,15,28,0.29263538983650506,12204,46,5,41,sqlite,large_size,1,success,0.011739998823031783,1024,59245,"{""automatic_index"": true, ""cache_mb"": 64, ""cache_spill"": false, ""db_path"": "":memory:"", ""journal_mode"": ""OFF"", ""locking_mode"": ""EXCLUSIVE"", ""mmap_mb"": 0, ""synchronous"": ""OFF"", ""temp_store"": ""FILE"", ""threads"": 1}",
005a5c4576e604e095b79fbc71dc7ae56d454a51bd65b54fbd47e1dd7dd1869f,/home/timlittau/Documents/InferQ/analysis/finetuned_rdbms_162/qpy/005a5c4576e604e095b79fbc71dc7ae56d454a51bd65b54fbd47e1dd7dd1869f.qpy,15,28,0.29263538983650506,12204,46,5,41,duckdb,large_size,0,success,0.03493070788681507,1024,59830,"{""max_temp_directory_size"": ""128GB"", ""memory_limit"": ""7409MB"", ""preserve_insertion_order"": true, ""temp_directory"": ""analysis/finetuned/rdbms162_all_engines_120s/tmp/large_size/duckdb"", ""threads"": 1}",
005a5c4576e604e095b79fbc71dc7ae56d454a51bd65b54fbd47e1dd7dd1869f,/home/timlittau/Documents/InferQ/analysis/finetuned_rdbms_162/qpy/005a5c4576e604e095b79fbc71dc7ae56d454a51bd65b54fbd47e1dd7dd1869f.qpy,15,28,0.29263538983650506,12204,46,5,41,duckdb,large_size,1,success,0.03681017900817096,1024,59428,"{""max_temp_directory_size"": ""128GB"", ""memory_limit"": ""7409MB"", ""preserve_insertion_order"": true, ""temp_directory"": ""analysis/finetuned/rdbms162_all_engines_120s/tmp/large_size/duckdb"", ""threads"": 1}",
005a5c4576e604e095b79fbc71dc7ae56d454a51bd65b54fbd47e1dd7dd1869f,/home/timlittau/Documents/InferQ/analysis/finetuned_rdbms_162/qpy/005a5c4576e604e095b79fbc71dc7ae56d454a51bd65b54fbd47e1dd7dd1869f.qpy,15,28,0.29263538983650506,12204,46,5,41,postgres,large_size,0,success,0.017389722168445587,1024,72885,"{""effective_cache_size"": ""2GB"", ""from_collapse_limit"": 1, ""hash_mem_multiplier"": ""1.94"", ""jit"": ""off"", ""join_collapse_limit"": 4, ""max_parallel_workers_per_gather"": 0, ""temp_buffers"": ""65MB"", ""temp_file_limit"": ""-1"", ""work_mem"": ""55MB""}",
005a5c4576e604e095b79fbc71dc7ae56d454a51bd65b54fbd47e1dd7dd1869f,/home/timlittau/Documents/InferQ/analysis/finetuned_rdbms_162/qpy/005a5c4576e604e095b79fbc71dc7ae56d454a51bd65b54fbd47e1dd7dd1869f.qpy,15,28,0.29263538983650506,12204,46,5,41,postgres,large_size,1,success,0.03024969599209726,1024,72789,"{""effective_cache_size"": ""2GB"", ""from_collapse_limit"": 1, ""hash_mem_multiplier"": ""1.94"", ""jit"": ""off"", ""join_collapse_limit"": 4, ""max_parallel_workers_per_gather"": 0, ""temp_buffers"": ""65MB"", ""temp_file_limit"": ""-1"", ""work_mem"": ""55MB""}",
005b20c41364bf0803efa5b9803543df3d925c35db044c5c663faacd480632b8,/home/timlittau/Documents/InferQ/analysis/finetuned_rdbms_162/qpy/005b20c41364bf0803efa5b9803543df3d925c35db044c5c663faacd480632b8.qpy,12,71,0.8204094909597188,24581,86,5,81,sqlite,small_size,0,success,0.011408817954361439,32,4131,"{""automatic_index"": true, ""cache_mb"": 64, ""cache_spill"": false, ""db_path"": "":memory:"", ""journal_mode"": ""OFF"", ""locking_mode"": ""EXCLUSIVE"", ""mmap_mb"": 0, ""synchronous"": ""OFF"", ""temp_store"": ""FILE"", ""threads"": 1}",
005b20c41364bf0803efa5b9803543df3d925c35db044c5c663faacd480632b8,/home/timlittau/Documents/InferQ/analysis/finetuned_rdbms_162/qpy/005b20c41364bf0803efa5b9803543df3d925c35db044c5c663faacd480632b8.qpy,12,71,0.8204094909597188,24581,86,5,81,sqlite,small_size,1,success,0.008031636010855436,32,4131,"{""automatic_index"": true, ""cache_mb"": 64, ""cache_spill"": false, ""db_path"": "":memory:"", ""journal_mode"": ""OFF"", ""locking_mode"": ""EXCLUSIVE"", ""mmap_mb"": 0, ""synchronous"": ""OFF"", ""temp_store"": ""FILE"", ""threads"": 1}",
005b20c41364bf0803efa5b9803543df3d925c35db044c5c663faacd480632b8,/home/timlittau/Documents/InferQ/analysis/finetuned_rdbms_162/qpy/005b20c41364bf0803efa5b9803543df3d925c35db044c5c663faacd480632b8.qpy,12,71,0.8204094909597188,24581,86,5,81,duckdb,small_size,0,success,3.3613045690581203,32,29126,"{""max_temp_directory_size"": ""256GB"", ""memory_limit"": ""10780MB"", ""preserve_insertion_order"": false, ""temp_directory"": ""analysis/finetuned/rdbms162_all_engines_120s/tmp/small_size/duckdb"", ""threads"": 2}",
005b20c41364bf0803efa5b9803543df3d925c35db044c5c663faacd480632b8,/home/timlittau/Documents/InferQ/analysis/finetuned_rdbms_162/qpy/005b20c41364bf0803efa5b9803543df3d925c35db044c5c663faacd480632b8.qpy,12,71,0.8204094909597188,24581,86,5,81,duckdb,small_size,1,success,3.3645332150626928,32,28590,"{""max_temp_directory_size"": ""256GB"", ""memory_limit"": ""10780MB"", ""preserve_insertion_order"": false, ""temp_directory"": ""analysis/finetuned/rdbms162_all_engines_120s/tmp/small_size/duckdb"", ""threads"": 2}",
005b20c41364bf0803efa5b9803543df3d925c35db044c5c663faacd480632b8,/home/timlittau/Documents/InferQ/analysis/finetuned_rdbms_162/qpy/005b20c41364bf0803efa5b9803543df3d925c35db044c5c663faacd480632b8.qpy,12,71,0.8204094909597188,24581,86,5,81,postgres,small_size,0,success,0.026707330951467156,32,30112,"{""effective_cache_size"": ""8GB"", ""from_collapse_limit"": 1, ""hash_mem_multiplier"": ""2.0"", ""jit"": ""off"", ""join_collapse_limit"": 1, ""max_parallel_workers_per_gather"": 4, ""temp_buffers"": ""128MB"", ""temp_file_limit"": ""-1"", ""work_mem"": ""256MB""}",
005b20c41364bf0803efa5b9803543df3d925c35db044c5c663faacd480632b8,/home/timlittau/Documents/InferQ/analysis/finetuned_rdbms_162/qpy/005b20c41364bf0803efa5b9803543df3d925c35db044c5c663faacd480632b8.qpy,12,71,0.8204094909597188,24581,86,5,81,postgres,small_size,1,success,0.024523578118532896,32,30112,"{""effective_cache_size"": ""8GB"", ""from_collapse_limit"": 1, ""hash_mem_multiplier"": ""2.0"", ""jit"": ""off"", ""join_collapse_limit"": 1, ""max_parallel_workers_per_gather"": 4, ""temp_buffers"": ""128MB"", ""temp_file_limit"": ""-1"", ""work_mem"": ""256MB""}",
005e45e1132d99187ab4bc10d83a173ebb9c158af3dbc1e79058f0118f315f3a,/home/timlittau/Documents/InferQ/analysis/finetuned_rdbms_162/qpy/005e45e1132d99187ab4bc10d83a173ebb9c158af3dbc1e79058f0118f315f3a.qpy,5,41,0.42427412094548345,14087,49,5,44,sqlite,small_size,0,success,0.006530115846544504,32,4131,"{""automatic_index"": true, ""cache_mb"": 64, ""cache_spill"": false, ""db_path"": "":memory:"", ""journal_mode"": ""OFF"", ""locking_mode"": ""EXCLUSIVE"", ""mmap_mb"": 0, ""synchronous"": ""OFF"", ""temp_store"": ""FILE"", ""threads"": 1}",
005e45e1132d99187ab4bc10d83a173ebb9c158af3dbc1e79058f0118f315f3a,/home/timlittau/Documents/InferQ/analysis/finetuned_rdbms_162/qpy/005e45e1132d99187ab4bc10d83a173ebb9c158af3dbc1e79058f0118f315f3a.qpy,5,41,0.42427412094548345,14087,49,5,44,sqlite,small_size,1,success,0.004893681965768337,32,4131,"{""automatic_index"": true, ""cache_mb"": 64, ""cache_spill"": false, ""db_path"": "":memory:"", ""journal_mode"": ""OFF"", ""locking_mode"": ""EXCLUSIVE"", ""mmap_mb"": 0, ""synchronous"": ""OFF"", ""temp_store"": ""FILE"", ""threads"": 1}",
005e45e1132d99187ab4bc10d83a173ebb9c158af3dbc1e79058f0118f315f3a,/home/timlittau/Documents/InferQ/analysis/finetuned_rdbms_162/qpy/005e45e1132d99187ab4bc10d83a173ebb9c158af3dbc1e79058f0118f315f3a.qpy,5,41,0.42427412094548345,14087,49,5,44,duckdb,small_size,0,success,1.2004634770564735,32,18310,"{""max_temp_directory_size"": ""256GB"", ""memory_limit"": ""10780MB"", ""preserve_insertion_order"": false, ""temp_directory"": ""analysis/finetuned/rdbms162_all_engines_120s/tmp/small_size/duckdb"", ""threads"": 2}",
005e45e1132d99187ab4bc10d83a173ebb9c158af3dbc1e79058f0118f315f3a,/home/timlittau/Documents/InferQ/analysis/finetuned_rdbms_162/qpy/005e45e1132d99187ab4bc10d83a173ebb9c158af3dbc1e79058f0118f315f3a.qpy,5,41,0.42427412094548345,14087,49,5,44,duckdb,small_size,1,success,1.1960713099688292,32,18002,"{""max_temp_directory_size"": ""256GB"", ""memory_limit"": ""10780MB"", ""preserve_insertion_order"": false, ""temp_directory"": ""analysis/finetuned/rdbms162_all_engines_120s/tmp/small_size/duckdb"", ""threads"": 2}",
005e45e1132d99187ab4bc10d83a173ebb9c158af3dbc1e79058f0118f315f3a,/home/timlittau/Documents/InferQ/analysis/finetuned_rdbms_162/qpy/005e45e1132d99187ab4bc10d83a173ebb9c158af3dbc1e79058f0118f315f3a.qpy,5,41,0.42427412094548345,14087,49,5,44,postgres,small_size,0,success,0.011991783045232296,32,19052,"{""effective_cache_size"": ""8GB"", ""from_collapse_limit"": 1, ""hash_mem_multiplier"": ""2.0"", ""jit"": ""off"", ""join_collapse_limit"": 1, ""max_parallel_workers_per_gather"": 4, ""temp_buffers"": ""128MB"", ""temp_file_limit"": ""-1"", ""work_mem"": ""256MB""}",
005e45e1132d99187ab4bc10d83a173ebb9c158af3dbc1e79058f0118f315f3a,/home/timlittau/Documents/InferQ/analysis/finetuned_rdbms_162/qpy/005e45e1132d99187ab4bc10d83a173ebb9c158af3dbc1e79058f0118f315f3a.qpy,5,41,0.42427412094548345,14087,49,5,44,postgres,small_size,1,success,0.012704577064141631,32,19212,"{""effective_cache_size"": ""8GB"", ""from_collapse_limit"": 1, ""hash_mem_multiplier"": ""2.0"", ""jit"": ""off"", ""join_collapse_limit"": 1, ""max_parallel_workers_per_gather"": 4, ""temp_buffers"": ""128MB"", ""temp_file_limit"": ""-1"", ""work_mem"": ""256MB""}",
0061cf2bab1901247dd18013215f70125f1acb02be872d20f04d4d463ab66f2a,/home/timlittau/Documents/InferQ/analysis/finetuned_rdbms_162/qpy/0061cf2bab1901247dd18013215f70125f1acb02be872d20f04d4d463ab66f2a.qpy,9,26,0.31915735895745456,9766,37,4,33,sqlite,small_size,0,success,0.00798644800670445,512,30029,"{""automatic_index"": true, ""cache_mb"": 64, ""cache_spill"": false, ""db_path"": "":memory:"", ""journal_mode"": ""OFF"", ""locking_mode"": ""EXCLUSIVE"", ""mmap_mb"": 0, ""synchronous"": ""OFF"", ""temp_store"": ""FILE"", ""threads"": 1}",
0061cf2bab1901247dd18013215f70125f1acb02be872d20f04d4d463ab66f2a,/home/timlittau/Documents/InferQ/analysis/finetuned_rdbms_162/qpy/0061cf2bab1901247dd18013215f70125f1acb02be872d20f04d4d463ab66f2a.qpy,9,26,0.31915735895745456,9766,37,4,33,sqlite,small_size,1,success,0.0054819281212985516,512,30029,"{""automatic_index"": true, ""cache_mb"": 64, ""cache_spill"": false, ""db_path"": "":memory:"", ""journal_mode"": ""OFF"", ""locking_mode"": ""EXCLUSIVE"", ""mmap_mb"": 0, ""synchronous"": ""OFF"", ""temp_store"": ""FILE"", ""threads"": 1}",
0061cf2bab1901247dd18013215f70125f1acb02be872d20f04d4d463ab66f2a,/home/timlittau/Documents/InferQ/analysis/finetuned_rdbms_162/qpy/0061cf2bab1901247dd18013215f70125f1acb02be872d20f04d4d463ab66f2a.qpy,9,26,0.31915735895745456,9766,37,4,33,duckdb,small_size,0,success,0.043655957793816924,512,30394,"{""max_temp_directory_size"": ""256GB"", ""memory_limit"": ""10780MB"", ""preserve_insertion_order"": false, ""temp_directory"": ""analysis/finetuned/rdbms162_all_engines_120s/tmp/small_size/duckdb"", ""threads"": 2}",
0061cf2bab1901247dd18013215f70125f1acb02be872d20f04d4d463ab66f2a,/home/timlittau/Documents/InferQ/analysis/finetuned_rdbms_162/qpy/0061cf2bab1901247dd18013215f70125f1acb02be872d20f04d4d463ab66f2a.qpy,9,26,0.31915735895745456,9766,37,4,33,duckdb,small_size,1,success,0.04466966004110873,512,30176,"{""max_temp_directory_size"": ""256GB"", ""memory_limit"": ""10780MB"", ""preserve_insertion_order"": false, ""temp_directory"": ""analysis/finetuned/rdbms162_all_engines_120s/tmp/small_size/duckdb"", ""threads"": 2}",
0061cf2bab1901247dd18013215f70125f1acb02be872d20f04d4d463ab66f2a,/home/timlittau/Documents/InferQ/analysis/finetuned_rdbms_162/qpy/0061cf2bab1901247dd18013215f70125f1acb02be872d20f04d4d463ab66f2a.qpy,9,26,0.31915735895745456,9766,37,4,33,postgres,small_size,0,success,0.01005703117698431,512,41305,"{""effective_cache_size"": ""8GB"", ""from_collapse_limit"": 1, ""hash_mem_multiplier"": ""2.0"", ""jit"": ""off"", ""join_collapse_limit"": 1, ""max_parallel_workers_per_gather"": 4, ""temp_buffers"": ""128MB"", ""temp_file_limit"": ""-1"", ""work_mem"": ""256MB""}",
0061cf2bab1901247dd18013215f70125f1acb02be872d20f04d4d463ab66f2a,/home/timlittau/Documents/InferQ/analysis/finetuned_rdbms_162/qpy/0061cf2bab1901247dd18013215f70125f1acb02be872d20f04d4d463ab66f2a.qpy,9,26,0.31915735895745456,9766,37,4,33,postgres,small_size,1,success,0.009955289075151086,512,41145,"{""effective_cache_size"": ""8GB"", ""from_collapse_limit"": 1, ""hash_mem_multiplier"": ""2.0"", ""jit"": ""off"", ""join_collapse_limit"": 1, ""max_parallel_workers_per_gather"": 4, ""temp_buffers"": ""128MB"", ""temp_file_limit"": ""-1"", ""work_mem"": ""256MB""}",
0062bc540794485a854184beef847ecbe6c6d294ea06c5c478285017a3499a62,/home/timlittau/Documents/InferQ/analysis/finetuned_rdbms_162/qpy/0062bc540794485a854184beef847ecbe6c6d294ea06c5c478285017a3499a62.qpy,15,66,1.0791617759969085,23478,82,3,79,sqlite,large_size,0,success,0.26305811293423176,32768,3807969,"{""automatic_index"": true, ""cache_mb"": 64, ""cache_spill"": false, ""db_path"": "":memory:"", ""journal_mode"": ""OFF"", ""locking_mode"": ""EXCLUSIVE"", ""mmap_mb"": 0, ""synchronous"": ""OFF"", ""temp_store"": ""FILE"", ""threads"": 1}",
0062bc540794485a854184beef847ecbe6c6d294ea06c5c478285017a3499a62,/home/timlittau/Documents/InferQ/analysis/finetuned_rdbms_162/qpy/0062bc540794485a854184beef847ecbe6c6d294ea06c5c478285017a3499a62.qpy,15,66,1.0791617759969085,23478,82,3,79,sqlite,large_size,1,success,0.25355351995676756,32768,3807969,"{""automatic_index"": true, ""cache_mb"": 64, ""cache_spill"": false, ""db_path"": "":memory:"", ""journal_mode"": ""OFF"", ""locking_mode"": ""EXCLUSIVE"", ""mmap_mb"": 0, ""synchronous"": ""OFF"", ""temp_store"": ""FILE"", ""threads"": 1}",
0062bc540794485a854184beef847ecbe6c6d294ea06c5c478285017a3499a62,/home/timlittau/Documents/InferQ/analysis/finetuned_rdbms_162/qpy/0062bc540794485a854184beef847ecbe6c6d294ea06c5c478285017a3499a62.qpy,15,66,1.0791617759969085,23478,82,3,79,duckdb,large_size,0,success,1.8857385430019349,32768,3808882,"{""max_temp_directory_size"": ""128GB"", ""memory_limit"": ""7409MB"", ""preserve_insertion_order"": true, ""temp_directory"": ""analysis/finetuned/rdbms162_all_engines_120s/tmp/large_size/duckdb"", ""threads"": 1}",
0062bc540794485a854184beef847ecbe6c6d294ea06c5c478285017a3499a62,/home/timlittau/Documents/InferQ/analysis/finetuned_rdbms_162/qpy/0062bc540794485a854184beef847ecbe6c6d294ea06c5c478285017a3499a62.qpy,15,66,1.0791617759969085,23478,82,3,79,duckdb,large_size,1,success,1.8803292610682547,32768,3808724,"{""max_temp_directory_size"": ""128GB"", ""memory_limit"": ""7409MB"", ""preserve_insertion_order"": true, ""temp_directory"": ""analysis/finetuned/rdbms162_all_engines_120s/tmp/large_size/duckdb"", ""threads"": 1}",
0062bc540794485a854184beef847ecbe6c6d294ea06c5c478285017a3499a62,/home/timlittau/Documents/InferQ/analysis/finetuned_rdbms_162/qpy/0062bc540794485a854184beef847ecbe6c6d294ea06c5c478285017a3499a62.qpy,15,66,1.0791617759969085,23478,82,3,79,postgres,large_size,0,success,1.115989699959755,32768,3830173,"{""effective_cache_size"": ""2GB"", ""from_collapse_limit"": 1, ""hash_mem_multiplier"": ""1.94"", ""jit"": ""off"", ""join_collapse_limit"": 4, ""max_parallel_workers_per_gather"": 0, ""temp_buffers"": ""65MB"", ""temp_file_limit"": ""-1"", ""work_mem"": ""55MB""}",
0062bc540794485a854184beef847ecbe6c6d294ea06c5c478285017a3499a62,/home/timlittau/Documents/InferQ/analysis/finetuned_rdbms_162/qpy/0062bc540794485a854184beef847ecbe6c6d294ea06c5c478285017a3499a62.qpy,15,66,1.0791617759969085,23478,82,3,79,postgres,large_size,1,success,1.1115371680352837,32768,3830173,"{""effective_cache_size"": ""2GB"", ""from_collapse_limit"": 1, ""hash_mem_multiplier"": ""1.94"", ""jit"": ""off"", ""join_collapse_limit"": 4, ""max_parallel_workers_per_gather"": 0, ""temp_buffers"": ""65MB"", ""temp_file_limit"": ""-1"", ""work_mem"": ""55MB""}",
0064d0f274c70b14cea167b8c8c15239376ba2764db790b7b968e7bf3008da2d,/home/timlittau/Documents/InferQ/analysis/finetuned_rdbms_162/qpy/0064d0f274c70b14cea167b8c8c15239376ba2764db790b7b968e7bf3008da2d.qpy,13,138,1.8657347271218896,44985,155,6,149,sqlite,large_size,0,success,0.9855405050329864,8192,1452557,"{""automatic_index"": true, ""cache_mb"": 64, ""cache_spill"": false, ""db_path"": "":memory:"", ""journal_mode"": ""OFF"", ""locking_mode"": ""EXCLUSIVE"", ""mmap_mb"": 0, ""synchronous"": ""OFF"", ""temp_store"": ""FILE"", ""threads"": 1}",
0064d0f274c70b14cea167b8c8c15239376ba2764db790b7b968e7bf3008da2d,/home/timlittau/Documents/InferQ/analysis/finetuned_rdbms_162/qpy/0064d0f274c70b14cea167b8c8c15239376ba2764db790b7b968e7bf3008da2d.qpy,13,138,1.8657347271218896,44985,155,6,149,sqlite,large_size,1,success,0.9616288950201124,8192,1452557,"{""automatic_index"": true, ""cache_mb"": 64, ""cache_spill"": false, ""db_path"": "":memory:"", ""journal_mode"": ""OFF"", ""locking_mode"": ""EXCLUSIVE"", ""mmap_mb"": 0, ""synchronous"": ""OFF"", ""temp_store"": ""FILE"", ""threads"": 1}",
0064d0f274c70b14cea167b8c8c15239376ba2764db790b7b968e7bf3008da2d,/home/timlittau/Documents/InferQ/analysis/finetuned_rdbms_162/qpy/0064d0f274c70b14cea167b8c8c15239376ba2764db790b7b968e7bf3008da2d.qpy,13,138,1.8657347271218896,44985,155,6,149,duckdb,large_size,0,success,30.07580496603623,8192,1453204,"{""max_temp_directory_size"": ""128GB"", ""memory_limit"": ""7409MB"", ""preserve_insertion_order"": true, ""temp_directory"": ""analysis/finetuned/rdbms162_all_engines_120s/tmp/large_size/duckdb"", ""threads"": 1}",
0064d0f274c70b14cea167b8c8c15239376ba2764db790b7b968e7bf3008da2d,/home/timlittau/Documents/InferQ/analysis/finetuned_rdbms_162/qpy/0064d0f274c70b14cea167b8c8c15239376ba2764db790b7b968e7bf3008da2d.qpy,13,138,1.8657347271218896,44985,155,6,149,duckdb,large_size,1,success,30.15898872516118,8192,1452982,"{""max_temp_directory_size"": ""128GB"", ""memory_limit"": ""7409MB"", ""preserve_insertion_order"": true, ""temp_directory"": ""analysis/finetuned/rdbms162_all_engines_120s/tmp/large_size/duckdb"", ""threads"": 1}",
0064d0f274c70b14cea167b8c8c15239376ba2764db790b7b968e7bf3008da2d,/home/timlittau/Documents/InferQ/analysis/finetuned_rdbms_162/qpy/0064d0f274c70b14cea167b8c8c15239376ba2764db790b7b968e7bf3008da2d.qpy,13,138,1.8657347271218896,44985,155,6,149,postgres,large_size,0,success,3.693615130148828,8192,1497840,"{""effective_cache_size"": ""2GB"", ""from_collapse_limit"": 1, ""hash_mem_multiplier"": ""1.94"", ""jit"": ""off"", ""join_collapse_limit"": 4, ""max_parallel_workers_per_gather"": 0, ""temp_buffers"": ""65MB"", ""temp_file_limit"": ""-1"", ""work_mem"": ""55MB""}",
0064d0f274c70b14cea167b8c8c15239376ba2764db790b7b968e7bf3008da2d,/home/timlittau/Documents/InferQ/analysis/finetuned_rdbms_162/qpy/0064d0f274c70b14cea167b8c8c15239376ba2764db790b7b968e7bf3008da2d.qpy,13,138,1.8657347271218896,44985,155,6,149,postgres,large_size,1,success,3.695653641130775,8192,1497840,"{""effective_cache_size"": ""2GB"", ""from_collapse_limit"": 1, ""hash_mem_multiplier"": ""1.94"", ""jit"": ""off"", ""join_collapse_limit"": 4, ""max_parallel_workers_per_gather"": 0, ""temp_buffers"": ""65MB"", ""temp_file_limit"": ""-1"", ""work_mem"": ""55MB""}",
006645a56cc168d3f440e3347646cff0ee7f413d77e2b2ae52fdcc821903823b,/home/timlittau/Documents/InferQ/analysis/finetuned_rdbms_162/qpy/006645a56cc168d3f440e3347646cff0ee7f413d77e2b2ae52fdcc821903823b.qpy,6,47,0.48958949907682836,16478,59,8,51,sqlite,large_size,0,success,0.008718863828107715,64,4875,"{""automatic_index"": true, ""cache_mb"": 64, ""cache_spill"": false, ""db_path"": "":memory:"", ""journal_mode"": ""OFF"", ""locking_mode"": ""EXCLUSIVE"", ""mmap_mb"": 0, ""synchronous"": ""OFF"", ""temp_store"": ""FILE"", ""threads"": 1}",
006645a56cc168d3f440e3347646cff0ee7f413d77e2b2ae52fdcc821903823b,/home/timlittau/Documents/InferQ/analysis/finetuned_rdbms_162/qpy/006645a56cc168d3f440e3347646cff0ee7f413d77e2b2ae52fdcc821903823b.qpy,6,47,0.48958949907682836,16478,59,8,51,sqlite,large_size,1,success,0.0065033279825001955,64,4875,"{""automatic_index"": true, ""cache_mb"": 64, ""cache_spill"": false, ""db_path"": "":memory:"", ""journal_mode"": ""OFF"", ""locking_mode"": ""EXCLUSIVE"", ""mmap_mb"": 0, ""synchronous"": ""OFF"", ""temp_store"": ""FILE"", ""threads"": 1}",
006645a56cc168d3f440e3347646cff0ee7f413d77e2b2ae52fdcc821903823b,/home/timlittau/Documents/InferQ/analysis/finetuned_rdbms_162/qpy/006645a56cc168d3f440e3347646cff0ee7f413d77e2b2ae52fdcc821903823b.qpy,6,47,0.48958949907682836,16478,59,8,51,duckdb,large_size,0,success,1.6827727139461786,64,20827,"{""max_temp_directory_size"": ""128GB"", ""memory_limit"": ""7409MB"", ""preserve_insertion_order"": true, ""temp_directory"": ""analysis/finetuned/rdbms162_all_engines_120s/tmp/large_size/duckdb"", ""threads"": 1}",
006645a56cc168d3f440e3347646cff0ee7f413d77e2b2ae52fdcc821903823b,/home/timlittau/Documents/InferQ/analysis/finetuned_rdbms_162/qpy/006645a56cc168d3f440e3347646cff0ee7f413d77e2b2ae52fdcc821903823b.qpy,6,47,0.48958949907682836,16478,59,8,51,duckdb,large_size,1,success,1.6797485339920968,64,20765,"{""max_temp_directory_size"": ""128GB"", ""memory_limit"": ""7409MB"", ""preserve_insertion_order"": true, ""temp_directory"": ""analysis/finetuned/rdbms162_all_engines_120s/tmp/large_size/duckdb"", ""threads"": 1}",
006645a56cc168d3f440e3347646cff0ee7f413d77e2b2ae52fdcc821903823b,/home/timlittau/Documents/InferQ/analysis/finetuned_rdbms_162/qpy/006645a56cc168d3f440e3347646cff0ee7f413d77e2b2ae52fdcc821903823b.qpy,6,47,0.48958949907682836,16478,59,8,51,postgres,large_size,0,success,0.015889534028247,64,22503,"{""effective_cache_size"": ""2GB"", ""from_collapse_limit"": 1, ""hash_mem_multiplier"": ""1.94"", ""jit"": ""off"", ""join_collapse_limit"": 4, ""max_parallel_workers_per_gather"": 0, ""temp_buffers"": ""65MB"", ""temp_file_limit"": ""-1"", ""work_mem"": ""55MB""}",
006645a56cc168d3f440e3347646cff0ee7f413d77e2b2ae52fdcc821903823b,/home/timlittau/Documents/InferQ/analysis/finetuned_rdbms_162/qpy/006645a56cc168d3f440e3347646cff0ee7f413d77e2b2ae52fdcc821903823b.qpy,6,47,0.48958949907682836,16478,59,8,51,postgres,large_size,1,success,0.015933986054733396,64,22663,"{""effective_cache_size"": ""2GB"", ""from_collapse_limit"": 1, ""hash_mem_multiplier"": ""1.94"", ""jit"": ""off"", ""join_collapse_limit"": 4, ""max_parallel_workers_per_gather"": 0, ""temp_buffers"": ""65MB"", ""temp_file_limit"": ""-1"", ""work_mem"": ""55MB""}",
0066b3a45aad5ad6bacd69d925d0dc05175a0bb55b7c28046affd49a37905f61,/home/timlittau/Documents/InferQ/analysis/finetuned_rdbms_162/qpy/0066b3a45aad5ad6bacd69d925d0dc05175a0bb55b7c28046affd49a37905f61.qpy,6,50,0.5381740538869053,17072,59,5,54,sqlite,small_size,0,success,0.009767217095941305,64,4875,"{""automatic_index"": true, ""cache_mb"": 64, ""cache_spill"": false, ""db_path"": "":memory:"", ""journal_mode"": ""OFF"", ""locking_mode"": ""EXCLUSIVE"", ""mmap_mb"": 0, ""synchronous"": ""OFF"", ""temp_store"": ""FILE"", ""threads"": 1}",
0066b3a45aad5ad6bacd69d925d0dc05175a0bb55b7c28046affd49a37905f61,/home/timlittau/Documents/InferQ/analysis/finetuned_rdbms_162/qpy/0066b3a45aad5ad6bacd69d925d0dc05175a0bb55b7c28046affd49a37905f61.qpy,6,50,0.5381740538869053,17072,59,5,54,sqlite,small_size,1,success,0.0072321349289268255,64,4875,"{""automatic_index"": true, ""cache_mb"": 64, ""cache_spill"": false, ""db_path"": "":memory:"", ""journal_mode"": ""OFF"", ""locking_mode"": ""EXCLUSIVE"", ""mmap_mb"": 0, ""synchronous"": ""OFF"", ""temp_store"": ""FILE"", ""threads"": 1}",
0066b3a45aad5ad6bacd69d925d0dc05175a0bb55b7c28046affd49a37905f61,/home/timlittau/Documents/InferQ/analysis/finetuned_rdbms_162/qpy/0066b3a45aad5ad6bacd69d925d0dc05175a0bb55b7c28046affd49a37905f61.qpy,6,50,0.5381740538869053,17072,59,5,54,duckdb,small_size,0,success,6.578216533176601,64,21515,"{""max_temp_directory_size"": ""256GB"", ""memory_limit"": ""10780MB"", ""preserve_insertion_order"": false, ""temp_directory"": ""analysis/finetuned/rdbms162_all_engines_120s/tmp/small_size/duckdb"", ""threads"": 2}",
0066b3a45aad5ad6bacd69d925d0dc05175a0bb55b7c28046affd49a37905f61,/home/timlittau/Documents/InferQ/analysis/finetuned_rdbms_162/qpy/0066b3a45aad5ad6bacd69d925d0dc05175a0bb55b7c28046affd49a37905f61.qpy,6,50,0.5381740538869053,17072,59,5,54,duckdb,small_size,1,success,6.5732419160194695,64,20987,"{""max_temp_directory_size"": ""256GB"", ""memory_limit"": ""10780MB"", ""preserve_insertion_order"": false, ""temp_directory"": ""analysis/finetuned/rdbms162_all_engines_120s/tmp/small_size/duckdb"", ""threads"": 2}",
0066b3a45aad5ad6bacd69d925d0dc05175a0bb55b7c28046affd49a37905f61,/home/timlittau/Documents/InferQ/analysis/finetuned_rdbms_162/qpy/0066b3a45aad5ad6bacd69d925d0dc05175a0bb55b7c28046affd49a37905f61.qpy,6,50,0.5381740538869053,17072,59,5,54,postgres,small_size,0,success,0.018433489836752415,64,23258,"{""effective_cache_size"": ""8GB"", ""from_collapse_limit"": 1, ""hash_mem_multiplier"": ""2.0"", ""jit"": ""off"", ""join_collapse_limit"": 1, ""max_parallel_workers_per_gather"": 4, ""temp_buffers"": ""128MB"", ""temp_file_limit"": ""-1"", ""work_mem"": ""256MB""}",
0066b3a45aad5ad6bacd69d925d0dc05175a0bb55b7c28046affd49a37905f61,/home/timlittau/Documents/InferQ/analysis/finetuned_rdbms_162/qpy/0066b3a45aad5ad6bacd69d925d0dc05175a0bb55b7c28046affd49a37905f61.qpy,6,50,0.5381740538869053,17072,59,5,54,postgres,small_size,1,success,0.01946705998852849,64,23098,"{""effective_cache_size"": ""8GB"", ""from_collapse_limit"": 1, ""hash_mem_multiplier"": ""2.0"", ""jit"": ""off"", ""join_collapse_limit"": 1, ""max_parallel_workers_per_gather"": 4, ""temp_buffers"": ""128MB"", ""temp_file_limit"": ""-1"", ""work_mem"": ""256MB""}",
00688bd205d099cee9935d5216d98e85ceb05cd6eec3ffdef86dd3dbd1025589,/home/timlittau/Documents/InferQ/analysis/finetuned_rdbms_162/qpy/00688bd205d099cee9935d5216d98e85ceb05cd6eec3ffdef86dd3dbd1025589.qpy,12,16,0.1610377780161798,7703,30,4,26,sqlite,small_size,0,success,0.0034264710266143084,64,4875,"{""automatic_index"": true, ""cache_mb"": 64, ""cache_spill"": false, ""db_path"": "":memory:"", ""journal_mode"": ""OFF"", ""locking_mode"": ""EXCLUSIVE"", ""mmap_mb"": 0, ""synchronous"": ""OFF"", ""temp_store"": ""FILE"", ""threads"": 1}",
00688bd205d099cee9935d5216d98e85ceb05cd6eec3ffdef86dd3dbd1025589,/home/timlittau/Documents/InferQ/analysis/finetuned_rdbms_162/qpy/00688bd205d099cee9935d5216d98e85ceb05cd6eec3ffdef86dd3dbd1025589.qpy,12,16,0.1610377780161798,7703,30,4,26,sqlite,small_size,1,success,0.002273203106597066,64,4875,"{""automatic_index"": true, ""cache_mb"": 64, ""cache_spill"": false, ""db_path"": "":memory:"", ""journal_mode"": ""OFF"", ""locking_mode"": ""EXCLUSIVE"", ""mmap_mb"": 0, ""synchronous"": ""OFF"", ""temp_store"": ""FILE"", ""threads"": 1}",
00688bd205d099cee9935d5216d98e85ceb05cd6eec3ffdef86dd3dbd1025589,/home/timlittau/Documents/InferQ/analysis/finetuned_rdbms_162/qpy/00688bd205d099cee9935d5216d98e85ceb05cd6eec3ffdef86dd3dbd1025589.qpy,12,16,0.1610377780161798,7703,30,4,26,duckdb,small_size,0,success,0.017810867866501212,64,11650,"{""max_temp_directory_size"": ""256GB"", ""memory_limit"": ""10780MB"", ""preserve_insertion_order"": false, ""temp_directory"": ""analysis/finetuned/rdbms162_all_engines_120s/tmp/small_size/duckdb"", ""threads"": 2}",
00688bd205d099cee9935d5216d98e85ceb05cd6eec3ffdef86dd3dbd1025589,/home/timlittau/Documents/InferQ/analysis/finetuned_rdbms_162/qpy/00688bd205d099cee9935d5216d98e85ceb05cd6eec3ffdef86dd3dbd1025589.qpy,12,16,0.1610377780161798,7703,30,4,26,duckdb,small_size,1,success,0.01734240585938096,64,11592,"{""max_temp_directory_size"": ""256GB"", ""memory_limit"": ""10780MB"", ""preserve_insertion_order"": false, ""temp_directory"": ""analysis/finetuned/rdbms162_all_engines_120s/tmp/small_size/duckdb"", ""threads"": 2}",
00688bd205d099cee9935d5216d98e85ceb05cd6eec3ffdef86dd3dbd1025589,/home/timlittau/Documents/InferQ/analysis/finetuned_rdbms_162/qpy/00688bd205d099cee9935d5216d98e85ceb05cd6eec3ffdef86dd3dbd1025589.qpy,12,16,0.1610377780161798,7703,30,4,26,postgres,small_size,0,success,0.005278337048366666,64,14259,"{""effective_cache_size"": ""8GB"", ""from_collapse_limit"": 1, ""hash_mem_multiplier"": ""2.0"", ""jit"": ""off"", ""join_collapse_limit"": 1, ""max_parallel_workers_per_gather"": 4, ""temp_buffers"": ""128MB"", ""temp_file_limit"": ""-1"", ""work_mem"": ""256MB""}",
00688bd205d099cee9935d5216d98e85ceb05cd6eec3ffdef86dd3dbd1025589,/home/timlittau/Documents/InferQ/analysis/finetuned_rdbms_162/qpy/00688bd205d099cee9935d5216d98e85ceb05cd6eec3ffdef86dd3dbd1025589.qpy,12,16,0.1610377780161798,7703,30,4,26,postgres,small_size,1,success,0.0052641611546278,64,14259,"{""effective_cache_size"": ""8GB"", ""from_collapse_limit"": 1, ""hash_mem_multiplier"": ""2.0"", ""jit"": ""off"", ""join_collapse_limit"": 1, ""max_parallel_workers_per_gather"": 4, ""temp_buffers"": ""128MB"", ""temp_file_limit"": ""-1"", ""work_mem"": ""256MB""}",
00693e4aa6d9d3e3177f19155f69748e3087a8bffa4a0a5dbfd1cd3fa85714df,/home/timlittau/Documents/InferQ/analysis/finetuned_rdbms_162/qpy/00693e4aa6d9d3e3177f19155f69748e3087a8bffa4a0a5dbfd1cd3fa85714df.qpy,11,26,0.2529951019678265,11336,42,7,35,sqlite,large_size,0,success,0.004442611942067742,64,5355,"{""automatic_index"": true, ""cache_mb"": 64, ""cache_spill"": false, ""db_path"": "":memory:"", ""journal_mode"": ""OFF"", ""locking_mode"": ""EXCLUSIVE"", ""mmap_mb"": 0, ""synchronous"": ""OFF"", ""temp_store"": ""FILE"", ""threads"": 1}",
00693e4aa6d9d3e3177f19155f69748e3087a8bffa4a0a5dbfd1cd3fa85714df,/home/timlittau/Documents/InferQ/analysis/finetuned_rdbms_162/qpy/00693e4aa6d9d3e3177f19155f69748e3087a8bffa4a0a5dbfd1cd3fa85714df.qpy,11,26,0.2529951019678265,11336,42,7,35,sqlite,large_size,1,success,0.0031091279815882444,64,4875,"{""automatic_index"": true, ""cache_mb"": 64, ""cache_spill"": false, ""db_path"": "":memory:"", ""journal_mode"": ""OFF"", ""locking_mode"": ""EXCLUSIVE"", ""mmap_mb"": 0, ""synchronous"": ""OFF"", ""temp_store"": ""FILE"", ""threads"": 1}",
00693e4aa6d9d3e3177f19155f69748e3087a8bffa4a0a5dbfd1cd3fa85714df,/home/timlittau/Documents/InferQ/analysis/finetuned_rdbms_162/qpy/00693e4aa6d9d3e3177f19155f69748e3087a8bffa4a0a5dbfd1cd3fa85714df.qpy,11,26,0.2529951019678265,11336,42,7,35,duckdb,large_size,0,success,0.037928823148831725,64,15407,"{""max_temp_directory_size"": ""128GB"", ""memory_limit"": ""7409MB"", ""preserve_insertion_order"": true, ""temp_directory"": ""analysis/finetuned/rdbms162_all_engines_120s/tmp/large_size/duckdb"", ""threads"": 1}",
00693e4aa6d9d3e3177f19155f69748e3087a8bffa4a0a5dbfd1cd3fa85714df,/home/timlittau/Documents/InferQ/analysis/finetuned_rdbms_162/qpy/00693e4aa6d9d3e3177f19155f69748e3087a8bffa4a0a5dbfd1cd3fa85714df.qpy,11,26,0.2529951019678265,11336,42,7,35,duckdb,large_size,1,success,0.03781510191038251,64,15221,"{""max_temp_directory_size"": ""128GB"", ""memory_limit"": ""7409MB"", ""preserve_insertion_order"": true, ""temp_directory"": ""analysis/finetuned/rdbms162_all_engines_120s/tmp/large_size/duckdb"", ""threads"": 1}",
00693e4aa6d9d3e3177f19155f69748e3087a8bffa4a0a5dbfd1cd3fa85714df,/home/timlittau/Documents/InferQ/analysis/finetuned_rdbms_162/qpy/00693e4aa6d9d3e3177f19155f69748e3087a8bffa4a0a5dbfd1cd3fa85714df.qpy,11,26,0.2529951019678265,11336,42,7,35,postgres,large_size,0,success,0.007520423037931323,64,17805,"{""effective_cache_size"": ""2GB"", ""from_collapse_limit"": 1, ""hash_mem_multiplier"": ""1.94"", ""jit"": ""off"", ""join_collapse_limit"": 4, ""max_parallel_workers_per_gather"": 0, ""temp_buffers"": ""65MB"", ""temp_file_limit"": ""-1"", ""work_mem"": ""55MB""}",
00693e4aa6d9d3e3177f19155f69748e3087a8bffa4a0a5dbfd1cd3fa85714df,/home/timlittau/Documents/InferQ/analysis/finetuned_rdbms_162/qpy/00693e4aa6d9d3e3177f19155f69748e3087a8bffa4a0a5dbfd1cd3fa85714df.qpy,11,26,0.2529951019678265,11336,42,7,35,postgres,large_size,1,success,0.007398545974865556,64,17805,"{""effective_cache_size"": ""2GB"", ""from_collapse_limit"": 1, ""hash_mem_multiplier"": ""1.94"", ""jit"": ""off"", ""join_collapse_limit"": 4, ""max_parallel_workers_per_gather"": 0, ""temp_buffers"": ""65MB"", ""temp_file_limit"": ""-1"", ""work_mem"": ""55MB""}",
006ba62120b2b99d6ec813788dc190cecf10c3864da75e2f8993f7947e11a79c,/home/timlittau/Documents/InferQ/analysis/finetuned_rdbms_162/qpy/006ba62120b2b99d6ec813788dc190cecf10c3864da75e2f8993f7947e11a79c.qpy,6,86,0.9126269340049475,27911,95,5,90,sqlite,small_size,0,success,0.015504932031035423,64,4875,"{""automatic_index"": true, ""cache_mb"": 64, ""cache_spill"": false, ""db_path"": "":memory:"", ""journal_mode"": ""OFF"", ""locking_mode"": ""EXCLUSIVE"", ""mmap_mb"": 0, ""synchronous"": ""OFF"", ""temp_store"": ""FILE"", ""threads"": 1}",
006ba62120b2b99d6ec813788dc190cecf10c3864da75e2f8993f7947e11a79c,/home/timlittau/Documents/InferQ/analysis/finetuned_rdbms_162/qpy/006ba62120b2b99d6ec813788dc190cecf10c3864da75e2f8993f7947e11a79c.qpy,6,86,0.9126269340049475,27911,95,5,90,sqlite,small_size,1,success,0.010740432888269424,64,4875,"{""automatic_index"": true, ""cache_mb"": 64, ""cache_spill"": false, ""db_path"": "":memory:"", ""journal_mode"": ""OFF"", ""locking_mode"": ""EXCLUSIVE"", ""mmap_mb"": 0, ""synchronous"": ""OFF"", ""temp_store"": ""FILE"", ""threads"": 1}",
006ba62120b2b99d6ec813788dc190cecf10c3864da75e2f8993f7947e11a79c,/home/timlittau/Documents/InferQ/analysis/finetuned_rdbms_162/qpy/006ba62120b2b99d6ec813788dc190cecf10c3864da75e2f8993f7947e11a79c.qpy,6,86,0.9126269340049475,27911,95,5,90,duckdb,small_size,0,success,3.374614373082295,64,32296,"{""max_temp_directory_size"": ""256GB"", ""memory_limit"": ""10780MB"", ""preserve_insertion_order"": false, ""temp_directory"": ""analysis/finetuned/rdbms162_all_engines_120s/tmp/small_size/duckdb"", ""threads"": 2}",
006ba62120b2b99d6ec813788dc190cecf10c3864da75e2f8993f7947e11a79c,/home/timlittau/Documents/InferQ/analysis/finetuned_rdbms_162/qpy/006ba62120b2b99d6ec813788dc190cecf10c3864da75e2f8993f7947e11a79c.qpy,6,86,0.9126269340049475,27911,95,5,90,duckdb,small_size,1,success,3.394212231040001,64,31858,"{""max_temp_directory_size"": ""256GB"", ""memory_limit"": ""10780MB"", ""preserve_insertion_order"": false, ""temp_directory"": ""analysis/finetuned/rdbms162_all_engines_120s/tmp/small_size/duckdb"", ""threads"": 2}",
006ba62120b2b99d6ec813788dc190cecf10c3864da75e2f8993f7947e11a79c,/home/timlittau/Documents/InferQ/analysis/finetuned_rdbms_162/qpy/006ba62120b2b99d6ec813788dc190cecf10c3864da75e2f8993f7947e11a79c.qpy,6,86,0.9126269340049475,27911,95,5,90,postgres,small_size,0,success,0.03909021895378828,64,33937,"{""effective_cache_size"": ""8GB"", ""from_collapse_limit"": 1, ""hash_mem_multiplier"": ""2.0"", ""jit"": ""off"", ""join_collapse_limit"": 1, ""max_parallel_workers_per_gather"": 4, ""temp_buffers"": ""128MB"", ""temp_file_limit"": ""-1"", ""work_mem"": ""256MB""}",
006ba62120b2b99d6ec813788dc190cecf10c3864da75e2f8993f7947e11a79c,/home/timlittau/Documents/InferQ/analysis/finetuned_rdbms_162/qpy/006ba62120b2b99d6ec813788dc190cecf10c3864da75e2f8993f7947e11a79c.qpy,6,86,0.9126269340049475,27911,95,5,90,postgres,small_size,1,success,0.05710273515433073,64,34097,"{""effective_cache_size"": ""8GB"", ""from_collapse_limit"": 1, ""hash_mem_multiplier"": ""2.0"", ""jit"": ""off"", ""join_collapse_limit"": 1, ""max_parallel_workers_per_gather"": 4, ""temp_buffers"": ""128MB"", ""temp_file_limit"": ""-1"", ""work_mem"": ""256MB""}",
006bde35e33bc36fee6dfd1b687a60c2346a357e79e444c11c67d776aac5f056,/home/timlittau/Documents/InferQ/analysis/finetuned_rdbms_162/qpy/006bde35e33bc36fee6dfd1b687a60c2346a357e79e444c11c67d776aac5f056.qpy,8,24,0.2881872660946101,8910,34,4,30,sqlite,small_size,0,success,0.005630424944683909,256,46385,"{""automatic_index"": true, ""cache_mb"": 64, ""cache_spill"": false, ""db_path"": "":memory:"", ""journal_mode"": ""OFF"", ""locking_mode"": ""EXCLUSIVE"", ""mmap_mb"": 0, ""synchronous"": ""OFF"", ""temp_store"": ""FILE"", ""threads"": 1}",
006bde35e33bc36fee6dfd1b687a60c2346a357e79e444c11c67d776aac5f056,/home/timlittau/Documents/InferQ/analysis/finetuned_rdbms_162/qpy/006bde35e33bc36fee6dfd1b687a60c2346a357e79e444c11c67d776aac5f056.qpy,8,24,0.2881872660946101,8910,34,4,30,sqlite,small_size,1,success,0.00461919978260994,256,15665,"{""automatic_index"": true, ""cache_mb"": 64, ""cache_spill"": false, ""db_path"": "":memory:"", ""journal_mode"": ""OFF"", ""locking_mode"": ""EXCLUSIVE"", ""mmap_mb"": 0, ""synchronous"": ""OFF"", ""temp_store"": ""FILE"", ""threads"": 1}",
006bde35e33bc36fee6dfd1b687a60c2346a357e79e444c11c67d776aac5f056,/home/timlittau/Documents/InferQ/analysis/finetuned_rdbms_162/qpy/006bde35e33bc36fee6dfd1b687a60c2346a357e79e444c11c67d776aac5f056.qpy,8,24,0.2881872660946101,8910,34,4,30,duckdb,small_size,0,success,0.2072662350255996,256,16058,"{""max_temp_directory_size"": ""256GB"", ""memory_limit"": ""10780MB"", ""preserve_insertion_order"": false, ""temp_directory"": ""analysis/finetuned/rdbms162_all_engines_120s/tmp/small_size/duckdb"", ""threads"": 2}",
006bde35e33bc36fee6dfd1b687a60c2346a357e79e444c11c67d776aac5f056,/home/timlittau/Documents/InferQ/analysis/finetuned_rdbms_162/qpy/006bde35e33bc36fee6dfd1b687a60c2346a357e79e444c11c67d776aac5f056.qpy,8,24,0.2881872660946101,8910,34,4,30,duckdb,small_size,1,success,0.2079701111651957,256,15778,"{""max_temp_directory_size"": ""256GB"", ""memory_limit"": ""10780MB"", ""preserve_insertion_order"": false, ""temp_directory"": ""analysis/finetuned/rdbms162_all_engines_120s/tmp/small_size/duckdb"", ""threads"": 2}",
006bde35e33bc36fee6dfd1b687a60c2346a357e79e444c11c67d776aac5f056,/home/timlittau/Documents/InferQ/analysis/finetuned_rdbms_162/qpy/006bde35e33bc36fee6dfd1b687a60c2346a357e79e444c11c67d776aac5f056.qpy,8,24,0.2881872660946101,8910,34,4,30,postgres,small_size,0,success,0.00892225792631507,256,26121,"{""effective_cache_size"": ""8GB"", ""from_collapse_limit"": 1, ""hash_mem_multiplier"": ""2.0"", ""jit"": ""off"", ""join_collapse_limit"": 1, ""max_parallel_workers_per_gather"": 4, ""temp_buffers"": ""128MB"", ""temp_file_limit"": ""-1"", ""work_mem"": ""256MB""}",
006bde35e33bc36fee6dfd1b687a60c2346a357e79e444c11c67d776aac5f056,/home/timlittau/Documents/InferQ/analysis/finetuned_rdbms_162/qpy/006bde35e33bc36fee6dfd1b687a60c2346a357e79e444c11c67d776aac5f056.qpy,8,24,0.2881872660946101,8910,34,4,30,postgres,small_size,1,success,0.013168720994144678,256,25841,"{""effective_cache_size"": ""8GB"", ""from_collapse_limit"": 1, ""hash_mem_multiplier"": ""2.0"", ""jit"": ""off"", ""join_collapse_limit"": 1, ""max_parallel_workers_per_gather"": 4, ""temp_buffers"": ""128MB"", ""temp_file_limit"": ""-1"", ""work_mem"": ""256MB""}",
006d0ac0deb9d9e2223f9a6939623166a3ffc7e100da2d8870d04cd74d3bc012,/home/timlittau/Documents/InferQ/analysis/finetuned_rdbms_162/qpy/006d0ac0deb9d9e2223f9a6939623166a3ffc7e100da2d8870d04cd74d3bc012.qpy,14,115,1.6556166920345277,39679,131,4,127,sqlite,large_size,0,success,2.058708418160677,16384,3662569,"{""automatic_index"": true, ""cache_mb"": 64, ""cache_spill"": false, ""db_path"": "":memory:"", ""journal_mode"": ""OFF"", ""locking_mode"": ""EXCLUSIVE"", ""mmap_mb"": 0, ""synchronous"": ""OFF"", ""temp_store"": ""FILE"", ""threads"": 1}",
006d0ac0deb9d9e2223f9a6939623166a3ffc7e100da2d8870d04cd74d3bc012,/home/timlittau/Documents/InferQ/analysis/finetuned_rdbms_162/qpy/006d0ac0deb9d9e2223f9a6939623166a3ffc7e100da2d8870d04cd74d3bc012.qpy,14,115,1.6556166920345277,39679,131,4,127,sqlite,large_size,1,success,2.0395037580747157,16384,3338713,"{""automatic_index"": true, ""cache_mb"": 64, ""cache_spill"": false, ""db_path"": "":memory:"", ""journal_mode"": ""OFF"", ""locking_mode"": ""EXCLUSIVE"", ""mmap_mb"": 0, ""synchronous"": ""OFF"", ""temp_store"": ""FILE"", ""threads"": 1}",
006d0ac0deb9d9e2223f9a6939623166a3ffc7e100da2d8870d04cd74d3bc012,/home/timlittau/Documents/InferQ/analysis/finetuned_rdbms_162/qpy/006d0ac0deb9d9e2223f9a6939623166a3ffc7e100da2d8870d04cd74d3bc012.qpy,14,115,1.6556166920345277,39679,131,4,127,duckdb,large_size,0,success,2.0263611970003694,16384,3339202,"{""max_temp_directory_size"": ""128GB"", ""memory_limit"": ""7409MB"", ""preserve_insertion_order"": true, ""temp_directory"": ""analysis/finetuned/rdbms162_all_engines_120s/tmp/large_size/duckdb"", ""threads"": 1}",
006d0ac0deb9d9e2223f9a6939623166a3ffc7e100da2d8870d04cd74d3bc012,/home/timlittau/Documents/InferQ/analysis/finetuned_rdbms_162/qpy/006d0ac0deb9d9e2223f9a6939623166a3ffc7e100da2d8870d04cd74d3bc012.qpy,14,115,1.6556166920345277,39679,131,4,127,duckdb,large_size,1,success,2.021104867104441,16384,3339362,"{""max_temp_directory_size"": ""128GB"", ""memory_limit"": ""7409MB"", ""preserve_insertion_order"": true, ""temp_directory"": ""analysis/finetuned/rdbms162_all_engines_120s/tmp/large_size/duckdb"", ""threads"": 1}",
006d0ac0deb9d9e2223f9a6939623166a3ffc7e100da2d8870d04cd74d3bc012,/home/timlittau/Documents/InferQ/analysis/finetuned_rdbms_162/qpy/006d0ac0deb9d9e2223f9a6939623166a3ffc7e100da2d8870d04cd74d3bc012.qpy,14,115,1.6556166920345277,39679,131,4,127,postgres,large_size,0,success,25.51488314801827,16384,3377216,"{""effective_cache_size"": ""2GB"", ""from_collapse_limit"": 1, ""hash_mem_multiplier"": ""1.94"", ""jit"": ""off"", ""join_collapse_limit"": 4, ""max_parallel_workers_per_gather"": 0, ""temp_buffers"": ""65MB"", ""temp_file_limit"": ""-1"", ""work_mem"": ""55MB""}",
006d0ac0deb9d9e2223f9a6939623166a3ffc7e100da2d8870d04cd74d3bc012,/home/timlittau/Documents/InferQ/analysis/finetuned_rdbms_162/qpy/006d0ac0deb9d9e2223f9a6939623166a3ffc7e100da2d8870d04cd74d3bc012.qpy,14,115,1.6556166920345277,39679,131,4,127,postgres,large_size,1,success,25.558498529950157,16384,3377216,"{""effective_cache_size"": ""2GB"", ""from_collapse_limit"": 1, ""hash_mem_multiplier"": ""1.94"", ""jit"": ""off"", ""join_collapse_limit"": 4, ""max_parallel_workers_per_gather"": 0, ""temp_buffers"": ""65MB"", ""temp_file_limit"": ""-1"", ""work_mem"": ""55MB""}",
00700dd61e7d1a91900ed84eff1c49e5e31a70ff2472849183ae348affeec55a,/home/timlittau/Documents/InferQ/analysis/finetuned_rdbms_162/qpy/00700dd61e7d1a91900ed84eff1c49e5e31a70ff2472849183ae348affeec55a.qpy,1,1,0.006021620938554406,701,2,2,0,sqlite,small_size,0,success,0.00016855611465871334,2,4131,"{""automatic_index"": true, ""cache_mb"": 64, ""cache_spill"": false, ""db_path"": "":memory:"", ""journal_mode"": ""OFF"", ""locking_mode"": ""EXCLUSIVE"", ""mmap_mb"": 0, ""synchronous"": ""OFF"", ""temp_store"": ""FILE"", ""threads"": 1}",
00700dd61e7d1a91900ed84eff1c49e5e31a70ff2472849183ae348affeec55a,/home/timlittau/Documents/InferQ/analysis/finetuned_rdbms_162/qpy/00700dd61e7d1a91900ed84eff1c49e5e31a70ff2472849183ae348affeec55a.qpy,1,1,0.006021620938554406,701,2,2,0,sqlite,small_size,1,success,0.00011430610902607441,2,4131,"{""automatic_index"": true, ""cache_mb"": 64, ""cache_spill"": false, ""db_path"": "":memory:"", ""journal_mode"": ""OFF"", ""locking_mode"": ""EXCLUSIVE"", ""mmap_mb"": 0, ""synchronous"": ""OFF"", ""temp_store"": ""FILE"", ""threads"": 1}",
00700dd61e7d1a91900ed84eff1c49e5e31a70ff2472849183ae348affeec55a,/home/timlittau/Documents/InferQ/analysis/finetuned_rdbms_162/qpy/00700dd61e7d1a91900ed84eff1c49e5e31a70ff2472849183ae348affeec55a.qpy,1,1,0.006021620938554406,701,2,2,0,duckdb,small_size,0,success,0.001873878063634038,2,5246,"{""max_temp_directory_size"": ""256GB"", ""memory_limit"": ""10780MB"", ""preserve_insertion_order"": false, ""temp_directory"": ""analysis/finetuned/rdbms162_all_engines_120s/tmp/small_size/duckdb"", ""threads"": 2}",
00700dd61e7d1a91900ed84eff1c49e5e31a70ff2472849183ae348affeec55a,/home/timlittau/Documents/InferQ/analysis/finetuned_rdbms_162/qpy/00700dd61e7d1a91900ed84eff1c49e5e31a70ff2472849183ae348affeec55a.qpy,1,1,0.006021620938554406,701,2,2,0,duckdb,small_size,1,success,0.0016538600903004408,2,5086,"{""max_temp_directory_size"": ""256GB"", ""memory_limit"": ""10780MB"", ""preserve_insertion_order"": false, ""temp_directory"": ""analysis/finetuned/rdbms162_all_engines_120s/tmp/small_size/duckdb"", ""threads"": 2}",
00700dd61e7d1a91900ed84eff1c49e5e31a70ff2472849183ae348affeec55a,/home/timlittau/Documents/InferQ/analysis/finetuned_rdbms_162/qpy/00700dd61e7d1a91900ed84eff1c49e5e31a70ff2472849183ae348affeec55a.qpy,1,1,0.006021620938554406,701,2,2,0,postgres,small_size,0,success,0.0006202929653227329,2,5138,"{""effective_cache_size"": ""8GB"", ""from_collapse_limit"": 1, ""hash_mem_multiplier"": ""2.0"", ""jit"": ""off"", ""join_collapse_limit"": 1, ""max_parallel_workers_per_gather"": 4, ""temp_buffers"": ""128MB"", ""temp_file_limit"": ""-1"", ""work_mem"": ""256MB""}",
00700dd61e7d1a91900ed84eff1c49e5e31a70ff2472849183ae348affeec55a,/home/timlittau/Documents/InferQ/analysis/finetuned_rdbms_162/qpy/00700dd61e7d1a91900ed84eff1c49e5e31a70ff2472849183ae348affeec55a.qpy,1,1,0.006021620938554406,701,2,2,0,postgres,small_size,1,success,0.0006342190317809582,2,5138,"{""effective_cache_size"": ""8GB"", ""from_collapse_limit"": 1, ""hash_mem_multiplier"": ""2.0"", ""jit"": ""off"", ""join_collapse_limit"": 1, ""max_parallel_workers_per_gather"": 4, ""temp_buffers"": ""128MB"", ""temp_file_limit"": ""-1"", ""work_mem"": ""256MB""}",
0070994db1e2411f702c3abf2f60f019f710ee957a45798e8b1deb0c1adc9890,/home/timlittau/Documents/InferQ/analysis/finetuned_rdbms_162/qpy/0070994db1e2411f702c3abf2f60f019f710ee957a45798e8b1deb0c1adc9890.qpy,13,38,0.3893913100473583,14722,54,5,49,sqlite,small_size,0,success,0.07632088381797075,8192,1452413,"{""automatic_index"": true, ""cache_mb"": 64, ""cache_spill"": false, ""db_path"": "":memory:"", ""journal_mode"": ""OFF"", ""locking_mode"": ""EXCLUSIVE"", ""mmap_mb"": 0, ""synchronous"": ""OFF"", ""temp_store"": ""FILE"", ""threads"": 1}",
0070994db1e2411f702c3abf2f60f019f710ee957a45798e8b1deb0c1adc9890,/home/timlittau/Documents/InferQ/analysis/finetuned_rdbms_162/qpy/0070994db1e2411f702c3abf2f60f019f710ee957a45798e8b1deb0c1adc9890.qpy,13,38,0.3893913100473583,14722,54,5,49,sqlite,small_size,1,success,0.07279322692193091,8192,1452557,"{""automatic_index"": true, ""cache_mb"": 64, ""cache_spill"": false, ""db_path"": "":memory:"", ""journal_mode"": ""OFF"", ""locking_mode"": ""EXCLUSIVE"", ""mmap_mb"": 0, ""synchronous"": ""OFF"", ""temp_store"": ""FILE"", ""threads"": 1}",
0070994db1e2411f702c3abf2f60f019f710ee957a45798e8b1deb0c1adc9890,/home/timlittau/Documents/InferQ/analysis/finetuned_rdbms_162/qpy/0070994db1e2411f702c3abf2f60f019f710ee957a45798e8b1deb0c1adc9890.qpy,13,38,0.3893913100473583,14722,54,5,49,duckdb,small_size,0,success,0.05719194491393864,8192,1452888,"{""max_temp_directory_size"": ""256GB"", ""memory_limit"": ""10780MB"", ""preserve_insertion_order"": false, ""temp_directory"": ""analysis/finetuned/rdbms162_all_engines_120s/tmp/small_size/duckdb"", ""threads"": 2}",
0070994db1e2411f702c3abf2f60f019f710ee957a45798e8b1deb0c1adc9890,/home/timlittau/Documents/InferQ/analysis/finetuned_rdbms_162/qpy/0070994db1e2411f702c3abf2f60f019f710ee957a45798e8b1deb0c1adc9890.qpy,13,38,0.3893913100473583,14722,54,5,49,duckdb,small_size,1,success,0.056243655970320106,8192,1452668,"{""max_temp_directory_size"": ""256GB"", ""memory_limit"": ""10780MB"", ""preserve_insertion_order"": false, ""temp_directory"": ""analysis/finetuned/rdbms162_all_engines_120s/tmp/small_size/duckdb"", ""threads"": 2}",
0070994db1e2411f702c3abf2f60f019f710ee957a45798e8b1deb0c1adc9890,/home/timlittau/Documents/InferQ/analysis/finetuned_rdbms_162/qpy/0070994db1e2411f702c3abf2f60f019f710ee957a45798e8b1deb0c1adc9890.qpy,13,38,0.3893913100473583,14722,54,5,49,postgres,small_size,0,success,0.09475267492234707,8192,1467578,"{""effective_cache_size"": ""8GB"", ""from_collapse_limit"": 1, ""hash_mem_multiplier"": ""2.0"", ""jit"": ""off"", ""join_collapse_limit"": 1, ""max_parallel_workers_per_gather"": 4, ""temp_buffers"": ""128MB"", ""temp_file_limit"": ""-1"", ""work_mem"": ""256MB""}",
0070994db1e2411f702c3abf2f60f019f710ee957a45798e8b1deb0c1adc9890,/home/timlittau/Documents/InferQ/analysis/finetuned_rdbms_162/qpy/0070994db1e2411f702c3abf2f60f019f710ee957a45798e8b1deb0c1adc9890.qpy,13,38,0.3893913100473583,14722,54,5,49,postgres,small_size,1,success,0.09490524884313345,8192,1467738,"{""effective_cache_size"": ""8GB"", ""from_collapse_limit"": 1, ""hash_mem_multiplier"": ""2.0"", ""jit"": ""off"", ""join_collapse_limit"": 1, ""max_parallel_workers_per_gather"": 4, ""temp_buffers"": ""128MB"", ""temp_file_limit"": ""-1"", ""work_mem"": ""256MB""}",
00724d1341cc7a5f41feb482b628b4fc65d4e846f5754e806f932f46158b939b,/home/timlittau/Documents/InferQ/analysis/finetuned_rdbms_162/qpy/00724d1341cc7a5f41feb482b628b4fc65d4e846f5754e806f932f46158b939b.qpy,9,47,0.5790398959070444,16112,58,4,54,sqlite,large_size,0,success,0.030508622992783785,512,30029,"{""automatic_index"": true, ""cache_mb"": 64, ""cache_spill"": false, ""db_path"": "":memory:"", ""journal_mode"": ""OFF"", ""locking_mode"": ""EXCLUSIVE"", ""mmap_mb"": 0, ""synchronous"": ""OFF"", ""temp_store"": ""FILE"", ""threads"": 1}",
00724d1341cc7a5f41feb482b628b4fc65d4e846f5754e806f932f46158b939b,/home/timlittau/Documents/InferQ/analysis/finetuned_rdbms_162/qpy/00724d1341cc7a5f41feb482b628b4fc65d4e846f5754e806f932f46158b939b.qpy,9,47,0.5790398959070444,16112,58,4,54,sqlite,large_size,1,success,0.027478510979562998,512,30029,"{""automatic_index"": true, ""cache_mb"": 64, ""cache_spill"": false, ""db_path"": "":memory:"", ""journal_mode"": ""OFF"", ""locking_mode"": ""EXCLUSIVE"", ""mmap_mb"": 0, ""synchronous"": ""OFF"", ""temp_store"": ""FILE"", ""threads"": 1}",
00724d1341cc7a5f41feb482b628b4fc65d4e846f5754e806f932f46158b939b,/home/timlittau/Documents/InferQ/analysis/finetuned_rdbms_162/qpy/00724d1341cc7a5f41feb482b628b4fc65d4e846f5754e806f932f46158b939b.qpy,9,47,0.5790398959070444,16112,58,4,54,duckdb,large_size,0,success,10.385304847965017,512,30052,"{""max_temp_directory_size"": ""128GB"", ""memory_limit"": ""7409MB"", ""preserve_insertion_order"": true, ""temp_directory"": ""analysis/finetuned/rdbms162_all_engines_120s/tmp/large_size/duckdb"", ""threads"": 1}",
00724d1341cc7a5f41feb482b628b4fc65d4e846f5754e806f932f46158b939b,/home/timlittau/Documents/InferQ/analysis/finetuned_rdbms_162/qpy/00724d1341cc7a5f41feb482b628b4fc65d4e846f5754e806f932f46158b939b.qpy,9,47,0.5790398959070444,16112,58,4,54,duckdb,large_size,1,success,10.401121742092073,512,30052,"{""max_temp_directory_size"": ""128GB"", ""memory_limit"": ""7409MB"", ""preserve_insertion_order"": true, ""temp_directory"": ""analysis/finetuned/rdbms162_all_engines_120s/tmp/large_size/duckdb"", ""threads"": 1}",
00724d1341cc7a5f41feb482b628b4fc65d4e846f5754e806f932f46158b939b,/home/timlittau/Documents/InferQ/analysis/finetuned_rdbms_162/qpy/00724d1341cc7a5f41feb482b628b4fc65d4e846f5754e806f932f46158b939b.qpy,9,47,0.5790398959070444,16112,58,4,54,postgres,large_size,0,success,0.04276976105757058,512,47653,"{""effective_cache_size"": ""2GB"", ""from_collapse_limit"": 1, ""hash_mem_multiplier"": ""1.94"", ""jit"": ""off"", ""join_collapse_limit"": 4, ""max_parallel_workers_per_gather"": 0, ""temp_buffers"": ""65MB"", ""temp_file_limit"": ""-1"", ""work_mem"": ""55MB""}",
00724d1341cc7a5f41feb482b628b4fc65d4e846f5754e806f932f46158b939b,/home/timlittau/Documents/InferQ/analysis/finetuned_rdbms_162/qpy/00724d1341cc7a5f41feb482b628b4fc65d4e846f5754e806f932f46158b939b.qpy,9,47,0.5790398959070444,16112,58,4,54,postgres,large_size,1,success,0.04279800900258124,512,47493,"{""effective_cache_size"": ""2GB"", ""from_collapse_limit"": 1, ""hash_mem_multiplier"": ""1.94"", ""jit"": ""off"", ""join_collapse_limit"": 4, ""max_parallel_workers_per_gather"": 0, ""temp_buffers"": ""65MB"", ""temp_file_limit"": ""-1"", ""work_mem"": ""55MB""}",
00725c79eee31f2bb8ef4d230593360131b2559ae304157607d7ea7b202972b6,/home/timlittau/Documents/InferQ/analysis/finetuned_rdbms_162/qpy/00725c79eee31f2bb8ef4d230593360131b2559ae304157607d7ea7b202972b6.qpy,9,34,0.3659040459897369,12203,46,5,41,sqlite,large_size,0,success,0.008308399002999067,512,30029,"{""automatic_index"": true, ""cache_mb"": 64, ""cache_spill"": false, ""db_path"": "":memory:"", ""journal_mode"": ""OFF"", ""locking_mode"": ""EXCLUSIVE"", ""mmap_mb"": 0, ""synchronous"": ""OFF"", ""temp_store"": ""FILE"", ""threads"": 1}",
00725c79eee31f2bb8ef4d230593360131b2559ae304157607d7ea7b202972b6,/home/timlittau/Documents/InferQ/analysis/finetuned_rdbms_162/qpy/00725c79eee31f2bb8ef4d230593360131b2559ae304157607d7ea7b202972b6.qpy,9,34,0.3659040459897369,12203,46,5,41,sqlite,large_size,1,success,0.00683026690967381,512,30029,"{""automatic_index"": true, ""cache_mb"": 64, ""cache_spill"": false, ""db_path"": "":memory:"", ""journal_mode"": ""OFF"", ""locking_mode"": ""EXCLUSIVE"", ""mmap_mb"": 0, ""synchronous"": ""OFF"", ""temp_store"": ""FILE"", ""threads"": 1}",
00725c79eee31f2bb8ef4d230593360131b2559ae304157607d7ea7b202972b6,/home/timlittau/Documents/InferQ/analysis/finetuned_rdbms_162/qpy/00725c79eee31f2bb8ef4d230593360131b2559ae304157607d7ea7b202972b6.qpy,9,34,0.3659040459897369,12203,46,5,41,duckdb,large_size,0,success,0.046322226990014315,512,30394,"{""max_temp_directory_size"": ""128GB"", ""memory_limit"": ""7409MB"", ""preserve_insertion_order"": true, ""temp_directory"": ""analysis/finetuned/rdbms162_all_engines_120s/tmp/large_size/duckdb"", ""threads"": 1}",
00725c79eee31f2bb8ef4d230593360131b2559ae304157607d7ea7b202972b6,/home/timlittau/Documents/InferQ/analysis/finetuned_rdbms_162/qpy/00725c79eee31f2bb8ef4d230593360131b2559ae304157607d7ea7b202972b6.qpy,9,34,0.3659040459897369,12203,46,5,41,duckdb,large_size,1,success,0.046402328880503774,512,30460,"{""max_temp_directory_size"": ""128GB"", ""memory_limit"": ""7409MB"", ""preserve_insertion_order"": true, ""temp_directory"": ""analysis/finetuned/rdbms162_all_engines_120s/tmp/large_size/duckdb"", ""threads"": 1}",
00725c79eee31f2bb8ef4d230593360131b2559ae304157607d7ea7b202972b6,/home/timlittau/Documents/InferQ/analysis/finetuned_rdbms_162/qpy/00725c79eee31f2bb8ef4d230593360131b2559ae304157607d7ea7b202972b6.qpy,9,34,0.3659040459897369,12203,46,5,41,postgres,large_size,0,success,0.014134590048342943,512,43585,"{""effective_cache_size"": ""2GB"", ""from_collapse_limit"": 1, ""hash_mem_multiplier"": ""1.94"", ""jit"": ""off"", ""join_collapse_limit"": 4, ""max_parallel_workers_per_gather"": 0, ""temp_buffers"": ""65MB"", ""temp_file_limit"": ""-1"", ""work_mem"": ""55MB""}",
00725c79eee31f2bb8ef4d230593360131b2559ae304157607d7ea7b202972b6,/home/timlittau/Documents/InferQ/analysis/finetuned_rdbms_162/qpy/00725c79eee31f2bb8ef4d230593360131b2559ae304157607d7ea7b202972b6.qpy,9,34,0.3659040459897369,12203,46,5,41,postgres,large_size,1,success,0.014304930111393332,512,43585,"{""effective_cache_size"": ""2GB"", ""from_collapse_limit"": 1, ""hash_mem_multiplier"": ""1.94"", ""jit"": ""off"", ""join_collapse_limit"": 4, ""max_parallel_workers_per_gather"": 0, ""temp_buffers"": ""65MB"", ""temp_file_limit"": ""-1"", ""work_mem"": ""55MB""}",
00749ce283122a93cdd6c9a894404ac769bcd89b9929f96156cf67e85f2b7390,/home/timlittau/Documents/InferQ/analysis/finetuned_rdbms_162/qpy/00749ce283122a93cdd6c9a894404ac769bcd89b9929f96156cf67e85f2b7390.qpy,13,117,1.5247891519684345,41545,135,7,128,sqlite,large_size,0,success,0.014658899046480656,1,4131,"{""automatic_index"": true, ""cache_mb"": 64, ""cache_spill"": false, ""db_path"": "":memory:"", ""journal_mode"": ""OFF"", ""locking_mode"": ""EXCLUSIVE"", ""mmap_mb"": 0, ""synchronous"": ""OFF"", ""temp_store"": ""FILE"", ""threads"": 1}",
00749ce283122a93cdd6c9a894404ac769bcd89b9929f96156cf67e85f2b7390,/home/timlittau/Documents/InferQ/analysis/finetuned_rdbms_162/qpy/00749ce283122a93cdd6c9a894404ac769bcd89b9929f96156cf67e85f2b7390.qpy,13,117,1.5247891519684345,41545,135,7,128,sqlite,large_size,1,success,0.009442344075068831,1,4131,"{""automatic_index"": true, ""cache_mb"": 64, ""cache_spill"": false, ""db_path"": "":memory:"", ""journal_mode"": ""OFF"", ""locking_mode"": ""EXCLUSIVE"", ""mmap_mb"": 0, ""synchronous"": ""OFF"", ""temp_store"": ""FILE"", ""threads"": 1}",
00749ce283122a93cdd6c9a894404ac769bcd89b9929f96156cf67e85f2b7390,/home/timlittau/Documents/InferQ/analysis/finetuned_rdbms_162/qpy/00749ce283122a93cdd6c9a894404ac769bcd89b9929f96156cf67e85f2b7390.qpy,13,117,1.5247891519684345,41545,135,7,128,duckdb,large_size,0,success,0.2797583278734237,1,45872,"{""max_temp_directory_size"": ""128GB"", ""memory_limit"": ""7409MB"", ""preserve_insertion_order"": true, ""temp_directory"": ""analysis/finetuned/rdbms162_all_engines_120s/tmp/large_size/duckdb"", ""threads"": 1}",
00749ce283122a93cdd6c9a894404ac769bcd89b9929f96156cf67e85f2b7390,/home/timlittau/Documents/InferQ/analysis/finetuned_rdbms_162/qpy/00749ce283122a93cdd6c9a894404ac769bcd89b9929f96156cf67e85f2b7390.qpy,13,117,1.5247891519684345,41545,135,7,128,duckdb,large_size,1,success,0.28023461205884814,1,45894,"{""max_temp_directory_size"": ""128GB"", ""memory_limit"": ""7409MB"", ""preserve_insertion_order"": true, ""temp_directory"": ""analysis/finetuned/rdbms162_all_engines_120s/tmp/large_size/duckdb"", ""threads"": 1}",
00749ce283122a93cdd6c9a894404ac769bcd89b9929f96156cf67e85f2b7390,/home/timlittau/Documents/InferQ/analysis/finetuned_rdbms_162/qpy/00749ce283122a93cdd6c9a894404ac769bcd89b9929f96156cf67e85f2b7390.qpy,13,117,1.5247891519684345,41545,135,7,128,postgres,large_size,0,success,0.04048310313373804,1,47038,"{""effective_cache_size"": ""2GB"", ""from_collapse_limit"": 1, ""hash_mem_multiplier"": ""1.94"", ""jit"": ""off"", ""join_collapse_limit"": 4, ""max_parallel_workers_per_gather"": 0, ""temp_buffers"": ""65MB"", ""temp_file_limit"": ""-1"", ""work_mem"": ""55MB""}",
00749ce283122a93cdd6c9a894404ac769bcd89b9929f96156cf67e85f2b7390,/home/timlittau/Documents/InferQ/analysis/finetuned_rdbms_162/qpy/00749ce283122a93cdd6c9a894404ac769bcd89b9929f96156cf67e85f2b7390.qpy,13,117,1.5247891519684345,41545,135,7,128,postgres,large_size,1,success,0.040101035963743925,1,46989,"{""effective_cache_size"": ""2GB"", ""from_collapse_limit"": 1, ""hash_mem_multiplier"": ""1.94"", ""jit"": ""off"", ""join_collapse_limit"": 4, ""max_parallel_workers_per_gather"": 0, ""temp_buffers"": ""65MB"", ""temp_file_limit"": ""-1"", ""work_mem"": ""55MB""}",
0078c7dcfa0d2b2e291c8b2639473b57a2f24c62fad07b65f3cf48a3cd76f251,/home/timlittau/Documents/InferQ/analysis/finetuned_rdbms_162/qpy/0078c7dcfa0d2b2e291c8b2639473b57a2f24c62fad07b65f3cf48a3cd76f251.qpy,11,42,0.5642272538971156,15286,56,5,51,sqlite,large_size,0,success,0.021964618004858494,2048,124829,"{""automatic_index"": true, ""cache_mb"": 64, ""cache_spill"": false, ""db_path"": "":memory:"", ""journal_mode"": ""OFF"", ""locking_mode"": ""EXCLUSIVE"", ""mmap_mb"": 0, ""synchronous"": ""OFF"", ""temp_store"": ""FILE"", ""threads"": 1}",
0078c7dcfa0d2b2e291c8b2639473b57a2f24c62fad07b65f3cf48a3cd76f251,/home/timlittau/Documents/InferQ/analysis/finetuned_rdbms_162/qpy/0078c7dcfa0d2b2e291c8b2639473b57a2f24c62fad07b65f3cf48a3cd76f251.qpy,11,42,0.5642272538971156,15286,56,5,51,sqlite,large_size,1,success,0.01956363907083869,2048,124829,"{""automatic_index"": true, ""cache_mb"": 64, ""cache_spill"": false, ""db_path"": "":memory:"", ""journal_mode"": ""OFF"", ""locking_mode"": ""EXCLUSIVE"", ""mmap_mb"": 0, ""synchronous"": ""OFF"", ""temp_store"": ""FILE"", ""threads"": 1}",
0078c7dcfa0d2b2e291c8b2639473b57a2f24c62fad07b65f3cf48a3cd76f251,/home/timlittau/Documents/InferQ/analysis/finetuned_rdbms_162/qpy/0078c7dcfa0d2b2e291c8b2639473b57a2f24c62fad07b65f3cf48a3cd76f251.qpy,11,42,0.5642272538971156,15286,56,5,51,duckdb,large_size,0,success,3.3180893210228533,2048,125332,"{""max_temp_directory_size"": ""128GB"", ""memory_limit"": ""7409MB"", ""preserve_insertion_order"": true, ""temp_directory"": ""analysis/finetuned/rdbms162_all_engines_120s/tmp/large_size/duckdb"", ""threads"": 1}",
0078c7dcfa0d2b2e291c8b2639473b57a2f24c62fad07b65f3cf48a3cd76f251,/home/timlittau/Documents/InferQ/analysis/finetuned_rdbms_162/qpy/0078c7dcfa0d2b2e291c8b2639473b57a2f24c62fad07b65f3cf48a3cd76f251.qpy,11,42,0.5642272538971156,15286,56,5,51,duckdb,large_size,1,success,3.325044149067253,2048,125270,"{""max_temp_directory_size"": ""128GB"", ""memory_limit"": ""7409MB"", ""preserve_insertion_order"": true, ""temp_directory"": ""analysis/finetuned/rdbms162_all_engines_120s/tmp/large_size/duckdb"", ""threads"": 1}",
0078c7dcfa0d2b2e291c8b2639473b57a2f24c62fad07b65f3cf48a3cd76f251,/home/timlittau/Documents/InferQ/analysis/finetuned_rdbms_162/qpy/0078c7dcfa0d2b2e291c8b2639473b57a2f24c62fad07b65f3cf48a3cd76f251.qpy,11,42,0.5642272538971156,15286,56,5,51,postgres,large_size,0,success,0.03067276207730174,2048,140058,"{""effective_cache_size"": ""2GB"", ""from_collapse_limit"": 1, ""hash_mem_multiplier"": ""1.94"", ""jit"": ""off"", ""join_collapse_limit"": 4, ""max_parallel_workers_per_gather"": 0, ""temp_buffers"": ""65MB"", ""temp_file_limit"": ""-1"", ""work_mem"": ""55MB""}",
0078c7dcfa0d2b2e291c8b2639473b57a2f24c62fad07b65f3cf48a3cd76f251,/home/timlittau/Documents/InferQ/analysis/finetuned_rdbms_162/qpy/0078c7dcfa0d2b2e291c8b2639473b57a2f24c62fad07b65f3cf48a3cd76f251.qpy,11,42,0.5642272538971156,15286,56,5,51,postgres,large_size,1,success,0.03725547809153795,2048,140218,"{""effective_cache_size"": ""2GB"", ""from_collapse_limit"": 1, ""hash_mem_multiplier"": ""1.94"", ""jit"": ""off"", ""join_collapse_limit"": 4, ""max_parallel_workers_per_gather"": 0, ""temp_buffers"": ""65MB"", ""temp_file_limit"": ""-1"", ""work_mem"": ""55MB""}",
007ee1f1ff2a1ce1603613e6a569d1d703198675e3c50ab02d5f9fed277e1531,/home/timlittau/Documents/InferQ/analysis/finetuned_rdbms_162/qpy/007ee1f1ff2a1ce1603613e6a569d1d703198675e3c50ab02d5f9fed277e1531.qpy,5,59,0.5878617761190981,19381,67,5,62,sqlite,small_size,0,success,0.008643356850370765,32,4131,"{""automatic_index"": true, ""cache_mb"": 64, ""cache_spill"": false, ""db_path"": "":memory:"", ""journal_mode"": ""OFF"", ""locking_mode"": ""EXCLUSIVE"", ""mmap_mb"": 0, ""synchronous"": ""OFF"", ""temp_store"": ""FILE"", ""threads"": 1}",
007ee1f1ff2a1ce1603613e6a569d1d703198675e3c50ab02d5f9fed277e1531,/home/timlittau/Documents/InferQ/analysis/finetuned_rdbms_162/qpy/007ee1f1ff2a1ce1603613e6a569d1d703198675e3c50ab02d5f9fed277e1531.qpy,5,59,0.5878617761190981,19381,67,5,62,sqlite,small_size,1,success,0.006288322852924466,32,4131,"{""automatic_index"": true, ""cache_mb"": 64, ""cache_spill"": false, ""db_path"": "":memory:"", ""journal_mode"": ""OFF"", ""locking_mode"": ""EXCLUSIVE"", ""mmap_mb"": 0, ""synchronous"": ""OFF"", ""temp_store"": ""FILE"", ""threads"": 1}",
007ee1f1ff2a1ce1603613e6a569d1d703198675e3c50ab02d5f9fed277e1531,/home/timlittau/Documents/InferQ/analysis/finetuned_rdbms_162/qpy/007ee1f1ff2a1ce1603613e6a569d1d703198675e3c50ab02d5f9fed277e1531.qpy,5,59,0.5878617761190981,19381,67,5,62,duckdb,small_size,0,success,0.5231399270705879,32,23766,"{""max_temp_directory_size"": ""256GB"", ""memory_limit"": ""10780MB"", ""preserve_insertion_order"": false, ""temp_directory"": ""analysis/finetuned/rdbms162_all_engines_120s/tmp/small_size/duckdb"", ""threads"": 2}",
007ee1f1ff2a1ce1603613e6a569d1d703198675e3c50ab02d5f9fed277e1531,/home/timlittau/Documents/InferQ/analysis/finetuned_rdbms_162/qpy/007ee1f1ff2a1ce1603613e6a569d1d703198675e3c50ab02d5f9fed277e1531.qpy,5,59,0.5878617761190981,19381,67,5,62,duckdb,small_size,1,success,0.5183064129669219,32,23580,"{""max_temp_directory_size"": ""256GB"", ""memory_limit"": ""10780MB"", ""preserve_insertion_order"": false, ""temp_directory"": ""analysis/finetuned/rdbms162_all_engines_120s/tmp/small_size/duckdb"", ""threads"": 2}",
007ee1f1ff2a1ce1603613e6a569d1d703198675e3c50ab02d5f9fed277e1531,/home/timlittau/Documents/InferQ/analysis/finetuned_rdbms_162/qpy/007ee1f1ff2a1ce1603613e6a569d1d703198675e3c50ab02d5f9fed277e1531.qpy,5,59,0.5878617761190981,19381,67,5,62,postgres,small_size,0,success,0.01593448012135923,32,24506,"{""effective_cache_size"": ""8GB"", ""from_collapse_limit"": 1, ""hash_mem_multiplier"": ""2.0"", ""jit"": ""off"", ""join_collapse_limit"": 1, ""max_parallel_workers_per_gather"": 4, ""temp_buffers"": ""128MB"", ""temp_file_limit"": ""-1"", ""work_mem"": ""256MB""}",
007ee1f1ff2a1ce1603613e6a569d1d703198675e3c50ab02d5f9fed277e1531,/home/timlittau/Documents/InferQ/analysis/finetuned_rdbms_162/qpy/007ee1f1ff2a1ce1603613e6a569d1d703198675e3c50ab02d5f9fed277e1531.qpy,5,59,0.5878617761190981,19381,67,5,62,postgres,small_size,1,success,0.015544168883934617,32,24346,"{""effective_cache_size"": ""8GB"", ""from_collapse_limit"": 1, ""hash_mem_multiplier"": ""2.0"", ""jit"": ""off"", ""join_collapse_limit"": 1, ""max_parallel_workers_per_gather"": 4, ""temp_buffers"": ""128MB"", ""temp_file_limit"": ""-1"", ""work_mem"": ""256MB""}",
0080bd3e727825c2224d6addc2ffb7f0d33b294e0ead63f247de6d556a4df1b3,/home/timlittau/Documents/InferQ/analysis/finetuned_rdbms_162/qpy/0080bd3e727825c2224d6addc2ffb7f0d33b294e0ead63f247de6d556a4df1b3.qpy,11,100,1.2418923820368946,32494,114,5,109,sqlite,large_size,0,success,0.08444780693389475,2048,124829,"{""automatic_index"": true, ""cache_mb"": 64, ""cache_spill"": false, ""db_path"": "":memory:"", ""journal_mode"": ""OFF"", ""locking_mode"": ""EXCLUSIVE"", ""mmap_mb"": 0, ""synchronous"": ""OFF"", ""temp_store"": ""FILE"", ""threads"": 1}",
0080bd3e727825c2224d6addc2ffb7f0d33b294e0ead63f247de6d556a4df1b3,/home/timlittau/Documents/InferQ/analysis/finetuned_rdbms_162/qpy/0080bd3e727825c2224d6addc2ffb7f0d33b294e0ead63f247de6d556a4df1b3.qpy,11,100,1.2418923820368946,32494,114,5,109,sqlite,large_size,1,success,0.07646283693611622,2048,124829,"{""automatic_index"": true, ""cache_mb"": 64, ""cache_spill"": false, ""db_path"": "":memory:"", ""journal_mode"": ""OFF"", ""locking_mode"": ""EXCLUSIVE"", ""mmap_mb"": 0, ""synchronous"": ""OFF"", ""temp_store"": ""FILE"", ""threads"": 1}",
0080bd3e727825c2224d6addc2ffb7f0d33b294e0ead63f247de6d556a4df1b3,/home/timlittau/Documents/InferQ/analysis/finetuned_rdbms_162/qpy/0080bd3e727825c2224d6addc2ffb7f0d33b294e0ead63f247de6d556a4df1b3.qpy,11,100,1.2418923820368946,32494,114,5,109,duckdb,large_size,0,success,1.971681908937171,2048,124770,"{""max_temp_directory_size"": ""128GB"", ""memory_limit"": ""7409MB"", ""preserve_insertion_order"": true, ""temp_directory"": ""analysis/finetuned/rdbms162_all_engines_120s/tmp/large_size/duckdb"", ""threads"": 1}",
0080bd3e727825c2224d6addc2ffb7f0d33b294e0ead63f247de6d556a4df1b3,/home/timlittau/Documents/InferQ/analysis/finetuned_rdbms_162/qpy/0080bd3e727825c2224d6addc2ffb7f0d33b294e0ead63f247de6d556a4df1b3.qpy,11,100,1.2418923820368946,32494,114,5,109,duckdb,large_size,1,success,1.9689016540069133,2048,125148,"{""max_temp_directory_size"": ""128GB"", ""memory_limit"": ""7409MB"", ""preserve_insertion_order"": true, ""temp_directory"": ""analysis/finetuned/rdbms162_all_engines_120s/tmp/large_size/duckdb"", ""threads"": 1}",
0080bd3e727825c2224d6addc2ffb7f0d33b294e0ead63f247de6d556a4df1b3,/home/timlittau/Documents/InferQ/analysis/finetuned_rdbms_162/qpy/0080bd3e727825c2224d6addc2ffb7f0d33b294e0ead63f247de6d556a4df1b3.qpy,11,100,1.2418923820368946,32494,114,5,109,postgres,large_size,0,success,0.16749604092910886,2048,157269,"{""effective_cache_size"": ""2GB"", ""from_collapse_limit"": 1, ""hash_mem_multiplier"": ""1.94"", ""jit"": ""off"", ""join_collapse_limit"": 4, ""max_parallel_workers_per_gather"": 0, ""temp_buffers"": ""65MB"", ""temp_file_limit"": ""-1"", ""work_mem"": ""55MB""}",
0080bd3e727825c2224d6addc2ffb7f0d33b294e0ead63f247de6d556a4df1b3,/home/timlittau/Documents/InferQ/analysis/finetuned_rdbms_162/qpy/0080bd3e727825c2224d6addc2ffb7f0d33b294e0ead63f247de6d556a4df1b3.qpy,11,100,1.2418923820368946,32494,114,5,109,postgres,large_size,1,success,0.16799734090454876,2048,157269,"{""effective_cache_size"": ""2GB"", ""from_collapse_limit"": 1, ""hash_mem_multiplier"": ""1.94"", ""jit"": ""off"", ""join_collapse_limit"": 4, ""max_parallel_workers_per_gather"": 0, ""temp_buffers"": ""65MB"", ""temp_file_limit"": ""-1"", ""work_mem"": ""55MB""}",
0087b155b3584f83885d43608a4a399264f3b563a1f94d09eb9335e576eb1dba,/home/timlittau/Documents/InferQ/analysis/finetuned_rdbms_162/qpy/0087b155b3584f83885d43608a4a399264f3b563a1f94d09eb9335e576eb1dba.qpy,4,33,0.31975048687309027,10768,39,4,35,sqlite,large_size,0,success,0.004831561120226979,16,4131,"{""automatic_index"": true, ""cache_mb"": 64, ""cache_spill"": false, ""db_path"": "":memory:"", ""journal_mode"": ""OFF"", ""locking_mode"": ""EXCLUSIVE"", ""mmap_mb"": 0, ""synchronous"": ""OFF"", ""temp_store"": ""FILE"", ""threads"": 1}",
0087b155b3584f83885d43608a4a399264f3b563a1f94d09eb9335e576eb1dba,/home/timlittau/Documents/InferQ/analysis/finetuned_rdbms_162/qpy/0087b155b3584f83885d43608a4a399264f3b563a1f94d09eb9335e576eb1dba.qpy,4,33,0.31975048687309027,10768,39,4,35,sqlite,large_size,1,success,0.0032752170227468014,16,4131,"{""automatic_index"": true, ""cache_mb"": 64, ""cache_spill"": false, ""db_path"": "":memory:"", ""journal_mode"": ""OFF"", ""locking_mode"": ""EXCLUSIVE"", ""mmap_mb"": 0, ""synchronous"": ""OFF"", ""temp_store"": ""FILE"", ""threads"": 1}",
0087b155b3584f83885d43608a4a399264f3b563a1f94d09eb9335e576eb1dba,/home/timlittau/Documents/InferQ/analysis/finetuned_rdbms_162/qpy/0087b155b3584f83885d43608a4a399264f3b563a1f94d09eb9335e576eb1dba.qpy,4,33,0.31975048687309027,10768,39,4,35,duckdb,large_size,0,success,0.09304720908403397,16,14781,"{""max_temp_directory_size"": ""128GB"", ""memory_limit"": ""7409MB"", ""preserve_insertion_order"": true, ""temp_directory"": ""analysis/finetuned/rdbms162_all_engines_120s/tmp/large_size/duckdb"", ""threads"": 1}",
0087b155b3584f83885d43608a4a399264f3b563a1f94d09eb9335e576eb1dba,/home/timlittau/Documents/InferQ/analysis/finetuned_rdbms_162/qpy/0087b155b3584f83885d43608a4a399264f3b563a1f94d09eb9335e576eb1dba.qpy,4,33,0.31975048687309027,10768,39,4,35,duckdb,large_size,1,success,0.08862882107496262,16,14621,"{""max_temp_directory_size"": ""128GB"", ""memory_limit"": ""7409MB"", ""preserve_insertion_order"": true, ""temp_directory"": ""analysis/finetuned/rdbms162_all_engines_120s/tmp/large_size/duckdb"", ""threads"": 1}",
0087b155b3584f83885d43608a4a399264f3b563a1f94d09eb9335e576eb1dba,/home/timlittau/Documents/InferQ/analysis/finetuned_rdbms_162/qpy/0087b155b3584f83885d43608a4a399264f3b563a1f94d09eb9335e576eb1dba.qpy,4,33,0.31975048687309027,10768,39,4,35,postgres,large_size,0,success,0.008016262901946902,16,15516,"{""effective_cache_size"": ""2GB"", ""from_collapse_limit"": 1, ""hash_mem_multiplier"": ""1.94"", ""jit"": ""off"", ""join_collapse_limit"": 4, ""max_parallel_workers_per_gather"": 0, ""temp_buffers"": ""65MB"", ""temp_file_limit"": ""-1"", ""work_mem"": ""55MB""}",
0087b155b3584f83885d43608a4a399264f3b563a1f94d09eb9335e576eb1dba,/home/timlittau/Documents/InferQ/analysis/finetuned_rdbms_162/qpy/0087b155b3584f83885d43608a4a399264f3b563a1f94d09eb9335e576eb1dba.qpy,4,33,0.31975048687309027,10768,39,4,35,postgres,large_size,1,success,0.007554519921541214,16,15516,"{""effective_cache_size"": ""2GB"", ""from_collapse_limit"": 1, ""hash_mem_multiplier"": ""1.94"", ""jit"": ""off"", ""join_collapse_limit"": 4, ""max_parallel_workers_per_gather"": 0, ""temp_buffers"": ""65MB"", ""temp_file_limit"": ""-1"", ""work_mem"": ""55MB""}",
008908046e9e4d77676ed790bd1f8abc10ba3bb56626ea7fbf6d98d82a57123e,/home/timlittau/Documents/InferQ/analysis/finetuned_rdbms_162/qpy/008908046e9e4d77676ed790bd1f8abc10ba3bb56626ea7fbf6d98d82a57123e.qpy,4,37,0.34542608191259205,12715,44,5,39,sqlite,small_size,0,success,0.005361329996958375,16,4131,"{""automatic_index"": true, ""cache_mb"": 64, ""cache_spill"": false, ""db_path"": "":memory:"", ""journal_mode"": ""OFF"", ""locking_mode"": ""EXCLUSIVE"", ""mmap_mb"": 0, ""synchronous"": ""OFF"", ""temp_store"": ""FILE"", ""threads"": 1}",
008908046e9e4d77676ed790bd1f8abc10ba3bb56626ea7fbf6d98d82a57123e,/home/timlittau/Documents/InferQ/analysis/finetuned_rdbms_162/qpy/008908046e9e4d77676ed790bd1f8abc10ba3bb56626ea7fbf6d98d82a57123e.qpy,4,37,0.34542608191259205,12715,44,5,39,sqlite,small_size,1,success,0.003657784080132842,16,4131,"{""automatic_index"": true, ""cache_mb"": 64, ""cache_spill"": false, ""db_path"": "":memory:"", ""journal_mode"": ""OFF"", ""locking_mode"": ""EXCLUSIVE"", ""mmap_mb"": 0, ""synchronous"": ""OFF"", ""temp_store"": ""FILE"", ""threads"": 1}",
008908046e9e4d77676ed790bd1f8abc10ba3bb56626ea7fbf6d98d82a57123e,/home/timlittau/Documents/InferQ/analysis/finetuned_rdbms_162/qpy/008908046e9e4d77676ed790bd1f8abc10ba3bb56626ea7fbf6d98d82a57123e.qpy,4,37,0.34542608191259205,12715,44,5,39,duckdb,small_size,0,success,0.09232441801577806,16,16852,"{""max_temp_directory_size"": ""256GB"", ""memory_limit"": ""10780MB"", ""preserve_insertion_order"": false, ""temp_directory"": ""analysis/finetuned/rdbms162_all_engines_120s/tmp/small_size/duckdb"", ""threads"": 2}",
008908046e9e4d77676ed790bd1f8abc10ba3bb56626ea7fbf6d98d82a57123e,/home/timlittau/Documents/InferQ/analysis/finetuned_rdbms_162/qpy/008908046e9e4d77676ed790bd1f8abc10ba3bb56626ea7fbf6d98d82a57123e.qpy,4,37,0.34542608191259205,12715,44,5,39,duckdb,small_size,1,success,0.09198728413321078,16,16914,"{""max_temp_directory_size"": ""256GB"", ""memory_limit"": ""10780MB"", ""preserve_insertion_order"": false, ""temp_directory"": ""analysis/finetuned/rdbms162_all_engines_120s/tmp/small_size/duckdb"", ""threads"": 2}",
008908046e9e4d77676ed790bd1f8abc10ba3bb56626ea7fbf6d98d82a57123e,/home/timlittau/Documents/InferQ/analysis/finetuned_rdbms_162/qpy/008908046e9e4d77676ed790bd1f8abc10ba3bb56626ea7fbf6d98d82a57123e.qpy,4,37,0.34542608191259205,12715,44,5,39,postgres,small_size,0,success,0.008712084963917732,16,17462,"{""effective_cache_size"": ""8GB"", ""from_collapse_limit"": 1, ""hash_mem_multiplier"": ""2.0"", ""jit"": ""off"", ""join_collapse_limit"": 1, ""max_parallel_workers_per_gather"": 4, ""temp_buffers"": ""128MB"", ""temp_file_limit"": ""-1"", ""work_mem"": ""256MB""}",
008908046e9e4d77676ed790bd1f8abc10ba3bb56626ea7fbf6d98d82a57123e,/home/timlittau/Documents/InferQ/analysis/finetuned_rdbms_162/qpy/008908046e9e4d77676ed790bd1f8abc10ba3bb56626ea7fbf6d98d82a57123e.qpy,4,37,0.34542608191259205,12715,44,5,39,postgres,small_size,1,success,0.00843563606031239,16,17622,"{""effective_cache_size"": ""8GB"", ""from_collapse_limit"": 1, ""hash_mem_multiplier"": ""2.0"", ""jit"": ""off"", ""join_collapse_limit"": 1, ""max_parallel_workers_per_gather"": 4, ""temp_buffers"": ""128MB"", ""temp_file_limit"": ""-1"", ""work_mem"": ""256MB""}",
008c607faddc4dd119768f8c27feee980c0eb42398a6217dd1dcfe2a77b1110d,/home/timlittau/Documents/InferQ/analysis/finetuned_rdbms_162/qpy/008c607faddc4dd119768f8c27feee980c0eb42398a6217dd1dcfe2a77b1110d.qpy,5,59,0.588578712195158,19351,67,5,62,sqlite,small_size,0,success,0.009229931980371475,32,4131,"{""automatic_index"": true, ""cache_mb"": 64, ""cache_spill"": false, ""db_path"": "":memory:"", ""journal_mode"": ""OFF"", ""locking_mode"": ""EXCLUSIVE"", ""mmap_mb"": 0, ""synchronous"": ""OFF"", ""temp_store"": ""FILE"", ""threads"": 1}",
008c607faddc4dd119768f8c27feee980c0eb42398a6217dd1dcfe2a77b1110d,/home/timlittau/Documents/InferQ/analysis/finetuned_rdbms_162/qpy/008c607faddc4dd119768f8c27feee980c0eb42398a6217dd1dcfe2a77b1110d.qpy,5,59,0.588578712195158,19351,67,5,62,sqlite,small_size,1,success,0.00618525012396276,32,4131,"{""automatic_index"": true, ""cache_mb"": 64, ""cache_spill"": false, ""db_path"": "":memory:"", ""journal_mode"": ""OFF"", ""locking_mode"": ""EXCLUSIVE"", ""mmap_mb"": 0, ""synchronous"": ""OFF"", ""temp_store"": ""FILE"", ""threads"": 1}",
008c607faddc4dd119768f8c27feee980c0eb42398a6217dd1dcfe2a77b1110d,/home/timlittau/Documents/InferQ/analysis/finetuned_rdbms_162/qpy/008c607faddc4dd119768f8c27feee980c0eb42398a6217dd1dcfe2a77b1110d.qpy,5,59,0.588578712195158,19351,67,5,62,duckdb,small_size,0,success,0.5183212410192937,32,23736,"{""max_temp_directory_size"": ""256GB"", ""memory_limit"": ""10780MB"", ""preserve_insertion_order"": false, ""temp_directory"": ""analysis/finetuned/rdbms162_all_engines_120s/tmp/small_size/duckdb"", ""threads"": 2}",
008c607faddc4dd119768f8c27feee980c0eb42398a6217dd1dcfe2a77b1110d,/home/timlittau/Documents/InferQ/analysis/finetuned_rdbms_162/qpy/008c607faddc4dd119768f8c27feee980c0eb42398a6217dd1dcfe2a77b1110d.qpy,5,59,0.588578712195158,19351,67,5,62,duckdb,small_size,1,success,0.5191541940439492,32,23480,"{""max_temp_directory_size"": ""256GB"", ""memory_limit"": ""10780MB"", ""preserve_insertion_order"": false, ""temp_directory"": ""analysis/finetuned/rdbms162_all_engines_120s/tmp/small_size/duckdb"", ""threads"": 2}",
008c607faddc4dd119768f8c27feee980c0eb42398a6217dd1dcfe2a77b1110d,/home/timlittau/Documents/InferQ/analysis/finetuned_rdbms_162/qpy/008c607faddc4dd119768f8c27feee980c0eb42398a6217dd1dcfe2a77b1110d.qpy,5,59,0.588578712195158,19351,67,5,62,postgres,small_size,0,success,0.01570726791396737,32,24475,"{""effective_cache_size"": ""8GB"", ""from_collapse_limit"": 1, ""hash_mem_multiplier"": ""2.0"", ""jit"": ""off"", ""join_collapse_limit"": 1, ""max_parallel_workers_per_gather"": 4, ""temp_buffers"": ""128MB"", ""temp_file_limit"": ""-1"", ""work_mem"": ""256MB""}",
008c607faddc4dd119768f8c27feee980c0eb42398a6217dd1dcfe2a77b1110d,/home/timlittau/Documents/InferQ/analysis/finetuned_rdbms_162/qpy/008c607faddc4dd119768f8c27feee980c0eb42398a6217dd1dcfe2a77b1110d.qpy,5,59,0.588578712195158,19351,67,5,62,postgres,small_size,1,success,0.017751628067344427,32,24315,"{""effective_cache_size"": ""8GB"", ""from_collapse_limit"": 1, ""hash_mem_multiplier"": ""2.0"", ""jit"": ""off"", ""join_collapse_limit"": 1, ""max_parallel_workers_per_gather"": 4, ""temp_buffers"": ""128MB"", ""temp_file_limit"": ""-1"", ""work_mem"": ""256MB""}",
008d7d2d32597e947c72f0d86badbd8c0184e2bcf45f8975c7e7962a81b1d25f,/home/timlittau/Documents/InferQ/analysis/finetuned_rdbms_162/qpy/008d7d2d32597e947c72f0d86badbd8c0184e2bcf45f8975c7e7962a81b1d25f.qpy,10,64,0.7060189470648766,21927,77,5,72,sqlite,large_size,0,success,0.01576968003064394,32,4131,"{""automatic_index"": true, ""cache_mb"": 64, ""cache_spill"": false, ""db_path"": "":memory:"", ""journal_mode"": ""OFF"", ""locking_mode"": ""EXCLUSIVE"", ""mmap_mb"": 0, ""synchronous"": ""OFF"", ""temp_store"": ""FILE"", ""threads"": 1}",
008d7d2d32597e947c72f0d86badbd8c0184e2bcf45f8975c7e7962a81b1d25f,/home/timlittau/Documents/InferQ/analysis/finetuned_rdbms_162/qpy/008d7d2d32597e947c72f0d86badbd8c0184e2bcf45f8975c7e7962a81b1d25f.qpy,10,64,0.7060189470648766,21927,77,5,72,sqlite,large_size,1,success,0.01122364797629416,32,4131,"{""automatic_index"": true, ""cache_mb"": 64, ""cache_spill"": false, ""db_path"": "":memory:"", ""journal_mode"": ""OFF"", ""locking_mode"": ""EXCLUSIVE"", ""mmap_mb"": 0, ""synchronous"": ""OFF"", ""temp_store"": ""FILE"", ""threads"": 1}",
008d7d2d32597e947c72f0d86badbd8c0184e2bcf45f8975c7e7962a81b1d25f,/home/timlittau/Documents/InferQ/analysis/finetuned_rdbms_162/qpy/008d7d2d32597e947c72f0d86badbd8c0184e2bcf45f8975c7e7962a81b1d25f.qpy,10,64,0.7060189470648766,21927,77,5,72,duckdb,large_size,0,success,0.092754463898018,32,25900,"{""max_temp_directory_size"": ""128GB"", ""memory_limit"": ""7409MB"", ""preserve_insertion_order"": true, ""temp_directory"": ""analysis/finetuned/rdbms162_all_engines_120s/tmp/large_size/duckdb"", ""threads"": 1}",
008d7d2d32597e947c72f0d86badbd8c0184e2bcf45f8975c7e7962a81b1d25f,/home/timlittau/Documents/InferQ/analysis/finetuned_rdbms_162/qpy/008d7d2d32597e947c72f0d86badbd8c0184e2bcf45f8975c7e7962a81b1d25f.qpy,10,64,0.7060189470648766,21927,77,5,72,duckdb,large_size,1,success,0.09179953811690211,32,25940,"{""max_temp_directory_size"": ""128GB"", ""memory_limit"": ""7409MB"", ""preserve_insertion_order"": true, ""temp_directory"": ""analysis/finetuned/rdbms162_all_engines_120s/tmp/large_size/duckdb"", ""threads"": 1}",
008d7d2d32597e947c72f0d86badbd8c0184e2bcf45f8975c7e7962a81b1d25f,/home/timlittau/Documents/InferQ/analysis/finetuned_rdbms_162/qpy/008d7d2d32597e947c72f0d86badbd8c0184e2bcf45f8975c7e7962a81b1d25f.qpy,10,64,0.7060189470648766,21927,77,5,72,postgres,large_size,0,success,0.0243920108769089,32,27333,"{""effective_cache_size"": ""2GB"", ""from_collapse_limit"": 1, ""hash_mem_multiplier"": ""1.94"", ""jit"": ""off"", ""join_collapse_limit"": 4, ""max_parallel_workers_per_gather"": 0, ""temp_buffers"": ""65MB"", ""temp_file_limit"": ""-1"", ""work_mem"": ""55MB""}",
008d7d2d32597e947c72f0d86badbd8c0184e2bcf45f8975c7e7962a81b1d25f,/home/timlittau/Documents/InferQ/analysis/finetuned_rdbms_162/qpy/008d7d2d32597e947c72f0d86badbd8c0184e2bcf45f8975c7e7962a81b1d25f.qpy,10,64,0.7060189470648766,21927,77,5,72,postgres,large_size,1,success,0.0331629728898406,32,27333,"{""effective_cache_size"": ""2GB"", ""from_collapse_limit"": 1, ""hash_mem_multiplier"": ""1.94"", ""jit"": ""off"", ""join_collapse_limit"": 4, ""max_parallel_workers_per_gather"": 0, ""temp_buffers"": ""65MB"", ""temp_file_limit"": ""-1"", ""work_mem"": ""55MB""}",
0090b72ef89b7fc76f20b62ee977a588935b62347bf51d09dc73d6c137a4007a,/home/timlittau/Documents/InferQ/analysis/finetuned_rdbms_162/qpy/0090b72ef89b7fc76f20b62ee977a588935b62347bf51d09dc73d6c137a4007a.qpy,1,1,0.005044049816206098,710,2,2,0,sqlite,small_size,0,success,0.0001669079065322876,2,4131,"{""automatic_index"": true, ""cache_mb"": 64, ""cache_spill"": false, ""db_path"": "":memory:"", ""journal_mode"": ""OFF"", ""locking_mode"": ""EXCLUSIVE"", ""mmap_mb"": 0, ""synchronous"": ""OFF"", ""temp_store"": ""FILE"", ""threads"": 1}",
0090b72ef89b7fc76f20b62ee977a588935b62347bf51d09dc73d6c137a4007a,/home/timlittau/Documents/InferQ/analysis/finetuned_rdbms_162/qpy/0090b72ef89b7fc76f20b62ee977a588935b62347bf51d09dc73d6c137a4007a.qpy,1,1,0.005044049816206098,710,2,2,0,sqlite,small_size,1,success,0.00011149304918944836,2,4131,"{""automatic_index"": true, ""cache_mb"": 64, ""cache_spill"": false, ""db_path"": "":memory:"", ""journal_mode"": ""OFF"", ""locking_mode"": ""EXCLUSIVE"", ""mmap_mb"": 0, ""synchronous"": ""OFF"", ""temp_store"": ""FILE"", ""threads"": 1}",
0090b72ef89b7fc76f20b62ee977a588935b62347bf51d09dc73d6c137a4007a,/home/timlittau/Documents/InferQ/analysis/finetuned_rdbms_162/qpy/0090b72ef89b7fc76f20b62ee977a588935b62347bf51d09dc73d6c137a4007a.qpy,1,1,0.005044049816206098,710,2,2,0,duckdb,small_size,0,success,0.001784574007615447,2,5255,"{""max_temp_directory_size"": ""256GB"", ""memory_limit"": ""10780MB"", ""preserve_insertion_order"": false, ""temp_directory"": ""analysis/finetuned/rdbms162_all_engines_120s/tmp/small_size/duckdb"", ""threads"": 2}",
0090b72ef89b7fc76f20b62ee977a588935b62347bf51d09dc73d6c137a4007a,/home/timlittau/Documents/InferQ/analysis/finetuned_rdbms_162/qpy/0090b72ef89b7fc76f20b62ee977a588935b62347bf51d09dc73d6c137a4007a.qpy,1,1,0.005044049816206098,710,2,2,0,duckdb,small_size,1,success,0.0017141117714345455,2,5095,"{""max_temp_directory_size"": ""256GB"", ""memory_limit"": ""10780MB"", ""preserve_insertion_order"": false, ""temp_directory"": ""analysis/finetuned/rdbms162_all_engines_120s/tmp/small_size/duckdb"", ""threads"": 2}",
0090b72ef89b7fc76f20b62ee977a588935b62347bf51d09dc73d6c137a4007a,/home/timlittau/Documents/InferQ/analysis/finetuned_rdbms_162/qpy/0090b72ef89b7fc76f20b62ee977a588935b62347bf51d09dc73d6c137a4007a.qpy,1,1,0.005044049816206098,710,2,2,0,postgres,small_size,0,success,0.0007231349591165781,2,5147,"{""effective_cache_size"": ""8GB"", ""from_collapse_limit"": 1, ""hash_mem_multiplier"": ""2.0"", ""jit"": ""off"", ""join_collapse_limit"": 1, ""max_parallel_workers_per_gather"": 4, ""temp_buffers"": ""128MB"", ""temp_file_limit"": ""-1"", ""work_mem"": ""256MB""}",
0090b72ef89b7fc76f20b62ee977a588935b62347bf51d09dc73d6c137a4007a,/home/timlittau/Documents/InferQ/analysis/finetuned_rdbms_162/qpy/0090b72ef89b7fc76f20b62ee977a588935b62347bf51d09dc73d6c137a4007a.qpy,1,1,0.005044049816206098,710,2,2,0,postgres,small_size,1,success,0.0006608711555600166,2,5147,"{""effective_cache_size"": ""8GB"", ""from_collapse_limit"": 1, ""hash_mem_multiplier"": ""2.0"", ""jit"": ""off"", ""join_collapse_limit"": 1, ""max_parallel_workers_per_gather"": 4, ""temp_buffers"": ""128MB"", ""temp_file_limit"": ""-1"", ""work_mem"": ""256MB""}",
0091de015faf27adbfe6dc0954f8c8457bd5c7637d7c7118a4fa16ba4134d590,/home/timlittau/Documents/InferQ/analysis/finetuned_rdbms_162/qpy/0091de015faf27adbfe6dc0954f8c8457bd5c7637d7c7118a4fa16ba4134d590.qpy,9,26,0.25172411696985364,10103,38,5,33,sqlite,small_size,0,success,0.007371674990281463,512,30389,"{""automatic_index"": true, ""cache_mb"": 64, ""cache_spill"": false, ""db_path"": "":memory:"", ""journal_mode"": ""OFF"", ""locking_mode"": ""EXCLUSIVE"", ""mmap_mb"": 0, ""synchronous"": ""OFF"", ""temp_store"": ""FILE"", ""threads"": 1}",
0091de015faf27adbfe6dc0954f8c8457bd5c7637d7c7118a4fa16ba4134d590,/home/timlittau/Documents/InferQ/analysis/finetuned_rdbms_162/qpy/0091de015faf27adbfe6dc0954f8c8457bd5c7637d7c7118a4fa16ba4134d590.qpy,9,26,0.25172411696985364,10103,38,5,33,sqlite,small_size,1,success,0.005834697978571057,512,30029,"{""automatic_index"": true, ""cache_mb"": 64, ""cache_spill"": false, ""db_path"": "":memory:"", ""journal_mode"": ""OFF"", ""locking_mode"": ""EXCLUSIVE"", ""mmap_mb"": 0, ""synchronous"": ""OFF"", ""temp_store"": ""FILE"", ""threads"": 1}",
0091de015faf27adbfe6dc0954f8c8457bd5c7637d7c7118a4fa16ba4134d590,/home/timlittau/Documents/InferQ/analysis/finetuned_rdbms_162/qpy/0091de015faf27adbfe6dc0954f8c8457bd5c7637d7c7118a4fa16ba4134d590.qpy,9,26,0.25172411696985364,10103,38,5,33,duckdb,small_size,0,success,0.02560139703564346,512,30362,"{""max_temp_directory_size"": ""256GB"", ""memory_limit"": ""10780MB"", ""preserve_insertion_order"": false, ""temp_directory"": ""analysis/finetuned/rdbms162_all_engines_120s/tmp/small_size/duckdb"", ""threads"": 2}",
0091de015faf27adbfe6dc0954f8c8457bd5c7637d7c7118a4fa16ba4134d590,/home/timlittau/Documents/InferQ/analysis/finetuned_rdbms_162/qpy/0091de015faf27adbfe6dc0954f8c8457bd5c7637d7c7118a4fa16ba4134d590.qpy,9,26,0.25172411696985364,10103,38,5,33,duckdb,small_size,1,success,0.026271690847352147,512,30300,"{""max_temp_directory_size"": ""256GB"", ""memory_limit"": ""10780MB"", ""preserve_insertion_order"": false, ""temp_directory"": ""analysis/finetuned/rdbms162_all_engines_120s/tmp/small_size/duckdb"", ""threads"": 2}",
0091de015faf27adbfe6dc0954f8c8457bd5c7637d7c7118a4fa16ba4134d590,/home/timlittau/Documents/InferQ/analysis/finetuned_rdbms_162/qpy/0091de015faf27adbfe6dc0954f8c8457bd5c7637d7c7118a4fa16ba4134d590.qpy,9,26,0.25172411696985364,10103,38,5,33,postgres,small_size,0,success,0.010322272777557373,512,41482,"{""effective_cache_size"": ""8GB"", ""from_collapse_limit"": 1, ""hash_mem_multiplier"": ""2.0"", ""jit"": ""off"", ""join_collapse_limit"": 1, ""max_parallel_workers_per_gather"": 4, ""temp_buffers"": ""128MB"", ""temp_file_limit"": ""-1"", ""work_mem"": ""256MB""}",
0091de015faf27adbfe6dc0954f8c8457bd5c7637d7c7118a4fa16ba4134d590,/home/timlittau/Documents/InferQ/analysis/finetuned_rdbms_162/qpy/0091de015faf27adbfe6dc0954f8c8457bd5c7637d7c7118a4fa16ba4134d590.qpy,9,26,0.25172411696985364,10103,38,5,33,postgres,small_size,1,success,0.010130923008546233,512,41642,"{""effective_cache_size"": ""8GB"", ""from_collapse_limit"": 1, ""hash_mem_multiplier"": ""2.0"", ""jit"": ""off"", ""join_collapse_limit"": 1, ""max_parallel_workers_per_gather"": 4, ""temp_buffers"": ""128MB"", ""temp_file_limit"": ""-1"", ""work_mem"": ""256MB""}",
009915dd437f46630f6dc7554b93e1b1afbbef2c7e6503570e626bb0fb457aaa,/home/timlittau/Documents/InferQ/analysis/finetuned_rdbms_162/qpy/009915dd437f46630f6dc7554b93e1b1afbbef2c7e6503570e626bb0fb457aaa.qpy,3,20,0.17255478422157466,7415,26,5,21,sqlite,small_size,0,success,0.0026845368556678295,8,4131,"{""automatic_index"": true, ""cache_mb"": 64, ""cache_spill"": false, ""db_path"": "":memory:"", ""journal_mode"": ""OFF"", ""locking_mode"": ""EXCLUSIVE"", ""mmap_mb"": 0, ""synchronous"": ""OFF"", ""temp_store"": ""FILE"", ""threads"": 1}",
009915dd437f46630f6dc7554b93e1b1afbbef2c7e6503570e626bb0fb457aaa,/home/timlittau/Documents/InferQ/analysis/finetuned_rdbms_162/qpy/009915dd437f46630f6dc7554b93e1b1afbbef2c7e6503570e626bb0fb457aaa.qpy,3,20,0.17255478422157466,7415,26,5,21,sqlite,small_size,1,success,0.0019259389955550432,8,4131,"{""automatic_index"": true, ""cache_mb"": 64, ""cache_spill"": false, ""db_path"": "":memory:"", ""journal_mode"": ""OFF"", ""locking_mode"": ""EXCLUSIVE"", ""mmap_mb"": 0, ""synchronous"": ""OFF"", ""temp_store"": ""FILE"", ""threads"": 1}",
009915dd437f46630f6dc7554b93e1b1afbbef2c7e6503570e626bb0fb457aaa,/home/timlittau/Documents/InferQ/analysis/finetuned_rdbms_162/qpy/009915dd437f46630f6dc7554b93e1b1afbbef2c7e6503570e626bb0fb457aaa.qpy,3,20,0.17255478422157466,7415,26,5,21,duckdb,small_size,0,success,0.030724322889000177,8,11738,"{""max_temp_directory_size"": ""256GB"", ""memory_limit"": ""10780MB"", ""preserve_insertion_order"": false, ""temp_directory"": ""analysis/finetuned/rdbms162_all_engines_120s/tmp/small_size/duckdb"", ""threads"": 2}",
009915dd437f46630f6dc7554b93e1b1afbbef2c7e6503570e626bb0fb457aaa,/home/timlittau/Documents/InferQ/analysis/finetuned_rdbms_162/qpy/009915dd437f46630f6dc7554b93e1b1afbbef2c7e6503570e626bb0fb457aaa.qpy,3,20,0.17255478422157466,7415,26,5,21,duckdb,small_size,1,success,0.03061582683585584,8,11800,"{""max_temp_directory_size"": ""256GB"", ""memory_limit"": ""10780MB"", ""preserve_insertion_order"": false, ""temp_directory"": ""analysis/finetuned/rdbms162_all_engines_120s/tmp/small_size/duckdb"", ""threads"": 2}",
009915dd437f46630f6dc7554b93e1b1afbbef2c7e6503570e626bb0fb457aaa,/home/timlittau/Documents/InferQ/analysis/finetuned_rdbms_162/qpy/009915dd437f46630f6dc7554b93e1b1afbbef2c7e6503570e626bb0fb457aaa.qpy,3,20,0.17255478422157466,7415,26,5,21,postgres,small_size,0,success,0.004558773944154382,8,12188,"{""effective_cache_size"": ""8GB"", ""from_collapse_limit"": 1, ""hash_mem_multiplier"": ""2.0"", ""jit"": ""off"", ""join_collapse_limit"": 1, ""max_parallel_workers_per_gather"": 4, ""temp_buffers"": ""128MB"", ""temp_file_limit"": ""-1"", ""work_mem"": ""256MB""}",
009915dd437f46630f6dc7554b93e1b1afbbef2c7e6503570e626bb0fb457aaa,/home/timlittau/Documents/InferQ/analysis/finetuned_rdbms_162/qpy/009915dd437f46630f6dc7554b93e1b1afbbef2c7e6503570e626bb0fb457aaa.qpy,3,20,0.17255478422157466,7415,26,5,21,postgres,small_size,1,success,0.004438150906935334,8,12028,"{""effective_cache_size"": ""8GB"", ""from_collapse_limit"": 1, ""hash_mem_multiplier"": ""2.0"", ""jit"": ""off"", ""join_collapse_limit"": 1, ""max_parallel_workers_per_gather"": 4, ""temp_buffers"": ""128MB"", ""temp_file_limit"": ""-1"", ""work_mem"": ""256MB""}",
0099a04c527fa7dd74d7a09d85f4ef05dcb4bbfd697ddf9021213aa84b45a6c0,/home/timlittau/Documents/InferQ/analysis/finetuned_rdbms_162/qpy/0099a04c527fa7dd74d7a09d85f4ef05dcb4bbfd697ddf9021213aa84b45a6c0.qpy,1,1,0.005458662984892726,662,2,2,0,sqlite,small_size,0,success,0.00016785901971161366,2,4131,"{""automatic_index"": true, ""cache_mb"": 64, ""cache_spill"": false, ""db_path"": "":memory:"", ""journal_mode"": ""OFF"", ""locking_mode"": ""EXCLUSIVE"", ""mmap_mb"": 0, ""synchronous"": ""OFF"", ""temp_store"": ""FILE"", ""threads"": 1}",
0099a04c527fa7dd74d7a09d85f4ef05dcb4bbfd697ddf9021213aa84b45a6c0,/home/timlittau/Documents/InferQ/analysis/finetuned_rdbms_162/qpy/0099a04c527fa7dd74d7a09d85f4ef05dcb4bbfd697ddf9021213aa84b45a6c0.qpy,1,1,0.005458662984892726,662,2,2,0,sqlite,small_size,1,success,0.00011245207861065865,2,4131,"{""automatic_index"": true, ""cache_mb"": 64, ""cache_spill"": false, ""db_path"": "":memory:"", ""journal_mode"": ""OFF"", ""locking_mode"": ""EXCLUSIVE"", ""mmap_mb"": 0, ""synchronous"": ""OFF"", ""temp_store"": ""FILE"", ""threads"": 1}",
0099a04c527fa7dd74d7a09d85f4ef05dcb4bbfd697ddf9021213aa84b45a6c0,/home/timlittau/Documents/InferQ/analysis/finetuned_rdbms_162/qpy/0099a04c527fa7dd74d7a09d85f4ef05dcb4bbfd697ddf9021213aa84b45a6c0.qpy,1,1,0.005458662984892726,662,2,2,0,duckdb,small_size,0,success,0.0018935701809823513,2,4517,"{""max_temp_directory_size"": ""256GB"", ""memory_limit"": ""10780MB"", ""preserve_insertion_order"": false, ""temp_directory"": ""analysis/finetuned/rdbms162_all_engines_120s/tmp/small_size/duckdb"", ""threads"": 2}",
0099a04c527fa7dd74d7a09d85f4ef05dcb4bbfd697ddf9021213aa84b45a6c0,/home/timlittau/Documents/InferQ/analysis/finetuned_rdbms_162/qpy/0099a04c527fa7dd74d7a09d85f4ef05dcb4bbfd697ddf9021213aa84b45a6c0.qpy,1,1,0.005458662984892726,662,2,2,0,duckdb,small_size,1,success,0.001670238096266985,2,4427,"{""max_temp_directory_size"": ""256GB"", ""memory_limit"": ""10780MB"", ""preserve_insertion_order"": false, ""temp_directory"": ""analysis/finetuned/rdbms162_all_engines_120s/tmp/small_size/duckdb"", ""threads"": 2}",
0099a04c527fa7dd74d7a09d85f4ef05dcb4bbfd697ddf9021213aa84b45a6c0,/home/timlittau/Documents/InferQ/analysis/finetuned_rdbms_162/qpy/0099a04c527fa7dd74d7a09d85f4ef05dcb4bbfd697ddf9021213aa84b45a6c0.qpy,1,1,0.005458662984892726,662,2,2,0,postgres,small_size,0,success,0.0007019189652055502,2,5099,"{""effective_cache_size"": ""8GB"", ""from_collapse_limit"": 1, ""hash_mem_multiplier"": ""2.0"", ""jit"": ""off"", ""join_collapse_limit"": 1, ""max_parallel_workers_per_gather"": 4, ""temp_buffers"": ""128MB"", ""temp_file_limit"": ""-1"", ""work_mem"": ""256MB""}",
0099a04c527fa7dd74d7a09d85f4ef05dcb4bbfd697ddf9021213aa84b45a6c0,/home/timlittau/Documents/InferQ/analysis/finetuned_rdbms_162/qpy/0099a04c527fa7dd74d7a09d85f4ef05dcb4bbfd697ddf9021213aa84b45a6c0.qpy,1,1,0.005458662984892726,662,2,2,0,postgres,small_size,1,success,0.0006734051275998354,2,5099,"{""effective_cache_size"": ""8GB"", ""from_collapse_limit"": 1, ""hash_mem_multiplier"": ""2.0"", ""jit"": ""off"", ""join_collapse_limit"": 1, ""max_parallel_workers_per_gather"": 4, ""temp_buffers"": ""128MB"", ""temp_file_limit"": ""-1"", ""work_mem"": ""256MB""}",
0099dd619a800292f9eff1d3bcc3e0551b983a9e0db2470f8141021772e3d142,/home/timlittau/Documents/InferQ/analysis/finetuned_rdbms_162/qpy/0099dd619a800292f9eff1d3bcc3e0551b983a9e0db2470f8141021772e3d142.qpy,4,20,0.17270938586443663,7968,30,8,22,sqlite,small_size,0,success,0.0027218868490308523,4,4131,"{""automatic_index"": true, ""cache_mb"": 64, ""cache_spill"": false, ""db_path"": "":memory:"", ""journal_mode"": ""OFF"", ""locking_mode"": ""EXCLUSIVE"", ""mmap_mb"": 0, ""synchronous"": ""OFF"", ""temp_store"": ""FILE"", ""threads"": 1}",
0099dd619a800292f9eff1d3bcc3e0551b983a9e0db2470f8141021772e3d142,/home/timlittau/Documents/InferQ/analysis/finetuned_rdbms_162/qpy/0099dd619a800292f9eff1d3bcc3e0551b983a9e0db2470f8141021772e3d142.qpy,4,20,0.17270938586443663,7968,30,8,22,sqlite,small_size,1,success,0.0018302509561181068,4,4131,"{""automatic_index"": true, ""cache_mb"": 64, ""cache_spill"": false, ""db_path"": "":memory:"", ""journal_mode"": ""OFF"", ""locking_mode"": ""EXCLUSIVE"", ""mmap_mb"": 0, ""synchronous"": ""OFF"", ""temp_store"": ""FILE"", ""threads"": 1}",
0099dd619a800292f9eff1d3bcc3e0551b983a9e0db2470f8141021772e3d142,/home/timlittau/Documents/InferQ/analysis/finetuned_rdbms_162/qpy/0099dd619a800292f9eff1d3bcc3e0551b983a9e0db2470f8141021772e3d142.qpy,4,20,0.17270938586443663,7968,30,8,22,duckdb,small_size,0,success,0.01850752392783761,4,12351,"{""max_temp_directory_size"": ""256GB"", ""memory_limit"": ""10780MB"", ""preserve_insertion_order"": false, ""temp_directory"": ""analysis/finetuned/rdbms162_all_engines_120s/tmp/small_size/duckdb"", ""threads"": 2}",
0099dd619a800292f9eff1d3bcc3e0551b983a9e0db2470f8141021772e3d142,/home/timlittau/Documents/InferQ/analysis/finetuned_rdbms_162/qpy/0099dd619a800292f9eff1d3bcc3e0551b983a9e0db2470f8141021772e3d142.qpy,4,20,0.17270938586443663,7968,30,8,22,duckdb,small_size,1,success,0.018493918934836984,4,11879,"{""max_temp_directory_size"": ""256GB"", ""memory_limit"": ""10780MB"", ""preserve_insertion_order"": false, ""temp_directory"": ""analysis/finetuned/rdbms162_all_engines_120s/tmp/small_size/duckdb"", ""threads"": 2}",
0099dd619a800292f9eff1d3bcc3e0551b983a9e0db2470f8141021772e3d142,/home/timlittau/Documents/InferQ/analysis/finetuned_rdbms_162/qpy/0099dd619a800292f9eff1d3bcc3e0551b983a9e0db2470f8141021772e3d142.qpy,4,20,0.17270938586443663,7968,30,8,22,postgres,small_size,0,success,0.004746298072859645,4,12669,"{""effective_cache_size"": ""8GB"", ""from_collapse_limit"": 1, ""hash_mem_multiplier"": ""2.0"", ""jit"": ""off"", ""join_collapse_limit"": 1, ""max_parallel_workers_per_gather"": 4, ""temp_buffers"": ""128MB"", ""temp_file_limit"": ""-1"", ""work_mem"": ""256MB""}",
0099dd619a800292f9eff1d3bcc3e0551b983a9e0db2470f8141021772e3d142,/home/timlittau/Documents/InferQ/analysis/finetuned_rdbms_162/qpy/0099dd619a800292f9eff1d3bcc3e0551b983a9e0db2470f8141021772e3d142.qpy,4,20,0.17270938586443663,7968,30,8,22,postgres,small_size,1,success,0.004640303086489439,4,12669,"{""effective_cache_size"": ""8GB"", ""from_collapse_limit"": 1, ""hash_mem_multiplier"": ""2.0"", ""jit"": ""off"", ""join_collapse_limit"": 1, ""max_parallel_workers_per_gather"": 4, ""temp_buffers"": ""128MB"", ""temp_file_limit"": ""-1"", ""work_mem"": ""256MB""}",
009eed57c827cadc8ad7bec90f343c9dceb7d0034734f5807ac098e300e22bc6,/home/timlittau/Documents/InferQ/analysis/finetuned_rdbms_162/qpy/009eed57c827cadc8ad7bec90f343c9dceb7d0034734f5807ac098e300e22bc6.qpy,4,28,0.277334620943293,9722,35,5,30,sqlite,large_size,0,success,0.004719819873571396,16,4131,"{""automatic_index"": true, ""cache_mb"": 64, ""cache_spill"": false, ""db_path"": "":memory:"", ""journal_mode"": ""OFF"", ""locking_mode"": ""EXCLUSIVE"", ""mmap_mb"": 0, ""synchronous"": ""OFF"", ""temp_store"": ""FILE"", ""threads"": 1}",
009eed57c827cadc8ad7bec90f343c9dceb7d0034734f5807ac098e300e22bc6,/home/timlittau/Documents/InferQ/analysis/finetuned_rdbms_162/qpy/009eed57c827cadc8ad7bec90f343c9dceb7d0034734f5807ac098e300e22bc6.qpy,4,28,0.277334620943293,9722,35,5,30,sqlite,large_size,1,success,0.0032512641046196222,16,4131,"{""automatic_index"": true, ""cache_mb"": 64, ""cache_spill"": false, ""db_path"": "":memory:"", ""journal_mode"": ""OFF"", ""locking_mode"": ""EXCLUSIVE"", ""mmap_mb"": 0, ""synchronous"": ""OFF"", ""temp_store"": ""FILE"", ""threads"": 1}",
009eed57c827cadc8ad7bec90f343c9dceb7d0034734f5807ac098e300e22bc6,/home/timlittau/Documents/InferQ/analysis/finetuned_rdbms_162/qpy/009eed57c827cadc8ad7bec90f343c9dceb7d0034734f5807ac098e300e22bc6.qpy,4,28,0.277334620943293,9722,35,5,30,duckdb,large_size,0,success,0.2735623219050467,16,13695,"{""max_temp_directory_size"": ""128GB"", ""memory_limit"": ""7409MB"", ""preserve_insertion_order"": true, ""temp_directory"": ""analysis/finetuned/rdbms162_all_engines_120s/tmp/large_size/duckdb"", ""threads"": 1}",
009eed57c827cadc8ad7bec90f343c9dceb7d0034734f5807ac098e300e22bc6,/home/timlittau/Documents/InferQ/analysis/finetuned_rdbms_162/qpy/009eed57c827cadc8ad7bec90f343c9dceb7d0034734f5807ac098e300e22bc6.qpy,4,28,0.277334620943293,9722,35,5,30,duckdb,large_size,1,success,0.2790027011651546,16,13695,"{""max_temp_directory_size"": ""128GB"", ""memory_limit"": ""7409MB"", ""preserve_insertion_order"": true, ""temp_directory"": ""analysis/finetuned/rdbms162_all_engines_120s/tmp/large_size/duckdb"", ""threads"": 1}",
009eed57c827cadc8ad7bec90f343c9dceb7d0034734f5807ac098e300e22bc6,/home/timlittau/Documents/InferQ/analysis/finetuned_rdbms_162/qpy/009eed57c827cadc8ad7bec90f343c9dceb7d0034734f5807ac098e300e22bc6.qpy,4,28,0.277334620943293,9722,35,5,30,postgres,large_size,0,success,0.006914596073329449,16,14470,"{""effective_cache_size"": ""2GB"", ""from_collapse_limit"": 1, ""hash_mem_multiplier"": ""1.94"", ""jit"": ""off"", ""join_collapse_limit"": 4, ""max_parallel_workers_per_gather"": 0, ""temp_buffers"": ""65MB"", ""temp_file_limit"": ""-1"", ""work_mem"": ""55MB""}",
009eed57c827cadc8ad7bec90f343c9dceb7d0034734f5807ac098e300e22bc6,/home/timlittau/Documents/InferQ/analysis/finetuned_rdbms_162/qpy/009eed57c827cadc8ad7bec90f343c9dceb7d0034734f5807ac098e300e22bc6.qpy,4,28,0.277334620943293,9722,35,5,30,postgres,large_size,1,success,0.008404586929827929,16,14630,"{""effective_cache_size"": ""2GB"", ""from_collapse_limit"": 1, ""hash_mem_multiplier"": ""1.94"", ""jit"": ""off"", ""join_collapse_limit"": 4, ""max_parallel_workers_per_gather"": 0, ""temp_buffers"": ""65MB"", ""temp_file_limit"": ""-1"", ""work_mem"": ""55MB""}",
009f194ed47d66277dd5cf4295dce603ab5e3e8f6fa55b00fef598578814a477,/home/timlittau/Documents/InferQ/analysis/finetuned_rdbms_162/qpy/009f194ed47d66277dd5cf4295dce603ab5e3e8f6fa55b00fef598578814a477.qpy,6,34,0.3645904480945319,12071,43,5,38,sqlite,large_size,0,success,0.0069182878360152245,64,4875,"{""automatic_index"": true, ""cache_mb"": 64, ""cache_spill"": false, ""db_path"": "":memory:"", ""journal_mode"": ""OFF"", ""locking_mode"": ""EXCLUSIVE"", ""mmap_mb"": 0, ""synchronous"": ""OFF"", ""temp_store"": ""FILE"", ""threads"": 1}",
009f194ed47d66277dd5cf4295dce603ab5e3e8f6fa55b00fef598578814a477,/home/timlittau/Documents/InferQ/analysis/finetuned_rdbms_162/qpy/009f194ed47d66277dd5cf4295dce603ab5e3e8f6fa55b00fef598578814a477.qpy,6,34,0.3645904480945319,12071,43,5,38,sqlite,large_size,1,success,0.005242004059255123,64,4875,"{""automatic_index"": true, ""cache_mb"": 64, ""cache_spill"": false, ""db_path"": "":memory:"", ""journal_mode"": ""OFF"", ""locking_mode"": ""EXCLUSIVE"", ""mmap_mb"": 0, ""synchronous"": ""OFF"", ""temp_store"": ""FILE"", ""threads"": 1}",
009f194ed47d66277dd5cf4295dce603ab5e3e8f6fa55b00fef598578814a477,/home/timlittau/Documents/InferQ/analysis/finetuned_rdbms_162/qpy/009f194ed47d66277dd5cf4295dce603ab5e3e8f6fa55b00fef598578814a477.qpy,6,34,0.3645904480945319,12071,43,5,38,duckdb,large_size,0,success,0.4597222318407148,64,16420,"{""max_temp_directory_size"": ""128GB"", ""memory_limit"": ""7409MB"", ""preserve_insertion_order"": true, ""temp_directory"": ""analysis/finetuned/rdbms162_all_engines_120s/tmp/large_size/duckdb"", ""threads"": 1}",
009f194ed47d66277dd5cf4295dce603ab5e3e8f6fa55b00fef598578814a477,/home/timlittau/Documents/InferQ/analysis/finetuned_rdbms_162/qpy/009f194ed47d66277dd5cf4295dce603ab5e3e8f6fa55b00fef598578814a477.qpy,6,34,0.3645904480945319,12071,43,5,38,duckdb,large_size,1,success,0.4606065689586103,64,16300,"{""max_temp_directory_size"": ""128GB"", ""memory_limit"": ""7409MB"", ""preserve_insertion_order"": true, ""temp_directory"": ""analysis/finetuned/rdbms162_all_engines_120s/tmp/large_size/duckdb"", ""threads"": 1}",
009f194ed47d66277dd5cf4295dce603ab5e3e8f6fa55b00fef598578814a477,/home/timlittau/Documents/InferQ/analysis/finetuned_rdbms_162/qpy/009f194ed47d66277dd5cf4295dce603ab5e3e8f6fa55b00fef598578814a477.qpy,6,34,0.3645904480945319,12071,43,5,38,postgres,large_size,0,success,0.010820192052051425,64,18259,"{""effective_cache_size"": ""2GB"", ""from_collapse_limit"": 1, ""hash_mem_multiplier"": ""1.94"", ""jit"": ""off"", ""join_collapse_limit"": 4, ""max_parallel_workers_per_gather"": 0, ""temp_buffers"": ""65MB"", ""temp_file_limit"": ""-1"", ""work_mem"": ""55MB""}",
009f194ed47d66277dd5cf4295dce603ab5e3e8f6fa55b00fef598578814a477,/home/timlittau/Documents/InferQ/analysis/finetuned_rdbms_162/qpy/009f194ed47d66277dd5cf4295dce603ab5e3e8f6fa55b00fef598578814a477.qpy,6,34,0.3645904480945319,12071,43,5,38,postgres,large_size,1,success,0.012079993961378932,64,18099,"{""effective_cache_size"": ""2GB"", ""from_collapse_limit"": 1, ""hash_mem_multiplier"": ""1.94"", ""jit"": ""off"", ""join_collapse_limit"": 4, ""max_parallel_workers_per_gather"": 0, ""temp_buffers"": ""65MB"", ""temp_file_limit"": ""-1"", ""work_mem"": ""55MB""}",
00a1a13c3282e6501bfd75c172359c07b504155db0cd4cce57027dbc6c8c8621,/home/timlittau/Documents/InferQ/analysis/finetuned_rdbms_162/qpy/00a1a13c3282e6501bfd75c172359c07b504155db0cd4cce57027dbc6c8c8621.qpy,4,32,0.31197113706730306,11067,39,5,34,sqlite,small_size,0,success,0.0062788729555904865,16,4131,"{""automatic_index"": true, ""cache_mb"": 64, ""cache_spill"": false, ""db_path"": "":memory:"", ""journal_mode"": ""OFF"", ""locking_mode"": ""EXCLUSIVE"", ""mmap_mb"": 0, ""synchronous"": ""OFF"", ""temp_store"": ""FILE"", ""threads"": 1}",
00a1a13c3282e6501bfd75c172359c07b504155db0cd4cce57027dbc6c8c8621,/home/timlittau/Documents/InferQ/analysis/finetuned_rdbms_162/qpy/00a1a13c3282e6501bfd75c172359c07b504155db0cd4cce57027dbc6c8c8621.qpy,4,32,0.31197113706730306,11067,39,5,34,sqlite,small_size,1,success,0.0032454358879476786,16,4131,"{""automatic_index"": true, ""cache_mb"": 64, ""cache_spill"": false, ""db_path"": "":memory:"", ""journal_mode"": ""OFF"", ""locking_mode"": ""EXCLUSIVE"", ""mmap_mb"": 0, ""synchronous"": ""OFF"", ""temp_store"": ""FILE"", ""threads"": 1}",
00a1a13c3282e6501bfd75c172359c07b504155db0cd4cce57027dbc6c8c8621,/home/timlittau/Documents/InferQ/analysis/finetuned_rdbms_162/qpy/00a1a13c3282e6501bfd75c172359c07b504155db0cd4cce57027dbc6c8c8621.qpy,4,32,0.31197113706730306,11067,39,5,34,duckdb,small_size,0,success,0.4324352389667183,16,15108,"{""max_temp_directory_size"": ""256GB"", ""memory_limit"": ""10780MB"", ""preserve_insertion_order"": false, ""temp_directory"": ""analysis/finetuned/rdbms162_all_engines_120s/tmp/small_size/duckdb"", ""threads"": 2}",
00a1a13c3282e6501bfd75c172359c07b504155db0cd4cce57027dbc6c8c8621,/home/timlittau/Documents/InferQ/analysis/finetuned_rdbms_162/qpy/00a1a13c3282e6501bfd75c172359c07b504155db0cd4cce57027dbc6c8c8621.qpy,4,32,0.31197113706730306,11067,39,5,34,duckdb,small_size,1,success,0.4354429938830435,16,15142,"{""max_temp_directory_size"": ""256GB"", ""memory_limit"": ""10780MB"", ""preserve_insertion_order"": false, ""temp_directory"": ""analysis/finetuned/rdbms162_all_engines_120s/tmp/small_size/duckdb"", ""threads"": 2}",
00a1a13c3282e6501bfd75c172359c07b504155db0cd4cce57027dbc6c8c8621,/home/timlittau/Documents/InferQ/analysis/finetuned_rdbms_162/qpy/00a1a13c3282e6501bfd75c172359c07b504155db0cd4cce57027dbc6c8c8621.qpy,4,32,0.31197113706730306,11067,39,5,34,postgres,small_size,0,success,0.00782966217957437,16,15815,"{""effective_cache_size"": ""8GB"", ""from_collapse_limit"": 1, ""hash_mem_multiplier"": ""2.0"", ""jit"": ""off"", ""join_collapse_limit"": 1, ""max_parallel_workers_per_gather"": 4, ""temp_buffers"": ""128MB"", ""temp_file_limit"": ""-1"", ""work_mem"": ""256MB""}",
00a1a13c3282e6501bfd75c172359c07b504155db0cd4cce57027dbc6c8c8621,/home/timlittau/Documents/InferQ/analysis/finetuned_rdbms_162/qpy/00a1a13c3282e6501bfd75c172359c07b504155db0cd4cce57027dbc6c8c8621.qpy,4,32,0.31197113706730306,11067,39,5,34,postgres,small_size,1,success,0.00963020813651383,16,15815,"{""effective_cache_size"": ""8GB"", ""from_collapse_limit"": 1, ""hash_mem_multiplier"": ""2.0"", ""jit"": ""off"", ""join_collapse_limit"": 1, ""max_parallel_workers_per_gather"": 4, ""temp_buffers"": ""128MB"", ""temp_file_limit"": ""-1"", ""work_mem"": ""256MB""}",
00a35e5f35e4acfeb6dc3292a03a1f20118a4a7efb301407b0929a2c3c22c002,/home/timlittau/Documents/InferQ/analysis/finetuned_rdbms_162/qpy/00a35e5f35e4acfeb6dc3292a03a1f20118a4a7efb301407b0929a2c3c22c002.qpy,10,70,0.960624072002247,23917,82,4,78,sqlite,large_size,0,success,0.10464262613095343,1024,59245,"{""automatic_index"": true, ""cache_mb"": 64, ""cache_spill"": false, ""db_path"": "":memory:"", ""journal_mode"": ""OFF"", ""locking_mode"": ""EXCLUSIVE"", ""mmap_mb"": 0, ""synchronous"": ""OFF"", ""temp_store"": ""FILE"", ""threads"": 1}",
00a35e5f35e4acfeb6dc3292a03a1f20118a4a7efb301407b0929a2c3c22c002,/home/timlittau/Documents/InferQ/analysis/finetuned_rdbms_162/qpy/00a35e5f35e4acfeb6dc3292a03a1f20118a4a7efb301407b0929a2c3c22c002.qpy,10,70,0.960624072002247,23917,82,4,78,sqlite,large_size,1,success,0.10039817681536078,1024,59245,"{""automatic_index"": true, ""cache_mb"": 64, ""cache_spill"": false, ""db_path"": "":memory:"", ""journal_mode"": ""OFF"", ""locking_mode"": ""EXCLUSIVE"", ""mmap_mb"": 0, ""synchronous"": ""OFF"", ""temp_store"": ""FILE"", ""threads"": 1}",
00a35e5f35e4acfeb6dc3292a03a1f20118a4a7efb301407b0929a2c3c22c002,/home/timlittau/Documents/InferQ/analysis/finetuned_rdbms_162/qpy/00a35e5f35e4acfeb6dc3292a03a1f20118a4a7efb301407b0929a2c3c22c002.qpy,10,70,0.960624072002247,23917,82,4,78,duckdb,large_size,0,success,64.3414770399686,1024,59958,"{""max_temp_directory_size"": ""128GB"", ""memory_limit"": ""7409MB"", ""preserve_insertion_order"": true, ""temp_directory"": ""analysis/finetuned/rdbms162_all_engines_120s/tmp/large_size/duckdb"", ""threads"": 1}",
00a35e5f35e4acfeb6dc3292a03a1f20118a4a7efb301407b0929a2c3c22c002,/home/timlittau/Documents/InferQ/analysis/finetuned_rdbms_162/qpy/00a35e5f35e4acfeb6dc3292a03a1f20118a4a7efb301407b0929a2c3c22c002.qpy,10,70,0.960624072002247,23917,82,4,78,duckdb,large_size,1,success,64.29143242491409,1024,59392,"{""max_temp_directory_size"": ""128GB"", ""memory_limit"": ""7409MB"", ""preserve_insertion_order"": true, ""temp_directory"": ""analysis/finetuned/rdbms162_all_engines_120s/tmp/large_size/duckdb"", ""threads"": 1}",
00a35e5f35e4acfeb6dc3292a03a1f20118a4a7efb301407b0929a2c3c22c002,/home/timlittau/Documents/InferQ/analysis/finetuned_rdbms_162/qpy/00a35e5f35e4acfeb6dc3292a03a1f20118a4a7efb301407b0929a2c3c22c002.qpy,10,70,0.960624072002247,23917,82,4,78,postgres,large_size,0,success,0.18743629311211407,1024,84060,"{""effective_cache_size"": ""2GB"", ""from_collapse_limit"": 1, ""hash_mem_multiplier"": ""1.94"", ""jit"": ""off"", ""join_collapse_limit"": 4, ""max_parallel_workers_per_gather"": 0, ""temp_buffers"": ""65MB"", ""temp_file_limit"": ""-1"", ""work_mem"": ""55MB""}",
00a35e5f35e4acfeb6dc3292a03a1f20118a4a7efb301407b0929a2c3c22c002,/home/timlittau/Documents/InferQ/analysis/finetuned_rdbms_162/qpy/00a35e5f35e4acfeb6dc3292a03a1f20118a4a7efb301407b0929a2c3c22c002.qpy,10,70,0.960624072002247,23917,82,4,78,postgres,large_size,1,success,0.18891910905949771,1024,84060,"{""effective_cache_size"": ""2GB"", ""from_collapse_limit"": 1, ""hash_mem_multiplier"": ""1.94"", ""jit"": ""off"", ""join_collapse_limit"": 4, ""max_parallel_workers_per_gather"": 0, ""temp_buffers"": ""65MB"", ""temp_file_limit"": ""-1"", ""work_mem"": ""55MB""}",
00a37f1c5cc6549bc2a5c1a53bbebe60efa9a9f406d1e57f4fd44ce1434b0114,/home/timlittau/Documents/InferQ/analysis/finetuned_rdbms_162/qpy/00a37f1c5cc6549bc2a5c1a53bbebe60efa9a9f406d1e57f4fd44ce1434b0114.qpy,9,60,0.6751077598892152,21036,72,5,67,sqlite,small_size,0,success,0.03011154104024172,512,30029,"{""automatic_index"": true, ""cache_mb"": 64, ""cache_spill"": false, ""db_path"": "":memory:"", ""journal_mode"": ""OFF"", ""locking_mode"": ""EXCLUSIVE"", ""mmap_mb"": 0, ""synchronous"": ""OFF"", ""temp_store"": ""FILE"", ""threads"": 1}",
00a37f1c5cc6549bc2a5c1a53bbebe60efa9a9f406d1e57f4fd44ce1434b0114,/home/timlittau/Documents/InferQ/analysis/finetuned_rdbms_162/qpy/00a37f1c5cc6549bc2a5c1a53bbebe60efa9a9f406d1e57f4fd44ce1434b0114.qpy,9,60,0.6751077598892152,21036,72,5,67,sqlite,small_size,1,success,0.026112993014976382,512,30029,"{""automatic_index"": true, ""cache_mb"": 64, ""cache_spill"": false, ""db_path"": "":memory:"", ""journal_mode"": ""OFF"", ""locking_mode"": ""EXCLUSIVE"", ""mmap_mb"": 0, ""synchronous"": ""OFF"", ""temp_store"": ""FILE"", ""threads"": 1}",
00a37f1c5cc6549bc2a5c1a53bbebe60efa9a9f406d1e57f4fd44ce1434b0114,/home/timlittau/Documents/InferQ/analysis/finetuned_rdbms_162/qpy/00a37f1c5cc6549bc2a5c1a53bbebe60efa9a9f406d1e57f4fd44ce1434b0114.qpy,9,60,0.6751077598892152,21036,72,5,67,duckdb,small_size,0,success,0.7334432969801128,512,30238,"{""max_temp_directory_size"": ""256GB"", ""memory_limit"": ""10780MB"", ""preserve_insertion_order"": false, ""temp_directory"": ""analysis/finetuned/rdbms162_all_engines_120s/tmp/small_size/duckdb"", ""threads"": 2}",
00a37f1c5cc6549bc2a5c1a53bbebe60efa9a9f406d1e57f4fd44ce1434b0114,/home/timlittau/Documents/InferQ/analysis/finetuned_rdbms_162/qpy/00a37f1c5cc6549bc2a5c1a53bbebe60efa9a9f406d1e57f4fd44ce1434b0114.qpy,9,60,0.6751077598892152,21036,72,5,67,duckdb,small_size,1,success,0.7332821150775999,512,30176,"{""max_temp_directory_size"": ""256GB"", ""memory_limit"": ""10780MB"", ""preserve_insertion_order"": false, ""temp_directory"": ""analysis/finetuned/rdbms162_all_engines_120s/tmp/small_size/duckdb"", ""threads"": 2}",
00a37f1c5cc6549bc2a5c1a53bbebe60efa9a9f406d1e57f4fd44ce1434b0114,/home/timlittau/Documents/InferQ/analysis/finetuned_rdbms_162/qpy/00a37f1c5cc6549bc2a5c1a53bbebe60efa9a9f406d1e57f4fd44ce1434b0114.qpy,9,60,0.6751077598892152,21036,72,5,67,postgres,small_size,0,success,0.054150776006281376,512,52418,"{""effective_cache_size"": ""8GB"", ""from_collapse_limit"": 1, ""hash_mem_multiplier"": ""2.0"", ""jit"": ""off"", ""join_collapse_limit"": 1, ""max_parallel_workers_per_gather"": 4, ""temp_buffers"": ""128MB"", ""temp_file_limit"": ""-1"", ""work_mem"": ""256MB""}",
00a37f1c5cc6549bc2a5c1a53bbebe60efa9a9f406d1e57f4fd44ce1434b0114,/home/timlittau/Documents/InferQ/analysis/finetuned_rdbms_162/qpy/00a37f1c5cc6549bc2a5c1a53bbebe60efa9a9f406d1e57f4fd44ce1434b0114.qpy,9,60,0.6751077598892152,21036,72,5,67,postgres,small_size,1,success,0.05402283906005323,512,52578,"{""effective_cache_size"": ""8GB"", ""from_collapse_limit"": 1, ""hash_mem_multiplier"": ""2.0"", ""jit"": ""off"", ""join_collapse_limit"": 1, ""max_parallel_workers_per_gather"": 4, ""temp_buffers"": ""128MB"", ""temp_file_limit"": ""-1"", ""work_mem"": ""256MB""}",
00aa047cb2cca6b093f4c0ff606b1540d3f8bed855e95c4a4e50997095156197,/home/timlittau/Documents/InferQ/analysis/finetuned_rdbms_162/qpy/00aa047cb2cca6b093f4c0ff606b1540d3f8bed855e95c4a4e50997095156197.qpy,10,35,0.46010532905347645,12419,46,3,43,sqlite,large_size,0,success,0.011633681133389473,1024,59245,"{""automatic_index"": true, ""cache_mb"": 64, ""cache_spill"": false, ""db_path"": "":memory:"", ""journal_mode"": ""OFF"", ""locking_mode"": ""EXCLUSIVE"", ""mmap_mb"": 0, ""synchronous"": ""OFF"", ""temp_store"": ""FILE"", ""threads"": 1}",
00aa047cb2cca6b093f4c0ff606b1540d3f8bed855e95c4a4e50997095156197,/home/timlittau/Documents/InferQ/analysis/finetuned_rdbms_162/qpy/00aa047cb2cca6b093f4c0ff606b1540d3f8bed855e95c4a4e50997095156197.qpy,10,35,0.46010532905347645,12419,46,3,43,sqlite,large_size,1,success,0.009881141129881144,1024,59245,"{""automatic_index"": true, ""cache_mb"": 64, ""cache_spill"": false, ""db_path"": "":memory:"", ""journal_mode"": ""OFF"", ""locking_mode"": ""EXCLUSIVE"", ""mmap_mb"": 0, ""synchronous"": ""OFF"", ""temp_store"": ""FILE"", ""threads"": 1}",
00aa047cb2cca6b093f4c0ff606b1540d3f8bed855e95c4a4e50997095156197,/home/timlittau/Documents/InferQ/analysis/finetuned_rdbms_162/qpy/00aa047cb2cca6b093f4c0ff606b1540d3f8bed855e95c4a4e50997095156197.qpy,10,35,0.46010532905347645,12419,46,3,43,duckdb,large_size,0,success,0.935895387083292,1024,59830,"{""max_temp_directory_size"": ""128GB"", ""memory_limit"": ""7409MB"", ""preserve_insertion_order"": true, ""temp_directory"": ""analysis/finetuned/rdbms162_all_engines_120s/tmp/large_size/duckdb"", ""threads"": 1}",
00aa047cb2cca6b093f4c0ff606b1540d3f8bed855e95c4a4e50997095156197,/home/timlittau/Documents/InferQ/analysis/finetuned_rdbms_162/qpy/00aa047cb2cca6b093f4c0ff606b1540d3f8bed855e95c4a4e50997095156197.qpy,10,35,0.46010532905347645,12419,46,3,43,duckdb,large_size,1,success,0.9390095330309123,1024,59892,"{""max_temp_directory_size"": ""128GB"", ""memory_limit"": ""7409MB"", ""preserve_insertion_order"": true, ""temp_directory"": ""analysis/finetuned/rdbms162_all_engines_120s/tmp/large_size/duckdb"", ""threads"": 1}",
00aa047cb2cca6b093f4c0ff606b1540d3f8bed855e95c4a4e50997095156197,/home/timlittau/Documents/InferQ/analysis/finetuned_rdbms_162/qpy/00aa047cb2cca6b093f4c0ff606b1540d3f8bed855e95c4a4e50997095156197.qpy,10,35,0.46010532905347645,12419,46,3,43,postgres,large_size,0,success,0.018145337933674455,1024,72719,"{""effective_cache_size"": ""2GB"", ""from_collapse_limit"": 1, ""hash_mem_multiplier"": ""1.94"", ""jit"": ""off"", ""join_collapse_limit"": 4, ""max_parallel_workers_per_gather"": 0, ""temp_buffers"": ""65MB"", ""temp_file_limit"": ""-1"", ""work_mem"": ""55MB""}",
00aa047cb2cca6b093f4c0ff606b1540d3f8bed855e95c4a4e50997095156197,/home/timlittau/Documents/InferQ/analysis/finetuned_rdbms_162/qpy/00aa047cb2cca6b093f4c0ff606b1540d3f8bed855e95c4a4e50997095156197.qpy,10,35,0.46010532905347645,12419,46,3,43,postgres,large_size,1,success,0.020544970873743296,1024,72559,"{""effective_cache_size"": ""2GB"", ""from_collapse_limit"": 1, ""hash_mem_multiplier"": ""1.94"", ""jit"": ""off"", ""join_collapse_limit"": 4, ""max_parallel_workers_per_gather"": 0, ""temp_buffers"": ""65MB"", ""temp_file_limit"": ""-1"", ""work_mem"": ""55MB""}",
00ad4ec6fb3eff5ef124c190e438f62a9e2ced72221336cb9c93ca2df37367e6,/home/timlittau/Documents/InferQ/analysis/finetuned_rdbms_162/qpy/00ad4ec6fb3eff5ef124c190e438f62a9e2ced72221336cb9c93ca2df37367e6.qpy,5,52,0.5333708489779383,16053,59,4,55,sqlite,large_size,0,success,0.008207659935578704,32,4131,"{""automatic_index"": true, ""cache_mb"": 64, ""cache_spill"": false, ""db_path"": "":memory:"", ""journal_mode"": ""OFF"", ""locking_mode"": ""EXCLUSIVE"", ""mmap_mb"": 0, ""synchronous"": ""OFF"", ""temp_store"": ""FILE"", ""threads"": 1}",
00ad4ec6fb3eff5ef124c190e438f62a9e2ced72221336cb9c93ca2df37367e6,/home/timlittau/Documents/InferQ/analysis/finetuned_rdbms_162/qpy/00ad4ec6fb3eff5ef124c190e438f62a9e2ced72221336cb9c93ca2df37367e6.qpy,5,52,0.5333708489779383,16053,59,4,55,sqlite,large_size,1,success,0.005591152934357524,32,4131,"{""automatic_index"": true, ""cache_mb"": 64, ""cache_spill"": false, ""db_path"": "":memory:"", ""journal_mode"": ""OFF"", ""locking_mode"": ""EXCLUSIVE"", ""mmap_mb"": 0, ""synchronous"": ""OFF"", ""temp_store"": ""FILE"", ""threads"": 1}",
00ad4ec6fb3eff5ef124c190e438f62a9e2ced72221336cb9c93ca2df37367e6,/home/timlittau/Documents/InferQ/analysis/finetuned_rdbms_162/qpy/00ad4ec6fb3eff5ef124c190e438f62a9e2ced72221336cb9c93ca2df37367e6.qpy,5,52,0.5333708489779383,16053,59,4,55,duckdb,large_size,0,success,0.3754220879636705,32,20094,"{""max_temp_directory_size"": ""128GB"", ""memory_limit"": ""7409MB"", ""preserve_insertion_order"": true, ""temp_directory"": ""analysis/finetuned/rdbms162_all_engines_120s/tmp/large_size/duckdb"", ""threads"": 1}",
00ad4ec6fb3eff5ef124c190e438f62a9e2ced72221336cb9c93ca2df37367e6,/home/timlittau/Documents/InferQ/analysis/finetuned_rdbms_162/qpy/00ad4ec6fb3eff5ef124c190e438f62a9e2ced72221336cb9c93ca2df37367e6.qpy,5,52,0.5333708489779383,16053,59,4,55,duckdb,large_size,1,success,0.3715180589351803,32,20066,"{""max_temp_directory_size"": ""128GB"", ""memory_limit"": ""7409MB"", ""preserve_insertion_order"": true, ""temp_directory"": ""analysis/finetuned/rdbms162_all_engines_120s/tmp/large_size/duckdb"", ""threads"": 1}",
00ad4ec6fb3eff5ef124c190e438f62a9e2ced72221336cb9c93ca2df37367e6,/home/timlittau/Documents/InferQ/analysis/finetuned_rdbms_162/qpy/00ad4ec6fb3eff5ef124c190e438f62a9e2ced72221336cb9c93ca2df37367e6.qpy,5,52,0.5333708489779383,16053,59,4,55,postgres,large_size,0,success,0.013938801130279899,32,21017,"{""effective_cache_size"": ""2GB"", ""from_collapse_limit"": 1, ""hash_mem_multiplier"": ""1.94"", ""jit"": ""off"", ""join_collapse_limit"": 4, ""max_parallel_workers_per_gather"": 0, ""temp_buffers"": ""65MB"", ""temp_file_limit"": ""-1"", ""work_mem"": ""55MB""}",
00ad4ec6fb3eff5ef124c190e438f62a9e2ced72221336cb9c93ca2df37367e6,/home/timlittau/Documents/InferQ/analysis/finetuned_rdbms_162/qpy/00ad4ec6fb3eff5ef124c190e438f62a9e2ced72221336cb9c93ca2df37367e6.qpy,5,52,0.5333708489779383,16053,59,4,55,postgres,large_size,1,success,0.01414311584085226,32,21017,"{""effective_cache_size"": ""2GB"", ""from_collapse_limit"": 1, ""hash_mem_multiplier"": ""1.94"", ""jit"": ""off"", ""join_collapse_limit"": 4, ""max_parallel_workers_per_gather"": 0, ""temp_buffers"": ""65MB"", ""temp_file_limit"": ""-1"", ""work_mem"": ""55MB""}",
00af4b6764c0db21e82b737573094b6ef25302813bf0807454cae1dd4716d184,/home/timlittau/Documents/InferQ/analysis/finetuned_rdbms_162/qpy/00af4b6764c0db21e82b737573094b6ef25302813bf0807454cae1dd4716d184.qpy,12,11,0.14662829390726984,5627,24,3,21,sqlite,large_size,0,success,0.0023478560615330935,4,4131,"{""automatic_index"": true, ""cache_mb"": 64, ""cache_spill"": false, ""db_path"": "":memory:"", ""journal_mode"": ""OFF"", ""locking_mode"": ""EXCLUSIVE"", ""mmap_mb"": 0, ""synchronous"": ""OFF"", ""temp_store"": ""FILE"", ""threads"": 1}",
00af4b6764c0db21e82b737573094b6ef25302813bf0807454cae1dd4716d184,/home/timlittau/Documents/InferQ/analysis/finetuned_rdbms_162/qpy/00af4b6764c0db21e82b737573094b6ef25302813bf0807454cae1dd4716d184.qpy,12,11,0.14662829390726984,5627,24,3,21,sqlite,large_size,1,success,0.0015270269941538572,4,4131,"{""automatic_index"": true, ""cache_mb"": 64, ""cache_spill"": false, ""db_path"": "":memory:"", ""journal_mode"": ""OFF"", ""locking_mode"": ""EXCLUSIVE"", ""mmap_mb"": 0, ""synchronous"": ""OFF"", ""temp_store"": ""FILE"", ""threads"": 1}",
00af4b6764c0db21e82b737573094b6ef25302813bf0807454cae1dd4716d184,/home/timlittau/Documents/InferQ/analysis/finetuned_rdbms_162/qpy/00af4b6764c0db21e82b737573094b6ef25302813bf0807454cae1dd4716d184.qpy,12,11,0.14662829390726984,5627,24,3,21,duckdb,large_size,0,success,0.013372532092034817,4,9828,"{""max_temp_directory_size"": ""128GB"", ""memory_limit"": ""7409MB"", ""preserve_insertion_order"": true, ""temp_directory"": ""analysis/finetuned/rdbms162_all_engines_120s/tmp/large_size/duckdb"", ""threads"": 1}",
00af4b6764c0db21e82b737573094b6ef25302813bf0807454cae1dd4716d184,/home/timlittau/Documents/InferQ/analysis/finetuned_rdbms_162/qpy/00af4b6764c0db21e82b737573094b6ef25302813bf0807454cae1dd4716d184.qpy,12,11,0.14662829390726984,5627,24,3,21,duckdb,large_size,1,success,0.017380003118887544,4,9414,"{""max_temp_directory_size"": ""128GB"", ""memory_limit"": ""7409MB"", ""preserve_insertion_order"": true, ""temp_directory"": ""analysis/finetuned/rdbms162_all_engines_120s/tmp/large_size/duckdb"", ""threads"": 1}",
00af4b6764c0db21e82b737573094b6ef25302813bf0807454cae1dd4716d184,/home/timlittau/Documents/InferQ/analysis/finetuned_rdbms_162/qpy/00af4b6764c0db21e82b737573094b6ef25302813bf0807454cae1dd4716d184.qpy,12,11,0.14662829390726984,5627,24,3,21,postgres,large_size,0,success,0.004107787972316146,4,11032,"{""effective_cache_size"": ""2GB"", ""from_collapse_limit"": 1, ""hash_mem_multiplier"": ""1.94"", ""jit"": ""off"", ""join_collapse_limit"": 4, ""max_parallel_workers_per_gather"": 0, ""temp_buffers"": ""65MB"", ""temp_file_limit"": ""-1"", ""work_mem"": ""55MB""}",
00af4b6764c0db21e82b737573094b6ef25302813bf0807454cae1dd4716d184,/home/timlittau/Documents/InferQ/analysis/finetuned_rdbms_162/qpy/00af4b6764c0db21e82b737573094b6ef25302813bf0807454cae1dd4716d184.qpy,12,11,0.14662829390726984,5627,24,3,21,postgres,large_size,1,success,0.006444512167945504,4,11032,"{""effective_cache_size"": ""2GB"", ""from_collapse_limit"": 1, ""hash_mem_multiplier"": ""1.94"", ""jit"": ""off"", ""join_collapse_limit"": 4, ""max_parallel_workers_per_gather"": 0, ""temp_buffers"": ""65MB"", ""temp_file_limit"": ""-1"", ""work_mem"": ""55MB""}",
00b07c6c6d0efc21a7c9e0b61030605dbf6303d1ab690b25b4e142fb737f1f86,/home/timlittau/Documents/InferQ/analysis/finetuned_rdbms_162/qpy/00b07c6c6d0efc21a7c9e0b61030605dbf6303d1ab690b25b4e142fb737f1f86.qpy,14,19,0.20912260608747602,9038,35,4,31,sqlite,large_size,0,success,0.004302593180909753,128,8425,"{""automatic_index"": true, ""cache_mb"": 64, ""cache_spill"": false, ""db_path"": "":memory:"", ""journal_mode"": ""OFF"", ""locking_mode"": ""EXCLUSIVE"", ""mmap_mb"": 0, ""synchronous"": ""OFF"", ""temp_store"": ""FILE"", ""threads"": 1}",
00b07c6c6d0efc21a7c9e0b61030605dbf6303d1ab690b25b4e142fb737f1f86,/home/timlittau/Documents/InferQ/analysis/finetuned_rdbms_162/qpy/00b07c6c6d0efc21a7c9e0b61030605dbf6303d1ab690b25b4e142fb737f1f86.qpy,14,19,0.20912260608747602,9038,35,4,31,sqlite,large_size,1,success,0.003647334175184369,128,8401,"{""automatic_index"": true, ""cache_mb"": 64, ""cache_spill"": false, ""db_path"": "":memory:"", ""journal_mode"": ""OFF"", ""locking_mode"": ""EXCLUSIVE"", ""mmap_mb"": 0, ""synchronous"": ""OFF"", ""temp_store"": ""FILE"", ""threads"": 1}",
00b07c6c6d0efc21a7c9e0b61030605dbf6303d1ab690b25b4e142fb737f1f86,/home/timlittau/Documents/InferQ/analysis/finetuned_rdbms_162/qpy/00b07c6c6d0efc21a7c9e0b61030605dbf6303d1ab690b25b4e142fb737f1f86.qpy,14,19,0.20912260608747602,9038,35,4,31,duckdb,large_size,0,success,0.0244961550924927,128,12891,"{""max_temp_directory_size"": ""128GB"", ""memory_limit"": ""7409MB"", ""preserve_insertion_order"": true, ""temp_directory"": ""analysis/finetuned/rdbms162_all_engines_120s/tmp/large_size/duckdb"", ""threads"": 1}",
00b07c6c6d0efc21a7c9e0b61030605dbf6303d1ab690b25b4e142fb737f1f86,/home/timlittau/Documents/InferQ/analysis/finetuned_rdbms_162/qpy/00b07c6c6d0efc21a7c9e0b61030605dbf6303d1ab690b25b4e142fb737f1f86.qpy,14,19,0.20912260608747602,9038,35,4,31,duckdb,large_size,1,success,0.024310560896992683,128,12767,"{""max_temp_directory_size"": ""128GB"", ""memory_limit"": ""7409MB"", ""preserve_insertion_order"": true, ""temp_directory"": ""analysis/finetuned/rdbms162_all_engines_120s/tmp/large_size/duckdb"", ""threads"": 1}",
00b07c6c6d0efc21a7c9e0b61030605dbf6303d1ab690b25b4e142fb737f1f86,/home/timlittau/Documents/InferQ/analysis/finetuned_rdbms_162/qpy/00b07c6c6d0efc21a7c9e0b61030605dbf6303d1ab690b25b4e142fb737f1f86.qpy,14,19,0.20912260608747602,9038,35,4,31,postgres,large_size,0,success,0.006627331953495741,128,19356,"{""effective_cache_size"": ""2GB"", ""from_collapse_limit"": 1, ""hash_mem_multiplier"": ""1.94"", ""jit"": ""off"", ""join_collapse_limit"": 4, ""max_parallel_workers_per_gather"": 0, ""temp_buffers"": ""65MB"", ""temp_file_limit"": ""-1"", ""work_mem"": ""55MB""}",
00b07c6c6d0efc21a7c9e0b61030605dbf6303d1ab690b25b4e142fb737f1f86,/home/timlittau/Documents/InferQ/analysis/finetuned_rdbms_162/qpy/00b07c6c6d0efc21a7c9e0b61030605dbf6303d1ab690b25b4e142fb737f1f86.qpy,14,19,0.20912260608747602,9038,35,4,31,postgres,large_size,1,success,0.006595120066776872,128,19516,"{""effective_cache_size"": ""2GB"", ""from_collapse_limit"": 1, ""hash_mem_multiplier"": ""1.94"", ""jit"": ""off"", ""join_collapse_limit"": 4, ""max_parallel_workers_per_gather"": 0, ""temp_buffers"": ""65MB"", ""temp_file_limit"": ""-1"", ""work_mem"": ""55MB""}",
00b80495a2116ef88125dd275b318b46c9f061c65e101fd71f417b6dcfc515af,/home/timlittau/Documents/InferQ/analysis/finetuned_rdbms_162/qpy/00b80495a2116ef88125dd275b318b46c9f061c65e101fd71f417b6dcfc515af.qpy,3,40,0.3679661320056766,13735,48,7,41,sqlite,large_size,0,success,0.005194443976506591,8,4131,"{""automatic_index"": true, ""cache_mb"": 64, ""cache_spill"": false, ""db_path"": "":memory:"", ""journal_mode"": ""OFF"", ""locking_mode"": ""EXCLUSIVE"", ""mmap_mb"": 0, ""synchronous"": ""OFF"", ""temp_store"": ""FILE"", ""threads"": 1}",
00b80495a2116ef88125dd275b318b46c9f061c65e101fd71f417b6dcfc515af,/home/timlittau/Documents/InferQ/analysis/finetuned_rdbms_162/qpy/00b80495a2116ef88125dd275b318b46c9f061c65e101fd71f417b6dcfc515af.qpy,3,40,0.3679661320056766,13735,48,7,41,sqlite,large_size,1,success,0.0037217349745333195,8,4131,"{""automatic_index"": true, ""cache_mb"": 64, ""cache_spill"": false, ""db_path"": "":memory:"", ""journal_mode"": ""OFF"", ""locking_mode"": ""EXCLUSIVE"", ""mmap_mb"": 0, ""synchronous"": ""OFF"", ""temp_store"": ""FILE"", ""threads"": 1}",
00b80495a2116ef88125dd275b318b46c9f061c65e101fd71f417b6dcfc515af,/home/timlittau/Documents/InferQ/analysis/finetuned_rdbms_162/qpy/00b80495a2116ef88125dd275b318b46c9f061c65e101fd71f417b6dcfc515af.qpy,3,40,0.3679661320056766,13735,48,7,41,duckdb,large_size,0,success,0.051656360970810056,8,17652,"{""max_temp_directory_size"": ""128GB"", ""memory_limit"": ""7409MB"", ""preserve_insertion_order"": true, ""temp_directory"": ""analysis/finetuned/rdbms162_all_engines_120s/tmp/large_size/duckdb"", ""threads"": 1}",
00b80495a2116ef88125dd275b318b46c9f061c65e101fd71f417b6dcfc515af,/home/timlittau/Documents/InferQ/analysis/finetuned_rdbms_162/qpy/00b80495a2116ef88125dd275b318b46c9f061c65e101fd71f417b6dcfc515af.qpy,3,40,0.3679661320056766,13735,48,7,41,duckdb,large_size,1,success,0.05204323912039399,8,17460,"{""max_temp_directory_size"": ""128GB"", ""memory_limit"": ""7409MB"", ""preserve_insertion_order"": true, ""temp_directory"": ""analysis/finetuned/rdbms162_all_engines_120s/tmp/large_size/duckdb"", ""threads"": 1}",
00b80495a2116ef88125dd275b318b46c9f061c65e101fd71f417b6dcfc515af,/home/timlittau/Documents/InferQ/analysis/finetuned_rdbms_162/qpy/00b80495a2116ef88125dd275b318b46c9f061c65e101fd71f417b6dcfc515af.qpy,3,40,0.3679661320056766,13735,48,7,41,postgres,large_size,0,success,0.008938405895605683,8,18490,"{""effective_cache_size"": ""2GB"", ""from_collapse_limit"": 1, ""hash_mem_multiplier"": ""1.94"", ""jit"": ""off"", ""join_collapse_limit"": 4, ""max_parallel_workers_per_gather"": 0, ""temp_buffers"": ""65MB"", ""temp_file_limit"": ""-1"", ""work_mem"": ""55MB""}",
00b80495a2116ef88125dd275b318b46c9f061c65e101fd71f417b6dcfc515af,/home/timlittau/Documents/InferQ/analysis/finetuned_rdbms_162/qpy/00b80495a2116ef88125dd275b318b46c9f061c65e101fd71f417b6dcfc515af.qpy,3,40,0.3679661320056766,13735,48,7,41,postgres,large_size,1,success,0.008826554985716939,8,18330,"{""effective_cache_size"": ""2GB"", ""from_collapse_limit"": 1, ""hash_mem_multiplier"": ""1.94"", ""jit"": ""off"", ""join_collapse_limit"": 4, ""max_parallel_workers_per_gather"": 0, ""temp_buffers"": ""65MB"", ""temp_file_limit"": ""-1"", ""work_mem"": ""55MB""}",
00bdb274ad9909482626cdb3530e9b12b4ca9857a7ab52ccfaf3d36b649cfdd1,/home/timlittau/Documents/InferQ/analysis/finetuned_rdbms_162/qpy/00bdb274ad9909482626cdb3530e9b12b4ca9857a7ab52ccfaf3d36b649cfdd1.qpy,8,56,0.5967710081022233,20884,70,8,62,sqlite,large_size,0,success,0.017107047140598297,256,46385,"{""automatic_index"": true, ""cache_mb"": 64, ""cache_spill"": false, ""db_path"": "":memory:"", ""journal_mode"": ""OFF"", ""locking_mode"": ""EXCLUSIVE"", ""mmap_mb"": 0, ""synchronous"": ""OFF"", ""temp_store"": ""FILE"", ""threads"": 1}",
00bdb274ad9909482626cdb3530e9b12b4ca9857a7ab52ccfaf3d36b649cfdd1,/home/timlittau/Documents/InferQ/analysis/finetuned_rdbms_162/qpy/00bdb274ad9909482626cdb3530e9b12b4ca9857a7ab52ccfaf3d36b649cfdd1.qpy,8,56,0.5967710081022233,20884,70,8,62,sqlite,large_size,1,success,0.01406356506049633,256,15665,"{""automatic_index"": true, ""cache_mb"": 64, ""cache_spill"": false, ""db_path"": "":memory:"", ""journal_mode"": ""OFF"", ""locking_mode"": ""EXCLUSIVE"", ""mmap_mb"": 0, ""synchronous"": ""OFF"", ""temp_store"": ""FILE"", ""threads"": 1}",
00bdb274ad9909482626cdb3530e9b12b4ca9857a7ab52ccfaf3d36b649cfdd1,/home/timlittau/Documents/InferQ/analysis/finetuned_rdbms_162/qpy/00bdb274ad9909482626cdb3530e9b12b4ca9857a7ab52ccfaf3d36b649cfdd1.qpy,8,56,0.5967710081022233,20884,70,8,62,duckdb,large_size,0,success,0.10094417515210807,256,25051,"{""max_temp_directory_size"": ""128GB"", ""memory_limit"": ""7409MB"", ""preserve_insertion_order"": true, ""temp_directory"": ""analysis/finetuned/rdbms162_all_engines_120s/tmp/large_size/duckdb"", ""threads"": 1}",
00bdb274ad9909482626cdb3530e9b12b4ca9857a7ab52ccfaf3d36b649cfdd1,/home/timlittau/Documents/InferQ/analysis/finetuned_rdbms_162/qpy/00bdb274ad9909482626cdb3530e9b12b4ca9857a7ab52ccfaf3d36b649cfdd1.qpy,8,56,0.5967710081022233,20884,70,8,62,duckdb,large_size,1,success,0.10146513301879168,256,24835,"{""max_temp_directory_size"": ""128GB"", ""memory_limit"": ""7409MB"", ""preserve_insertion_order"": true, ""temp_directory"": ""analysis/finetuned/rdbms162_all_engines_120s/tmp/large_size/duckdb"", ""threads"": 1}",
00bdb274ad9909482626cdb3530e9b12b4ca9857a7ab52ccfaf3d36b649cfdd1,/home/timlittau/Documents/InferQ/analysis/finetuned_rdbms_162/qpy/00bdb274ad9909482626cdb3530e9b12b4ca9857a7ab52ccfaf3d36b649cfdd1.qpy,8,56,0.5967710081022233,20884,70,8,62,postgres,large_size,0,success,0.03442415711469948,256,37959,"{""effective_cache_size"": ""2GB"", ""from_collapse_limit"": 1, ""hash_mem_multiplier"": ""1.94"", ""jit"": ""off"", ""join_collapse_limit"": 4, ""max_parallel_workers_per_gather"": 0, ""temp_buffers"": ""65MB"", ""temp_file_limit"": ""-1"", ""work_mem"": ""55MB""}",
00bdb274ad9909482626cdb3530e9b12b4ca9857a7ab52ccfaf3d36b649cfdd1,/home/timlittau/Documents/InferQ/analysis/finetuned_rdbms_162/qpy/00bdb274ad9909482626cdb3530e9b12b4ca9857a7ab52ccfaf3d36b649cfdd1.qpy,8,56,0.5967710081022233,20884,70,8,62,postgres,large_size,1,success,0.03508514002896845,256,37839,"{""effective_cache_size"": ""2GB"", ""from_collapse_limit"": 1, ""hash_mem_multiplier"": ""1.94"", ""jit"": ""off"", ""join_collapse_limit"": 4, ""max_parallel_workers_per_gather"": 0, ""temp_buffers"": ""65MB"", ""temp_file_limit"": ""-1"", ""work_mem"": ""55MB""}",
00c10199e38090eeb5411425af63642afb3306059a458ca56d5140f01d49dd35,/home/timlittau/Documents/InferQ/analysis/finetuned_rdbms_162/qpy/00c10199e38090eeb5411425af63642afb3306059a458ca56d5140f01d49dd35.qpy,12,77,1.127821242902428,26903,92,5,87,sqlite,large_size,0,success,0.24181810510344803,4096,549637,"{""automatic_index"": true, ""cache_mb"": 64, ""cache_spill"": false, ""db_path"": "":memory:"", ""journal_mode"": ""OFF"", ""locking_mode"": ""EXCLUSIVE"", ""mmap_mb"": 0, ""synchronous"": ""OFF"", ""temp_store"": ""FILE"", ""threads"": 1}",
00c10199e38090eeb5411425af63642afb3306059a458ca56d5140f01d49dd35,/home/timlittau/Documents/InferQ/analysis/finetuned_rdbms_162/qpy/00c10199e38090eeb5411425af63642afb3306059a458ca56d5140f01d49dd35.qpy,12,77,1.127821242902428,26903,92,5,87,sqlite,large_size,1,success,0.22992650815285742,4096,549637,"{""automatic_index"": true, ""cache_mb"": 64, ""cache_spill"": false, ""db_path"": "":memory:"", ""journal_mode"": ""OFF"", ""locking_mode"": ""EXCLUSIVE"", ""mmap_mb"": 0, ""synchronous"": ""OFF"", ""temp_store"": ""FILE"", ""threads"": 1}",
00c10199e38090eeb5411425af63642afb3306059a458ca56d5140f01d49dd35,/home/timlittau/Documents/InferQ/analysis/finetuned_rdbms_162/qpy/00c10199e38090eeb5411425af63642afb3306059a458ca56d5140f01d49dd35.qpy,12,77,1.127821242902428,26903,92,5,87,duckdb,large_size,0,success,1.5005515371449292,4096,550292,"{""max_temp_directory_size"": ""128GB"", ""memory_limit"": ""7409MB"", ""preserve_insertion_order"": true, ""temp_directory"": ""analysis/finetuned/rdbms162_all_engines_120s/tmp/large_size/duckdb"", ""threads"": 1}",
00c10199e38090eeb5411425af63642afb3306059a458ca56d5140f01d49dd35,/home/timlittau/Documents/InferQ/analysis/finetuned_rdbms_162/qpy/00c10199e38090eeb5411425af63642afb3306059a458ca56d5140f01d49dd35.qpy,12,77,1.127821242902428,26903,92,5,87,duckdb,large_size,1,success,1.4966687539126724,4096,550132,"{""max_temp_directory_size"": ""128GB"", ""memory_limit"": ""7409MB"", ""preserve_insertion_order"": true, ""temp_directory"": ""analysis/finetuned/rdbms162_all_engines_120s/tmp/large_size/duckdb"", ""threads"": 1}",
00c10199e38090eeb5411425af63642afb3306059a458ca56d5140f01d49dd35,/home/timlittau/Documents/InferQ/analysis/finetuned_rdbms_162/qpy/00c10199e38090eeb5411425af63642afb3306059a458ca56d5140f01d49dd35.qpy,12,77,1.127821242902428,26903,92,5,87,postgres,large_size,0,success,0.6270946310833097,4096,578151,"{""effective_cache_size"": ""2GB"", ""from_collapse_limit"": 1, ""hash_mem_multiplier"": ""1.94"", ""jit"": ""off"", ""join_collapse_limit"": 4, ""max_parallel_workers_per_gather"": 0, ""temp_buffers"": ""65MB"", ""temp_file_limit"": ""-1"", ""work_mem"": ""55MB""}",
00c10199e38090eeb5411425af63642afb3306059a458ca56d5140f01d49dd35,/home/timlittau/Documents/InferQ/analysis/finetuned_rdbms_162/qpy/00c10199e38090eeb5411425af63642afb3306059a458ca56d5140f01d49dd35.qpy,12,77,1.127821242902428,26903,92,5,87,postgres,large_size,1,success,0.6259093850385398,4096,578151,"{""effective_cache_size"": ""2GB"", ""from_collapse_limit"": 1, ""hash_mem_multiplier"": ""1.94"", ""jit"": ""off"", ""join_collapse_limit"": 4, ""max_parallel_workers_per_gather"": 0, ""temp_buffers"": ""65MB"", ""temp_file_limit"": ""-1"", ""work_mem"": ""55MB""}",
00c176145517a1ae79737568cac342ab63faad8907ac6baf5259492c7b173685,/home/timlittau/Documents/InferQ/analysis/finetuned_rdbms_162/qpy/00c176145517a1ae79737568cac342ab63faad8907ac6baf5259492c7b173685.qpy,9,51,0.5213043179828674,17372,62,4,58,sqlite,large_size,0,success,0.011323922080919147,512,30029,"{""automatic_index"": true, ""cache_mb"": 64, ""cache_spill"": false, ""db_path"": "":memory:"", ""journal_mode"": ""OFF"", ""locking_mode"": ""EXCLUSIVE"", ""mmap_mb"": 0, ""synchronous"": ""OFF"", ""temp_store"": ""FILE"", ""threads"": 1}",
00c176145517a1ae79737568cac342ab63faad8907ac6baf5259492c7b173685,/home/timlittau/Documents/InferQ/analysis/finetuned_rdbms_162/qpy/00c176145517a1ae79737568cac342ab63faad8907ac6baf5259492c7b173685.qpy,9,51,0.5213043179828674,17372,62,4,58,sqlite,large_size,1,success,0.00914722797460854,512,30029,"{""automatic_index"": true, ""cache_mb"": 64, ""cache_spill"": false, ""db_path"": "":memory:"", ""journal_mode"": ""OFF"", ""locking_mode"": ""EXCLUSIVE"", ""mmap_mb"": 0, ""synchronous"": ""OFF"", ""temp_store"": ""FILE"", ""threads"": 1}",
00c176145517a1ae79737568cac342ab63faad8907ac6baf5259492c7b173685,/home/timlittau/Documents/InferQ/analysis/finetuned_rdbms_162/qpy/00c176145517a1ae79737568cac342ab63faad8907ac6baf5259492c7b173685.qpy,9,51,0.5213043179828674,17372,62,4,58,duckdb,large_size,0,success,0.24790064990520477,512,30364,"{""max_temp_directory_size"": ""128GB"", ""memory_limit"": ""7409MB"", ""preserve_insertion_order"": true, ""temp_directory"": ""analysis/finetuned/rdbms162_all_engines_120s/tmp/large_size/duckdb"", ""threads"": 1}",
00c176145517a1ae79737568cac342ab63faad8907ac6baf5259492c7b173685,/home/timlittau/Documents/InferQ/analysis/finetuned_rdbms_162/qpy/00c176145517a1ae79737568cac342ab63faad8907ac6baf5259492c7b173685.qpy,9,51,0.5213043179828674,17372,62,4,58,duckdb,large_size,1,success,0.2500426550395787,512,30300,"{""max_temp_directory_size"": ""128GB"", ""memory_limit"": ""7409MB"", ""preserve_insertion_order"": true, ""temp_directory"": ""analysis/finetuned/rdbms162_all_engines_120s/tmp/large_size/duckdb"", ""threads"": 1}",
00c176145517a1ae79737568cac342ab63faad8907ac6baf5259492c7b173685,/home/timlittau/Documents/InferQ/analysis/finetuned_rdbms_162/qpy/00c176145517a1ae79737568cac342ab63faad8907ac6baf5259492c7b173685.qpy,9,51,0.5213043179828674,17372,62,4,58,postgres,large_size,0,success,0.01730261091142893,512,48753,"{""effective_cache_size"": ""2GB"", ""from_collapse_limit"": 1, ""hash_mem_multiplier"": ""1.94"", ""jit"": ""off"", ""join_collapse_limit"": 4, ""max_parallel_workers_per_gather"": 0, ""temp_buffers"": ""65MB"", ""temp_file_limit"": ""-1"", ""work_mem"": ""55MB""}",
00c176145517a1ae79737568cac342ab63faad8907ac6baf5259492c7b173685,/home/timlittau/Documents/InferQ/analysis/finetuned_rdbms_162/qpy/00c176145517a1ae79737568cac342ab63faad8907ac6baf5259492c7b173685.qpy,9,51,0.5213043179828674,17372,62,4,58,postgres,large_size,1,success,0.01936170901171863,512,48913,"{""effective_cache_size"": ""2GB"", ""from_collapse_limit"": 1, ""hash_mem_multiplier"": ""1.94"", ""jit"": ""off"", ""join_collapse_limit"": 4, ""max_parallel_workers_per_gather"": 0, ""temp_buffers"": ""65MB"", ""temp_file_limit"": ""-1"", ""work_mem"": ""55MB""}",
00c1b13978d245f6da24965d56335002de703b35a8274f834f5e63436139162a,/home/timlittau/Documents/InferQ/analysis/finetuned_rdbms_162/qpy/00c1b13978d245f6da24965d56335002de703b35a8274f834f5e63436139162a.qpy,4,46,0.4503754258621484,15541,53,5,48,sqlite,large_size,0,success,0.008739596931263804,16,4131,"{""automatic_index"": true, ""cache_mb"": 64, ""cache_spill"": false, ""db_path"": "":memory:"", ""journal_mode"": ""OFF"", ""locking_mode"": ""EXCLUSIVE"", ""mmap_mb"": 0, ""synchronous"": ""OFF"", ""temp_store"": ""FILE"", ""threads"": 1}",
00c1b13978d245f6da24965d56335002de703b35a8274f834f5e63436139162a,/home/timlittau/Documents/InferQ/analysis/finetuned_rdbms_162/qpy/00c1b13978d245f6da24965d56335002de703b35a8274f834f5e63436139162a.qpy,4,46,0.4503754258621484,15541,53,5,48,sqlite,large_size,1,success,0.004658434074372053,16,4131,"{""automatic_index"": true, ""cache_mb"": 64, ""cache_spill"": false, ""db_path"": "":memory:"", ""journal_mode"": ""OFF"", ""locking_mode"": ""EXCLUSIVE"", ""mmap_mb"": 0, ""synchronous"": ""OFF"", ""temp_store"": ""FILE"", ""threads"": 1}",
00c1b13978d245f6da24965d56335002de703b35a8274f834f5e63436139162a,/home/timlittau/Documents/InferQ/analysis/finetuned_rdbms_162/qpy/00c1b13978d245f6da24965d56335002de703b35a8274f834f5e63436139162a.qpy,4,46,0.4503754258621484,15541,53,5,48,duckdb,large_size,0,success,2.6972633281257004,16,19394,"{""max_temp_directory_size"": ""128GB"", ""memory_limit"": ""7409MB"", ""preserve_insertion_order"": true, ""temp_directory"": ""analysis/finetuned/rdbms162_all_engines_120s/tmp/large_size/duckdb"", ""threads"": 1}",
00c1b13978d245f6da24965d56335002de703b35a8274f834f5e63436139162a,/home/timlittau/Documents/InferQ/analysis/finetuned_rdbms_162/qpy/00c1b13978d245f6da24965d56335002de703b35a8274f834f5e63436139162a.qpy,4,46,0.4503754258621484,15541,53,5,48,duckdb,large_size,1,success,2.7086120168678463,16,19270,"{""max_temp_directory_size"": ""128GB"", ""memory_limit"": ""7409MB"", ""preserve_insertion_order"": true, ""temp_directory"": ""analysis/finetuned/rdbms162_all_engines_120s/tmp/large_size/duckdb"", ""threads"": 1}",
00c1b13978d245f6da24965d56335002de703b35a8274f834f5e63436139162a,/home/timlittau/Documents/InferQ/analysis/finetuned_rdbms_162/qpy/00c1b13978d245f6da24965d56335002de703b35a8274f834f5e63436139162a.qpy,4,46,0.4503754258621484,15541,53,5,48,postgres,large_size,0,success,0.014064790913835168,16,20449,"{""effective_cache_size"": ""2GB"", ""from_collapse_limit"": 1, ""hash_mem_multiplier"": ""1.94"", ""jit"": ""off"", ""join_collapse_limit"": 4, ""max_parallel_workers_per_gather"": 0, ""temp_buffers"": ""65MB"", ""temp_file_limit"": ""-1"", ""work_mem"": ""55MB""}",
00c1b13978d245f6da24965d56335002de703b35a8274f834f5e63436139162a,/home/timlittau/Documents/InferQ/analysis/finetuned_rdbms_162/qpy/00c1b13978d245f6da24965d56335002de703b35a8274f834f5e63436139162a.qpy,4,46,0.4503754258621484,15541,53,5,48,postgres,large_size,1,success,0.012647113064303994,16,20289,"{""effective_cache_size"": ""2GB"", ""from_collapse_limit"": 1, ""hash_mem_multiplier"": ""1.94"", ""jit"": ""off"", ""join_collapse_limit"": 4, ""max_parallel_workers_per_gather"": 0, ""temp_buffers"": ""65MB"", ""temp_file_limit"": ""-1"", ""work_mem"": ""55MB""}",
00c40138362fd5e43a5658676f3e0b55b2f3feaddde3ab73df2821354890bd46,/home/timlittau/Documents/InferQ/analysis/finetuned_rdbms_162/qpy/00c40138362fd5e43a5658676f3e0b55b2f3feaddde3ab73df2821354890bd46.qpy,3,9,0.06901121977716684,3787,14,4,10,sqlite,small_size,0,success,0.0017792100552469492,8,4131,"{""automatic_index"": true, ""cache_mb"": 64, ""cache_spill"": false, ""db_path"": "":memory:"", ""journal_mode"": ""OFF"", ""locking_mode"": ""EXCLUSIVE"", ""mmap_mb"": 0, ""synchronous"": ""OFF"", ""temp_store"": ""FILE"", ""threads"": 1}",
00c40138362fd5e43a5658676f3e0b55b2f3feaddde3ab73df2821354890bd46,/home/timlittau/Documents/InferQ/analysis/finetuned_rdbms_162/qpy/00c40138362fd5e43a5658676f3e0b55b2f3feaddde3ab73df2821354890bd46.qpy,3,9,0.06901121977716684,3787,14,4,10,sqlite,small_size,1,success,0.0008706420194357634,8,4131,"{""automatic_index"": true, ""cache_mb"": 64, ""cache_spill"": false, ""db_path"": "":memory:"", ""journal_mode"": ""OFF"", ""locking_mode"": ""EXCLUSIVE"", ""mmap_mb"": 0, ""synchronous"": ""OFF"", ""temp_store"": ""FILE"", ""threads"": 1}",
00c40138362fd5e43a5658676f3e0b55b2f3feaddde3ab73df2821354890bd46,/home/timlittau/Documents/InferQ/analysis/finetuned_rdbms_162/qpy/00c40138362fd5e43a5658676f3e0b55b2f3feaddde3ab73df2821354890bd46.qpy,3,9,0.06901121977716684,3787,14,4,10,duckdb,small_size,0,success,0.00978844310157001,8,7698,"{""max_temp_directory_size"": ""256GB"", ""memory_limit"": ""10780MB"", ""preserve_insertion_order"": false, ""temp_directory"": ""analysis/finetuned/rdbms162_all_engines_120s/tmp/small_size/duckdb"", ""threads"": 2}",
00c40138362fd5e43a5658676f3e0b55b2f3feaddde3ab73df2821354890bd46,/home/timlittau/Documents/InferQ/analysis/finetuned_rdbms_162/qpy/00c40138362fd5e43a5658676f3e0b55b2f3feaddde3ab73df2821354890bd46.qpy,3,9,0.06901121977716684,3787,14,4,10,duckdb,small_size,1,success,0.008918917970731854,8,7800,"{""max_temp_directory_size"": ""256GB"", ""memory_limit"": ""10780MB"", ""preserve_insertion_order"": false, ""temp_directory"": ""analysis/finetuned/rdbms162_all_engines_120s/tmp/small_size/duckdb"", ""threads"": 2}",
00c40138362fd5e43a5658676f3e0b55b2f3feaddde3ab73df2821354890bd46,/home/timlittau/Documents/InferQ/analysis/finetuned_rdbms_162/qpy/00c40138362fd5e43a5658676f3e0b55b2f3feaddde3ab73df2821354890bd46.qpy,3,9,0.06901121977716684,3787,14,4,10,postgres,small_size,0,success,0.0022164571564644575,8,8400,"{""effective_cache_size"": ""8GB"", ""from_collapse_limit"": 1, ""hash_mem_multiplier"": ""2.0"", ""jit"": ""off"", ""join_collapse_limit"": 1, ""max_parallel_workers_per_gather"": 4, ""temp_buffers"": ""128MB"", ""temp_file_limit"": ""-1"", ""work_mem"": ""256MB""}",
00c40138362fd5e43a5658676f3e0b55b2f3feaddde3ab73df2821354890bd46,/home/timlittau/Documents/InferQ/analysis/finetuned_rdbms_162/qpy/00c40138362fd5e43a5658676f3e0b55b2f3feaddde3ab73df2821354890bd46.qpy,3,9,0.06901121977716684,3787,14,4,10,postgres,small_size,1,success,0.0021918700076639652,8,8400,"{""effective_cache_size"": ""8GB"", ""from_collapse_limit"": 1, ""hash_mem_multiplier"": ""2.0"", ""jit"": ""off"", ""join_collapse_limit"": 1, ""max_parallel_workers_per_gather"": 4, ""temp_buffers"": ""128MB"", ""temp_file_limit"": ""-1"", ""work_mem"": ""256MB""}",
00c9becc6264c65d2781ca5359ce91540c8cb3cff518ff8caf62090b0cc08465,/home/timlittau/Documents/InferQ/analysis/finetuned_rdbms_162/qpy/00c9becc6264c65d2781ca5359ce91540c8cb3cff518ff8caf62090b0cc08465.qpy,9,33,0.4149251461494714,11895,44,4,40,sqlite,small_size,0,success,0.008959152037277818,512,30029,"{""automatic_index"": true, ""cache_mb"": 64, ""cache_spill"": false, ""db_path"": "":memory:"", ""journal_mode"": ""OFF"", ""locking_mode"": ""EXCLUSIVE"", ""mmap_mb"": 0, ""synchronous"": ""OFF"", ""temp_store"": ""FILE"", ""threads"": 1}",
00c9becc6264c65d2781ca5359ce91540c8cb3cff518ff8caf62090b0cc08465,/home/timlittau/Documents/InferQ/analysis/finetuned_rdbms_162/qpy/00c9becc6264c65d2781ca5359ce91540c8cb3cff518ff8caf62090b0cc08465.qpy,9,33,0.4149251461494714,11895,44,4,40,sqlite,small_size,1,success,0.007343315985053778,512,30029,"{""automatic_index"": true, ""cache_mb"": 64, ""cache_spill"": false, ""db_path"": "":memory:"", ""journal_mode"": ""OFF"", ""locking_mode"": ""EXCLUSIVE"", ""mmap_mb"": 0, ""synchronous"": ""OFF"", ""temp_store"": ""FILE"", ""threads"": 1}",
00c9becc6264c65d2781ca5359ce91540c8cb3cff518ff8caf62090b0cc08465,/home/timlittau/Documents/InferQ/analysis/finetuned_rdbms_162/qpy/00c9becc6264c65d2781ca5359ce91540c8cb3cff518ff8caf62090b0cc08465.qpy,9,33,0.4149251461494714,11895,44,4,40,duckdb,small_size,0,success,0.530995809007436,512,30398,"{""max_temp_directory_size"": ""256GB"", ""memory_limit"": ""10780MB"", ""preserve_insertion_order"": false, ""temp_directory"": ""analysis/finetuned/rdbms162_all_engines_120s/tmp/small_size/duckdb"", ""threads"": 2}",
00c9becc6264c65d2781ca5359ce91540c8cb3cff518ff8caf62090b0cc08465,/home/timlittau/Documents/InferQ/analysis/finetuned_rdbms_162/qpy/00c9becc6264c65d2781ca5359ce91540c8cb3cff518ff8caf62090b0cc08465.qpy,9,33,0.4149251461494714,11895,44,4,40,duckdb,small_size,1,success,0.5320399689953774,512,30238,"{""max_temp_directory_size"": ""256GB"", ""memory_limit"": ""10780MB"", ""preserve_insertion_order"": false, ""temp_directory"": ""analysis/finetuned/rdbms162_all_engines_120s/tmp/small_size/duckdb"", ""threads"": 2}",
00c9becc6264c65d2781ca5359ce91540c8cb3cff518ff8caf62090b0cc08465,/home/timlittau/Documents/InferQ/analysis/finetuned_rdbms_162/qpy/00c9becc6264c65d2781ca5359ce91540c8cb3cff518ff8caf62090b0cc08465.qpy,9,33,0.4149251461494714,11895,44,4,40,postgres,small_size,0,success,0.01393431588076055,512,43277,"{""effective_cache_size"": ""8GB"", ""from_collapse_limit"": 1, ""hash_mem_multiplier"": ""2.0"", ""jit"": ""off"", ""join_collapse_limit"": 1, ""max_parallel_workers_per_gather"": 4, ""temp_buffers"": ""128MB"", ""temp_file_limit"": ""-1"", ""work_mem"": ""256MB""}",
00c9becc6264c65d2781ca5359ce91540c8cb3cff518ff8caf62090b0cc08465,/home/timlittau/Documents/InferQ/analysis/finetuned_rdbms_162/qpy/00c9becc6264c65d2781ca5359ce91540c8cb3cff518ff8caf62090b0cc08465.qpy,9,33,0.4149251461494714,11895,44,4,40,postgres,small_size,1,success,0.013207955053076148,512,43277,"{""effective_cache_size"": ""8GB"", ""from_collapse_limit"": 1, ""hash_mem_multiplier"": ""2.0"", ""jit"": ""off"", ""join_collapse_limit"": 1, ""max_parallel_workers_per_gather"": 4, ""temp_buffers"": ""128MB"", ""temp_file_limit"": ""-1"", ""work_mem"": ""256MB""}",
00cbb6840d9d537437ecbc990236e17e56fbc206b3a98e8f506f9c15ffdd4508,/home/timlittau/Documents/InferQ/analysis/finetuned_rdbms_162/qpy/00cbb6840d9d537437ecbc990236e17e56fbc206b3a98e8f506f9c15ffdd4508.qpy,14,122,1.6570509162265807,42095,139,5,134,sqlite,large_size,0,success,0.31656020507216454,16384,3336313,"{""automatic_index"": true, ""cache_mb"": 64, ""cache_spill"": false, ""db_path"": "":memory:"", ""journal_mode"": ""OFF"", ""locking_mode"": ""EXCLUSIVE"", ""mmap_mb"": 0, ""synchronous"": ""OFF"", ""temp_store"": ""FILE"", ""threads"": 1}",
00cbb6840d9d537437ecbc990236e17e56fbc206b3a98e8f506f9c15ffdd4508,/home/timlittau/Documents/InferQ/analysis/finetuned_rdbms_162/qpy/00cbb6840d9d537437ecbc990236e17e56fbc206b3a98e8f506f9c15ffdd4508.qpy,14,122,1.6570509162265807,42095,139,5,134,sqlite,large_size,1,success,0.3025427460670471,16384,3338713,"{""automatic_index"": true, ""cache_mb"": 64, ""cache_spill"": false, ""db_path"": "":memory:"", ""journal_mode"": ""OFF"", ""locking_mode"": ""EXCLUSIVE"", ""mmap_mb"": 0, ""synchronous"": ""OFF"", ""temp_store"": ""FILE"", ""threads"": 1}",
00cbb6840d9d537437ecbc990236e17e56fbc206b3a98e8f506f9c15ffdd4508,/home/timlittau/Documents/InferQ/analysis/finetuned_rdbms_162/qpy/00cbb6840d9d537437ecbc990236e17e56fbc206b3a98e8f506f9c15ffdd4508.qpy,14,122,1.6570509162265807,42095,139,5,134,duckdb,large_size,0,success,5.765106858918443,16384,3339202,"{""max_temp_directory_size"": ""128GB"", ""memory_limit"": ""7409MB"", ""preserve_insertion_order"": true, ""temp_directory"": ""analysis/finetuned/rdbms162_all_engines_120s/tmp/large_size/duckdb"", ""threads"": 1}",
00cbb6840d9d537437ecbc990236e17e56fbc206b3a98e8f506f9c15ffdd4508,/home/timlittau/Documents/InferQ/analysis/finetuned_rdbms_162/qpy/00cbb6840d9d537437ecbc990236e17e56fbc206b3a98e8f506f9c15ffdd4508.qpy,14,122,1.6570509162265807,42095,139,5,134,duckdb,large_size,1,success,5.782531257951632,16384,3339140,"{""max_temp_directory_size"": ""128GB"", ""memory_limit"": ""7409MB"", ""preserve_insertion_order"": true, ""temp_directory"": ""analysis/finetuned/rdbms162_all_engines_120s/tmp/large_size/duckdb"", ""threads"": 1}",
00cbb6840d9d537437ecbc990236e17e56fbc206b3a98e8f506f9c15ffdd4508,/home/timlittau/Documents/InferQ/analysis/finetuned_rdbms_162/qpy/00cbb6840d9d537437ecbc990236e17e56fbc206b3a98e8f506f9c15ffdd4508.qpy,14,122,1.6570509162265807,42095,139,5,134,postgres,large_size,0,success,0.8847304901573807,16384,3379614,"{""effective_cache_size"": ""2GB"", ""from_collapse_limit"": 1, ""hash_mem_multiplier"": ""1.94"", ""jit"": ""off"", ""join_collapse_limit"": 4, ""max_parallel_workers_per_gather"": 0, ""temp_buffers"": ""65MB"", ""temp_file_limit"": ""-1"", ""work_mem"": ""55MB""}",
00cbb6840d9d537437ecbc990236e17e56fbc206b3a98e8f506f9c15ffdd4508,/home/timlittau/Documents/InferQ/analysis/finetuned_rdbms_162/qpy/00cbb6840d9d537437ecbc990236e17e56fbc206b3a98e8f506f9c15ffdd4508.qpy,14,122,1.6570509162265807,42095,139,5,134,postgres,large_size,1,success,0.8804811201989651,16384,3380030,"{""effective_cache_size"": ""2GB"", ""from_collapse_limit"": 1, ""hash_mem_multiplier"": ""1.94"", ""jit"": ""off"", ""join_collapse_limit"": 4, ""max_parallel_workers_per_gather"": 0, ""temp_buffers"": ""65MB"", ""temp_file_limit"": ""-1"", ""work_mem"": ""55MB""}",
00d1d1eb8b59b37a53189e24e68c3e946f18affa7c82ed4eb28ed3f8e21cf4c7,/home/timlittau/Documents/InferQ/analysis/finetuned_rdbms_162/qpy/00d1d1eb8b59b37a53189e24e68c3e946f18affa7c82ed4eb28ed3f8e21cf4c7.qpy,14,64,0.8238890690263361,22922,82,6,76,sqlite,large_size,0,success,0.17300234688445926,16384,3338713,"{""automatic_index"": true, ""cache_mb"": 64, ""cache_spill"": false, ""db_path"": "":memory:"", ""journal_mode"": ""OFF"", ""locking_mode"": ""EXCLUSIVE"", ""mmap_mb"": 0, ""synchronous"": ""OFF"", ""temp_store"": ""FILE"", ""threads"": 1}",
00d1d1eb8b59b37a53189e24e68c3e946f18affa7c82ed4eb28ed3f8e21cf4c7,/home/timlittau/Documents/InferQ/analysis/finetuned_rdbms_162/qpy/00d1d1eb8b59b37a53189e24e68c3e946f18affa7c82ed4eb28ed3f8e21cf4c7.qpy,14,64,0.8238890690263361,22922,82,6,76,sqlite,large_size,1,success,0.16143382317386568,16384,3338713,"{""automatic_index"": true, ""cache_mb"": 64, ""cache_spill"": false, ""db_path"": "":memory:"", ""journal_mode"": ""OFF"", ""locking_mode"": ""EXCLUSIVE"", ""mmap_mb"": 0, ""synchronous"": ""OFF"", ""temp_store"": ""FILE"", ""threads"": 1}",
00d1d1eb8b59b37a53189e24e68c3e946f18affa7c82ed4eb28ed3f8e21cf4c7,/home/timlittau/Documents/InferQ/analysis/finetuned_rdbms_162/qpy/00d1d1eb8b59b37a53189e24e68c3e946f18affa7c82ed4eb28ed3f8e21cf4c7.qpy,14,64,0.8238890690263361,22922,82,6,76,duckdb,large_size,0,success,0.2318973981309682,16384,3339046,"{""max_temp_directory_size"": ""128GB"", ""memory_limit"": ""7409MB"", ""preserve_insertion_order"": true, ""temp_directory"": ""analysis/finetuned/rdbms162_all_engines_120s/tmp/large_size/duckdb"", ""threads"": 1}",
00d1d1eb8b59b37a53189e24e68c3e946f18affa7c82ed4eb28ed3f8e21cf4c7,/home/timlittau/Documents/InferQ/analysis/finetuned_rdbms_162/qpy/00d1d1eb8b59b37a53189e24e68c3e946f18affa7c82ed4eb28ed3f8e21cf4c7.qpy,14,64,0.8238890690263361,22922,82,6,76,duckdb,large_size,1,success,0.2356047909706831,16384,3338920,"{""max_temp_directory_size"": ""128GB"", ""memory_limit"": ""7409MB"", ""preserve_insertion_order"": true, ""temp_directory"": ""analysis/finetuned/rdbms162_all_engines_120s/tmp/large_size/duckdb"", ""threads"": 1}",
00d1d1eb8b59b37a53189e24e68c3e946f18affa7c82ed4eb28ed3f8e21cf4c7,/home/timlittau/Documents/InferQ/analysis/finetuned_rdbms_162/qpy/00d1d1eb8b59b37a53189e24e68c3e946f18affa7c82ed4eb28ed3f8e21cf4c7.qpy,14,64,0.8238890690263361,22922,82,6,76,postgres,large_size,0,success,0.3082935509737581,16384,3360619,"{""effective_cache_size"": ""2GB"", ""from_collapse_limit"": 1, ""hash_mem_multiplier"": ""1.94"", ""jit"": ""off"", ""join_collapse_limit"": 4, ""max_parallel_workers_per_gather"": 0, ""temp_buffers"": ""65MB"", ""temp_file_limit"": ""-1"", ""work_mem"": ""55MB""}",
00d1d1eb8b59b37a53189e24e68c3e946f18affa7c82ed4eb28ed3f8e21cf4c7,/home/timlittau/Documents/InferQ/analysis/finetuned_rdbms_162/qpy/00d1d1eb8b59b37a53189e24e68c3e946f18affa7c82ed4eb28ed3f8e21cf4c7.qpy,14,64,0.8238890690263361,22922,82,6,76,postgres,large_size,1,success,0.31500631594099104,16384,3360459,"{""effective_cache_size"": ""2GB"", ""from_collapse_limit"": 1, ""hash_mem_multiplier"": ""1.94"", ""jit"": ""off"", ""join_collapse_limit"": 4, ""max_parallel_workers_per_gather"": 0, ""temp_buffers"": ""65MB"", ""temp_file_limit"": ""-1"", ""work_mem"": ""55MB""}",
00d46f73fd0ec237d1ca633e421957bbf00ea7ffbe4596c781d6fd8c226502c5,/home/timlittau/Documents/InferQ/analysis/finetuned_rdbms_162/qpy/00d46f73fd0ec237d1ca633e421957bbf00ea7ffbe4596c781d6fd8c226502c5.qpy,4,26,0.2398500929120928,9333,34,6,28,sqlite,small_size,0,success,0.003748382907360792,4,4131,"{""automatic_index"": true, ""cache_mb"": 64, ""cache_spill"": false, ""db_path"": "":memory:"", ""journal_mode"": ""OFF"", ""locking_mode"": ""EXCLUSIVE"", ""mmap_mb"": 0, ""synchronous"": ""OFF"", ""temp_store"": ""FILE"", ""threads"": 1}",
00d46f73fd0ec237d1ca633e421957bbf00ea7ffbe4596c781d6fd8c226502c5,/home/timlittau/Documents/InferQ/analysis/finetuned_rdbms_162/qpy/00d46f73fd0ec237d1ca633e421957bbf00ea7ffbe4596c781d6fd8c226502c5.qpy,4,26,0.2398500929120928,9333,34,6,28,sqlite,small_size,1,success,0.0024191250558942556,4,4131,"{""automatic_index"": true, ""cache_mb"": 64, ""cache_spill"": false, ""db_path"": "":memory:"", ""journal_mode"": ""OFF"", ""locking_mode"": ""EXCLUSIVE"", ""mmap_mb"": 0, ""synchronous"": ""OFF"", ""temp_store"": ""FILE"", ""threads"": 1}",
00d46f73fd0ec237d1ca633e421957bbf00ea7ffbe4596c781d6fd8c226502c5,/home/timlittau/Documents/InferQ/analysis/finetuned_rdbms_162/qpy/00d46f73fd0ec237d1ca633e421957bbf00ea7ffbe4596c781d6fd8c226502c5.qpy,4,26,0.2398500929120928,9333,34,6,28,duckdb,small_size,0,success,0.09377018199302256,4,13000,"{""max_temp_directory_size"": ""256GB"", ""memory_limit"": ""10780MB"", ""preserve_insertion_order"": false, ""temp_directory"": ""analysis/finetuned/rdbms162_all_engines_120s/tmp/small_size/duckdb"", ""threads"": 2}",
00d46f73fd0ec237d1ca633e421957bbf00ea7ffbe4596c781d6fd8c226502c5,/home/timlittau/Documents/InferQ/analysis/finetuned_rdbms_162/qpy/00d46f73fd0ec237d1ca633e421957bbf00ea7ffbe4596c781d6fd8c226502c5.qpy,4,26,0.2398500929120928,9333,34,6,28,duckdb,small_size,1,success,0.09420510497875512,4,13440,"{""max_temp_directory_size"": ""256GB"", ""memory_limit"": ""10780MB"", ""preserve_insertion_order"": false, ""temp_directory"": ""analysis/finetuned/rdbms162_all_engines_120s/tmp/small_size/duckdb"", ""threads"": 2}",
00d46f73fd0ec237d1ca633e421957bbf00ea7ffbe4596c781d6fd8c226502c5,/home/timlittau/Documents/InferQ/analysis/finetuned_rdbms_162/qpy/00d46f73fd0ec237d1ca633e421957bbf00ea7ffbe4596c781d6fd8c226502c5.qpy,4,26,0.2398500929120928,9333,34,6,28,postgres,small_size,0,success,0.005841012811288238,4,14034,"{""effective_cache_size"": ""8GB"", ""from_collapse_limit"": 1, ""hash_mem_multiplier"": ""2.0"", ""jit"": ""off"", ""join_collapse_limit"": 1, ""max_parallel_workers_per_gather"": 4, ""temp_buffers"": ""128MB"", ""temp_file_limit"": ""-1"", ""work_mem"": ""256MB""}",
00d46f73fd0ec237d1ca633e421957bbf00ea7ffbe4596c781d6fd8c226502c5,/home/timlittau/Documents/InferQ/analysis/finetuned_rdbms_162/qpy/00d46f73fd0ec237d1ca633e421957bbf00ea7ffbe4596c781d6fd8c226502c5.qpy,4,26,0.2398500929120928,9333,34,6,28,postgres,small_size,1,success,0.005839664954692125,4,14034,"{""effective_cache_size"": ""8GB"", ""from_collapse_limit"": 1, ""hash_mem_multiplier"": ""2.0"", ""jit"": ""off"", ""join_collapse_limit"": 1, ""max_parallel_workers_per_gather"": 4, ""temp_buffers"": ""128MB"", ""temp_file_limit"": ""-1"", ""work_mem"": ""256MB""}",
00da97da4de0308ac7b14ce8c47e9779a0c1cfc28395a644cabd17ae703ddc7f,/home/timlittau/Documents/InferQ/analysis/finetuned_rdbms_162/qpy/00da97da4de0308ac7b14ce8c47e9779a0c1cfc28395a644cabd17ae703ddc7f.qpy,15,91,1.1066872379742563,30863,110,6,104,sqlite,large_size,0,success,0.012122354935854673,8,4131,"{""automatic_index"": true, ""cache_mb"": 64, ""cache_spill"": false, ""db_path"": "":memory:"", ""journal_mode"": ""OFF"", ""locking_mode"": ""EXCLUSIVE"", ""mmap_mb"": 0, ""synchronous"": ""OFF"", ""temp_store"": ""FILE"", ""threads"": 1}",
00da97da4de0308ac7b14ce8c47e9779a0c1cfc28395a644cabd17ae703ddc7f,/home/timlittau/Documents/InferQ/analysis/finetuned_rdbms_162/qpy/00da97da4de0308ac7b14ce8c47e9779a0c1cfc28395a644cabd17ae703ddc7f.qpy,15,91,1.1066872379742563,30863,110,6,104,sqlite,large_size,1,success,0.007904330035671592,8,4131,"{""automatic_index"": true, ""cache_mb"": 64, ""cache_spill"": false, ""db_path"": "":memory:"", ""journal_mode"": ""OFF"", ""locking_mode"": ""EXCLUSIVE"", ""mmap_mb"": 0, ""synchronous"": ""OFF"", ""temp_store"": ""FILE"", ""threads"": 1}",
00da97da4de0308ac7b14ce8c47e9779a0c1cfc28395a644cabd17ae703ddc7f,/home/timlittau/Documents/InferQ/analysis/finetuned_rdbms_162/qpy/00da97da4de0308ac7b14ce8c47e9779a0c1cfc28395a644cabd17ae703ddc7f.qpy,15,91,1.1066872379742563,30863,110,6,104,duckdb,large_size,0,success,6.348636348033324,8,34876,"{""max_temp_directory_size"": ""128GB"", ""memory_limit"": ""7409MB"", ""preserve_insertion_order"": true, ""temp_directory"": ""analysis/finetuned/rdbms162_all_engines_120s/tmp/large_size/duckdb"", ""threads"": 1}",
00da97da4de0308ac7b14ce8c47e9779a0c1cfc28395a644cabd17ae703ddc7f,/home/timlittau/Documents/InferQ/analysis/finetuned_rdbms_162/qpy/00da97da4de0308ac7b14ce8c47e9779a0c1cfc28395a644cabd17ae703ddc7f.qpy,15,91,1.1066872379742563,30863,110,6,104,duckdb,large_size,1,success,6.317671314114705,8,34716,"{""max_temp_directory_size"": ""128GB"", ""memory_limit"": ""7409MB"", ""preserve_insertion_order"": true, ""temp_directory"": ""analysis/finetuned/rdbms162_all_engines_120s/tmp/large_size/duckdb"", ""threads"": 1}",
00da97da4de0308ac7b14ce8c47e9779a0c1cfc28395a644cabd17ae703ddc7f,/home/timlittau/Documents/InferQ/analysis/finetuned_rdbms_162/qpy/00da97da4de0308ac7b14ce8c47e9779a0c1cfc28395a644cabd17ae703ddc7f.qpy,15,91,1.1066872379742563,30863,110,6,104,postgres,large_size,0,success,0.03344112797640264,8,36532,"{""effective_cache_size"": ""2GB"", ""from_collapse_limit"": 1, ""hash_mem_multiplier"": ""1.94"", ""jit"": ""off"", ""join_collapse_limit"": 4, ""max_parallel_workers_per_gather"": 0, ""temp_buffers"": ""65MB"", ""temp_file_limit"": ""-1"", ""work_mem"": ""55MB""}",
00da97da4de0308ac7b14ce8c47e9779a0c1cfc28395a644cabd17ae703ddc7f,/home/timlittau/Documents/InferQ/analysis/finetuned_rdbms_162/qpy/00da97da4de0308ac7b14ce8c47e9779a0c1cfc28395a644cabd17ae703ddc7f.qpy,15,91,1.1066872379742563,30863,110,6,104,postgres,large_size,1,success,0.033688790164887905,8,36532,"{""effective_cache_size"": ""2GB"", ""from_collapse_limit"": 1, ""hash_mem_multiplier"": ""1.94"", ""jit"": ""off"", ""join_collapse_limit"": 4, ""max_parallel_workers_per_gather"": 0, ""temp_buffers"": ""65MB"", ""temp_file_limit"": ""-1"", ""work_mem"": ""55MB""}",
00e11bb726d67d34bff07041b47b942075be1ccfa05335eef99c02b3afacdbb7,/home/timlittau/Documents/InferQ/analysis/finetuned_rdbms_162/qpy/00e11bb726d67d34bff07041b47b942075be1ccfa05335eef99c02b3afacdbb7.qpy,3,15,0.14062490407377481,5440,20,4,16,sqlite,small_size,0,success,0.0021909349597990513,8,4131,"{""automatic_index"": true, ""cache_mb"": 64, ""cache_spill"": false, ""db_path"": "":memory:"", ""journal_mode"": ""OFF"", ""locking_mode"": ""EXCLUSIVE"", ""mmap_mb"": 0, ""synchronous"": ""OFF"", ""temp_store"": ""FILE"", ""threads"": 1}",
00e11bb726d67d34bff07041b47b942075be1ccfa05335eef99c02b3afacdbb7,/home/timlittau/Documents/InferQ/analysis/finetuned_rdbms_162/qpy/00e11bb726d67d34bff07041b47b942075be1ccfa05335eef99c02b3afacdbb7.qpy,3,15,0.14062490407377481,5440,20,4,16,sqlite,small_size,1,success,0.0014799879863858223,8,4131,"{""automatic_index"": true, ""cache_mb"": 64, ""cache_spill"": false, ""db_path"": "":memory:"", ""journal_mode"": ""OFF"", ""locking_mode"": ""EXCLUSIVE"", ""mmap_mb"": 0, ""synchronous"": ""OFF"", ""temp_store"": ""FILE"", ""threads"": 1}",
00e11bb726d67d34bff07041b47b942075be1ccfa05335eef99c02b3afacdbb7,/home/timlittau/Documents/InferQ/analysis/finetuned_rdbms_162/qpy/00e11bb726d67d34bff07041b47b942075be1ccfa05335eef99c02b3afacdbb7.qpy,3,15,0.14062490407377481,5440,20,4,16,duckdb,small_size,0,success,0.017988675041124225,8,9293,"{""max_temp_directory_size"": ""256GB"", ""memory_limit"": ""10780MB"", ""preserve_insertion_order"": false, ""temp_directory"": ""analysis/finetuned/rdbms162_all_engines_120s/tmp/small_size/duckdb"", ""threads"": 2}",
00e11bb726d67d34bff07041b47b942075be1ccfa05335eef99c02b3afacdbb7,/home/timlittau/Documents/InferQ/analysis/finetuned_rdbms_162/qpy/00e11bb726d67d34bff07041b47b942075be1ccfa05335eef99c02b3afacdbb7.qpy,3,15,0.14062490407377481,5440,20,4,16,duckdb,small_size,1,success,0.018271118169650435,8,9289,"{""max_temp_directory_size"": ""256GB"", ""memory_limit"": ""10780MB"", ""preserve_insertion_order"": false, ""temp_directory"": ""analysis/finetuned/rdbms162_all_engines_120s/tmp/small_size/duckdb"", ""threads"": 2}",
00e11bb726d67d34bff07041b47b942075be1ccfa05335eef99c02b3afacdbb7,/home/timlittau/Documents/InferQ/analysis/finetuned_rdbms_162/qpy/00e11bb726d67d34bff07041b47b942075be1ccfa05335eef99c02b3afacdbb7.qpy,3,15,0.14062490407377481,5440,20,4,16,postgres,small_size,0,success,0.003508287947624922,8,10053,"{""effective_cache_size"": ""8GB"", ""from_collapse_limit"": 1, ""hash_mem_multiplier"": ""2.0"", ""jit"": ""off"", ""join_collapse_limit"": 1, ""max_parallel_workers_per_gather"": 4, ""temp_buffers"": ""128MB"", ""temp_file_limit"": ""-1"", ""work_mem"": ""256MB""}",
00e11bb726d67d34bff07041b47b942075be1ccfa05335eef99c02b3afacdbb7,/home/timlittau/Documents/InferQ/analysis/finetuned_rdbms_162/qpy/00e11bb726d67d34bff07041b47b942075be1ccfa05335eef99c02b3afacdbb7.qpy,3,15,0.14062490407377481,5440,20,4,16,postgres,small_size,1,success,0.0033866409212350845,8,10213,"{""effective_cache_size"": ""8GB"", ""from_collapse_limit"": 1, ""hash_mem_multiplier"": ""2.0"", ""jit"": ""off"", ""join_collapse_limit"": 1, ""max_parallel_workers_per_gather"": 4, ""temp_buffers"": ""128MB"", ""temp_file_limit"": ""-1"", ""work_mem"": ""256MB""}",
00e1ff27cc211fd0f89be0242ad4627e59c90b439c839fcbe15c92d74755276d,/home/timlittau/Documents/InferQ/analysis/finetuned_rdbms_162/qpy/00e1ff27cc211fd0f89be0242ad4627e59c90b439c839fcbe15c92d74755276d.qpy,6,69,0.7003665829543024,22939,80,7,73,sqlite,small_size,0,success,0.01144606783054769,16,4131,"{""automatic_index"": true, ""cache_mb"": 64, ""cache_spill"": false, ""db_path"": "":memory:"", ""journal_mode"": ""OFF"", ""locking_mode"": ""EXCLUSIVE"", ""mmap_mb"": 0, ""synchronous"": ""OFF"", ""temp_store"": ""FILE"", ""threads"": 1}",
00e1ff27cc211fd0f89be0242ad4627e59c90b439c839fcbe15c92d74755276d,/home/timlittau/Documents/InferQ/analysis/finetuned_rdbms_162/qpy/00e1ff27cc211fd0f89be0242ad4627e59c90b439c839fcbe15c92d74755276d.qpy,6,69,0.7003665829543024,22939,80,7,73,sqlite,small_size,1,success,0.006751951994374394,16,4131,"{""automatic_index"": true, ""cache_mb"": 64, ""cache_spill"": false, ""db_path"": "":memory:"", ""journal_mode"": ""OFF"", ""locking_mode"": ""EXCLUSIVE"", ""mmap_mb"": 0, ""synchronous"": ""OFF"", ""temp_store"": ""FILE"", ""threads"": 1}",
00e1ff27cc211fd0f89be0242ad4627e59c90b439c839fcbe15c92d74755276d,/home/timlittau/Documents/InferQ/analysis/finetuned_rdbms_162/qpy/00e1ff27cc211fd0f89be0242ad4627e59c90b439c839fcbe15c92d74755276d.qpy,6,69,0.7003665829543024,22939,80,7,73,duckdb,small_size,0,success,3.7063084091059864,16,27324,"{""max_temp_directory_size"": ""256GB"", ""memory_limit"": ""10780MB"", ""preserve_insertion_order"": false, ""temp_directory"": ""analysis/finetuned/rdbms162_all_engines_120s/tmp/small_size/duckdb"", ""threads"": 2}",
00e1ff27cc211fd0f89be0242ad4627e59c90b439c839fcbe15c92d74755276d,/home/timlittau/Documents/InferQ/analysis/finetuned_rdbms_162/qpy/00e1ff27cc211fd0f89be0242ad4627e59c90b439c839fcbe15c92d74755276d.qpy,6,69,0.7003665829543024,22939,80,7,73,duckdb,small_size,1,success,3.706919673131779,16,26950,"{""max_temp_directory_size"": ""256GB"", ""memory_limit"": ""10780MB"", ""preserve_insertion_order"": false, ""temp_directory"": ""analysis/finetuned/rdbms162_all_engines_120s/tmp/small_size/duckdb"", ""threads"": 2}",
00e1ff27cc211fd0f89be0242ad4627e59c90b439c839fcbe15c92d74755276d,/home/timlittau/Documents/InferQ/analysis/finetuned_rdbms_162/qpy/00e1ff27cc211fd0f89be0242ad4627e59c90b439c839fcbe15c92d74755276d.qpy,6,69,0.7003665829543024,22939,80,7,73,postgres,small_size,0,success,0.02163315308280289,16,28022,"{""effective_cache_size"": ""8GB"", ""from_collapse_limit"": 1, ""hash_mem_multiplier"": ""2.0"", ""jit"": ""off"", ""join_collapse_limit"": 1, ""max_parallel_workers_per_gather"": 4, ""temp_buffers"": ""128MB"", ""temp_file_limit"": ""-1"", ""work_mem"": ""256MB""}",
00e1ff27cc211fd0f89be0242ad4627e59c90b439c839fcbe15c92d74755276d,/home/timlittau/Documents/InferQ/analysis/finetuned_rdbms_162/qpy/00e1ff27cc211fd0f89be0242ad4627e59c90b439c839fcbe15c92d74755276d.qpy,6,69,0.7003665829543024,22939,80,7,73,postgres,small_size,1,success,0.02878995193168521,16,27862,"{""effective_cache_size"": ""8GB"", ""from_collapse_limit"": 1, ""hash_mem_multiplier"": ""2.0"", ""jit"": ""off"", ""join_collapse_limit"": 1, ""max_parallel_workers_per_gather"": 4, ""temp_buffers"": ""128MB"", ""temp_file_limit"": ""-1"", ""work_mem"": ""256MB""}",
00ec5fb4a226b8b08e8bad04fe6b4d437d2ce245024abf00877fb2a96426fdf7,/home/timlittau/Documents/InferQ/analysis/finetuned_rdbms_162/qpy/00ec5fb4a226b8b08e8bad04fe6b4d437d2ce245024abf00877fb2a96426fdf7.qpy,11,40,0.544035549974069,14110,52,3,49,sqlite,large_size,0,success,0.021197400987148285,2048,124829,"{""automatic_index"": true, ""cache_mb"": 64, ""cache_spill"": false, ""db_path"": "":memory:"", ""journal_mode"": ""OFF"", ""locking_mode"": ""EXCLUSIVE"", ""mmap_mb"": 0, ""synchronous"": ""OFF"", ""temp_store"": ""FILE"", ""threads"": 1}",
00ec5fb4a226b8b08e8bad04fe6b4d437d2ce245024abf00877fb2a96426fdf7,/home/timlittau/Documents/InferQ/analysis/finetuned_rdbms_162/qpy/00ec5fb4a226b8b08e8bad04fe6b4d437d2ce245024abf00877fb2a96426fdf7.qpy,11,40,0.544035549974069,14110,52,3,49,sqlite,large_size,1,success,0.01875397190451622,2048,124829,"{""automatic_index"": true, ""cache_mb"": 64, ""cache_spill"": false, ""db_path"": "":memory:"", ""journal_mode"": ""OFF"", ""locking_mode"": ""EXCLUSIVE"", ""mmap_mb"": 0, ""synchronous"": ""OFF"", ""temp_store"": ""FILE"", ""threads"": 1}",
00ec5fb4a226b8b08e8bad04fe6b4d437d2ce245024abf00877fb2a96426fdf7,/home/timlittau/Documents/InferQ/analysis/finetuned_rdbms_162/qpy/00ec5fb4a226b8b08e8bad04fe6b4d437d2ce245024abf00877fb2a96426fdf7.qpy,11,40,0.544035549974069,14110,52,3,49,duckdb,large_size,0,success,5.6015499860513955,2048,125332,"{""max_temp_directory_size"": ""128GB"", ""memory_limit"": ""7409MB"", ""preserve_insertion_order"": true, ""temp_directory"": ""analysis/finetuned/rdbms162_all_engines_120s/tmp/large_size/duckdb"", ""threads"": 1}",
00ec5fb4a226b8b08e8bad04fe6b4d437d2ce245024abf00877fb2a96426fdf7,/home/timlittau/Documents/InferQ/analysis/finetuned_rdbms_162/qpy/00ec5fb4a226b8b08e8bad04fe6b4d437d2ce245024abf00877fb2a96426fdf7.qpy,11,40,0.544035549974069,14110,52,3,49,duckdb,large_size,1,success,5.590557632036507,2048,125054,"{""max_temp_directory_size"": ""128GB"", ""memory_limit"": ""7409MB"", ""preserve_insertion_order"": true, ""temp_directory"": ""analysis/finetuned/rdbms162_all_engines_120s/tmp/large_size/duckdb"", ""threads"": 1}",
00ec5fb4a226b8b08e8bad04fe6b4d437d2ce245024abf00877fb2a96426fdf7,/home/timlittau/Documents/InferQ/analysis/finetuned_rdbms_162/qpy/00ec5fb4a226b8b08e8bad04fe6b4d437d2ce245024abf00877fb2a96426fdf7.qpy,11,40,0.544035549974069,14110,52,3,49,postgres,large_size,0,success,0.030140619026497006,2048,138882,"{""effective_cache_size"": ""2GB"", ""from_collapse_limit"": 1, ""hash_mem_multiplier"": ""1.94"", ""jit"": ""off"", ""join_collapse_limit"": 4, ""max_parallel_workers_per_gather"": 0, ""temp_buffers"": ""65MB"", ""temp_file_limit"": ""-1"", ""work_mem"": ""55MB""}",
00ec5fb4a226b8b08e8bad04fe6b4d437d2ce245024abf00877fb2a96426fdf7,/home/timlittau/Documents/InferQ/analysis/finetuned_rdbms_162/qpy/00ec5fb4a226b8b08e8bad04fe6b4d437d2ce245024abf00877fb2a96426fdf7.qpy,11,40,0.544035549974069,14110,52,3,49,postgres,large_size,1,success,0.028149222023785114,2048,138882,"{""effective_cache_size"": ""2GB"", ""from_collapse_limit"": 1, ""hash_mem_multiplier"": ""1.94"", ""jit"": ""off"", ""join_collapse_limit"": 4, ""max_parallel_workers_per_gather"": 0, ""temp_buffers"": ""65MB"", ""temp_file_limit"": ""-1"", ""work_mem"": ""55MB""}",
00ecc9493970261db82fdbec1cab729699b8ca7a1d31dc596dedc781d8c6301e,/home/timlittau/Documents/InferQ/analysis/finetuned_rdbms_162/qpy/00ecc9493970261db82fdbec1cab729699b8ca7a1d31dc596dedc781d8c6301e.qpy,15,95,1.5431330089922994,33218,112,4,108,sqlite,large_size,0,success,0.31570575200021267,32768,3807969,"{""automatic_index"": true, ""cache_mb"": 64, ""cache_spill"": false, ""db_path"": "":memory:"", ""journal_mode"": ""OFF"", ""locking_mode"": ""EXCLUSIVE"", ""mmap_mb"": 0, ""synchronous"": ""OFF"", ""temp_store"": ""FILE"", ""threads"": 1}",
00ecc9493970261db82fdbec1cab729699b8ca7a1d31dc596dedc781d8c6301e,/home/timlittau/Documents/InferQ/analysis/finetuned_rdbms_162/qpy/00ecc9493970261db82fdbec1cab729699b8ca7a1d31dc596dedc781d8c6301e.qpy,15,95,1.5431330089922994,33218,112,4,108,sqlite,large_size,1,success,0.3072972248774022,32768,3807969,"{""automatic_index"": true, ""cache_mb"": 64, ""cache_spill"": false, ""db_path"": "":memory:"", ""journal_mode"": ""OFF"", ""locking_mode"": ""EXCLUSIVE"", ""mmap_mb"": 0, ""synchronous"": ""OFF"", ""temp_store"": ""FILE"", ""threads"": 1}",
00ecc9493970261db82fdbec1cab729699b8ca7a1d31dc596dedc781d8c6301e,/home/timlittau/Documents/InferQ/analysis/finetuned_rdbms_162/qpy/00ecc9493970261db82fdbec1cab729699b8ca7a1d31dc596dedc781d8c6301e.qpy,15,95,1.5431330089922994,33218,112,4,108,duckdb,large_size,0,success,2.9375538879539818,32768,3808786,"{""max_temp_directory_size"": ""128GB"", ""memory_limit"": ""7409MB"", ""preserve_insertion_order"": true, ""temp_directory"": ""analysis/finetuned/rdbms162_all_engines_120s/tmp/large_size/duckdb"", ""threads"": 1}",
00ecc9493970261db82fdbec1cab729699b8ca7a1d31dc596dedc781d8c6301e,/home/timlittau/Documents/InferQ/analysis/finetuned_rdbms_162/qpy/00ecc9493970261db82fdbec1cab729699b8ca7a1d31dc596dedc781d8c6301e.qpy,15,95,1.5431330089922994,33218,112,4,108,duckdb,large_size,1,success,2.9248127650935203,32768,3808564,"{""max_temp_directory_size"": ""128GB"", ""memory_limit"": ""7409MB"", ""preserve_insertion_order"": true, ""temp_directory"": ""analysis/finetuned/rdbms162_all_engines_120s/tmp/large_size/duckdb"", ""threads"": 1}",
00ecc9493970261db82fdbec1cab729699b8ca7a1d31dc596dedc781d8c6301e,/home/timlittau/Documents/InferQ/analysis/finetuned_rdbms_162/qpy/00ecc9493970261db82fdbec1cab729699b8ca7a1d31dc596dedc781d8c6301e.qpy,15,95,1.5431330089922994,33218,112,4,108,postgres,large_size,0,success,1.6379054479766637,32768,3839930,"{""effective_cache_size"": ""2GB"", ""from_collapse_limit"": 1, ""hash_mem_multiplier"": ""1.94"", ""jit"": ""off"", ""join_collapse_limit"": 4, ""max_parallel_workers_per_gather"": 0, ""temp_buffers"": ""65MB"", ""temp_file_limit"": ""-1"", ""work_mem"": ""55MB""}",
00ecc9493970261db82fdbec1cab729699b8ca7a1d31dc596dedc781d8c6301e,/home/timlittau/Documents/InferQ/analysis/finetuned_rdbms_162/qpy/00ecc9493970261db82fdbec1cab729699b8ca7a1d31dc596dedc781d8c6301e.qpy,15,95,1.5431330089922994,33218,112,4,108,postgres,large_size,1,success,1.6346072470769286,32768,3839930,"{""effective_cache_size"": ""2GB"", ""from_collapse_limit"": 1, ""hash_mem_multiplier"": ""1.94"", ""jit"": ""off"", ""join_collapse_limit"": 4, ""max_parallel_workers_per_gather"": 0, ""temp_buffers"": ""65MB"", ""temp_file_limit"": ""-1"", ""work_mem"": ""55MB""}",
00ecd9e5c067687b352fb7f5d412c4130394db28976309c353e94f1eead33fbe,/home/timlittau/Documents/InferQ/analysis/finetuned_rdbms_162/qpy/00ecd9e5c067687b352fb7f5d412c4130394db28976309c353e94f1eead33fbe.qpy,13,63,0.711310317972675,22500,79,5,74,sqlite,small_size,0,success,0.1378039289265871,8192,1452557,"{""automatic_index"": true, ""cache_mb"": 64, ""cache_spill"": false, ""db_path"": "":memory:"", ""journal_mode"": ""OFF"", ""locking_mode"": ""EXCLUSIVE"", ""mmap_mb"": 0, ""synchronous"": ""OFF"", ""temp_store"": ""FILE"", ""threads"": 1}",
00ecd9e5c067687b352fb7f5d412c4130394db28976309c353e94f1eead33fbe,/home/timlittau/Documents/InferQ/analysis/finetuned_rdbms_162/qpy/00ecd9e5c067687b352fb7f5d412c4130394db28976309c353e94f1eead33fbe.qpy,13,63,0.711310317972675,22500,79,5,74,sqlite,small_size,1,success,0.12498819991014898,8192,1452557,"{""automatic_index"": true, ""cache_mb"": 64, ""cache_spill"": false, ""db_path"": "":memory:"", ""journal_mode"": ""OFF"", ""locking_mode"": ""EXCLUSIVE"", ""mmap_mb"": 0, ""synchronous"": ""OFF"", ""temp_store"": ""FILE"", ""threads"": 1}",
00ecd9e5c067687b352fb7f5d412c4130394db28976309c353e94f1eead33fbe,/home/timlittau/Documents/InferQ/analysis/finetuned_rdbms_162/qpy/00ecd9e5c067687b352fb7f5d412c4130394db28976309c353e94f1eead33fbe.qpy,13,63,0.711310317972675,22500,79,5,74,duckdb,small_size,0,success,0.20115351397544146,8192,1453076,"{""max_temp_directory_size"": ""256GB"", ""memory_limit"": ""10780MB"", ""preserve_insertion_order"": false, ""temp_directory"": ""analysis/finetuned/rdbms162_all_engines_120s/tmp/small_size/duckdb"", ""threads"": 2}",
00ecd9e5c067687b352fb7f5d412c4130394db28976309c353e94f1eead33fbe,/home/timlittau/Documents/InferQ/analysis/finetuned_rdbms_162/qpy/00ecd9e5c067687b352fb7f5d412c4130394db28976309c353e94f1eead33fbe.qpy,13,63,0.711310317972675,22500,79,5,74,duckdb,small_size,1,success,0.19913039891980588,8192,1453138,"{""max_temp_directory_size"": ""256GB"", ""memory_limit"": ""10780MB"", ""preserve_insertion_order"": false, ""temp_directory"": ""analysis/finetuned/rdbms162_all_engines_120s/tmp/small_size/duckdb"", ""threads"": 2}",
00ecd9e5c067687b352fb7f5d412c4130394db28976309c353e94f1eead33fbe,/home/timlittau/Documents/InferQ/analysis/finetuned_rdbms_162/qpy/00ecd9e5c067687b352fb7f5d412c4130394db28976309c353e94f1eead33fbe.qpy,13,63,0.711310317972675,22500,79,5,74,postgres,small_size,0,success,0.22114483104087412,8192,1475355,"{""effective_cache_size"": ""8GB"", ""from_collapse_limit"": 1, ""hash_mem_multiplier"": ""2.0"", ""jit"": ""off"", ""join_collapse_limit"": 1, ""max_parallel_workers_per_gather"": 4, ""temp_buffers"": ""128MB"", ""temp_file_limit"": ""-1"", ""work_mem"": ""256MB""}",
00ecd9e5c067687b352fb7f5d412c4130394db28976309c353e94f1eead33fbe,/home/timlittau/Documents/InferQ/analysis/finetuned_rdbms_162/qpy/00ecd9e5c067687b352fb7f5d412c4130394db28976309c353e94f1eead33fbe.qpy,13,63,0.711310317972675,22500,79,5,74,postgres,small_size,1,success,0.22534180618822575,8192,1475515,"{""effective_cache_size"": ""8GB"", ""from_collapse_limit"": 1, ""hash_mem_multiplier"": ""2.0"", ""jit"": ""off"", ""join_collapse_limit"": 1, ""max_parallel_workers_per_gather"": 4, ""temp_buffers"": ""128MB"", ""temp_file_limit"": ""-1"", ""work_mem"": ""256MB""}",
00ee8e8283de8007aabf4ccf5115b213b565e7fbebed8c8c286912755c1e877d,/home/timlittau/Documents/InferQ/analysis/finetuned_rdbms_162/qpy/00ee8e8283de8007aabf4ccf5115b213b565e7fbebed8c8c286912755c1e877d.qpy,7,40,0.39340882911346853,14027,50,5,45,sqlite,large_size,0,success,0.007277776021510363,128,8401,"{""automatic_index"": true, ""cache_mb"": 64, ""cache_spill"": false, ""db_path"": "":memory:"", ""journal_mode"": ""OFF"", ""locking_mode"": ""EXCLUSIVE"", ""mmap_mb"": 0, ""synchronous"": ""OFF"", ""temp_store"": ""FILE"", ""threads"": 1}",
00ee8e8283de8007aabf4ccf5115b213b565e7fbebed8c8c286912755c1e877d,/home/timlittau/Documents/InferQ/analysis/finetuned_rdbms_162/qpy/00ee8e8283de8007aabf4ccf5115b213b565e7fbebed8c8c286912755c1e877d.qpy,7,40,0.39340882911346853,14027,50,5,45,sqlite,large_size,1,success,0.005371670005843043,128,8401,"{""automatic_index"": true, ""cache_mb"": 64, ""cache_spill"": false, ""db_path"": "":memory:"", ""journal_mode"": ""OFF"", ""locking_mode"": ""EXCLUSIVE"", ""mmap_mb"": 0, ""synchronous"": ""OFF"", ""temp_store"": ""FILE"", ""threads"": 1}",
00ee8e8283de8007aabf4ccf5115b213b565e7fbebed8c8c286912755c1e877d,/home/timlittau/Documents/InferQ/analysis/finetuned_rdbms_162/qpy/00ee8e8283de8007aabf4ccf5115b213b565e7fbebed8c8c286912755c1e877d.qpy,7,40,0.39340882911346853,14027,50,5,45,duckdb,large_size,0,success,0.06730517116375268,128,18194,"{""max_temp_directory_size"": ""128GB"", ""memory_limit"": ""7409MB"", ""preserve_insertion_order"": true, ""temp_directory"": ""analysis/finetuned/rdbms162_all_engines_120s/tmp/large_size/duckdb"", ""threads"": 1}",
00ee8e8283de8007aabf4ccf5115b213b565e7fbebed8c8c286912755c1e877d,/home/timlittau/Documents/InferQ/analysis/finetuned_rdbms_162/qpy/00ee8e8283de8007aabf4ccf5115b213b565e7fbebed8c8c286912755c1e877d.qpy,7,40,0.39340882911346853,14027,50,5,45,duckdb,large_size,1,success,0.06696276203729212,128,18256,"{""max_temp_directory_size"": ""128GB"", ""memory_limit"": ""7409MB"", ""preserve_insertion_order"": true, ""temp_directory"": ""analysis/finetuned/rdbms162_all_engines_120s/tmp/large_size/duckdb"", ""threads"": 1}",
00ee8e8283de8007aabf4ccf5115b213b565e7fbebed8c8c286912755c1e877d,/home/timlittau/Documents/InferQ/analysis/finetuned_rdbms_162/qpy/00ee8e8283de8007aabf4ccf5115b213b565e7fbebed8c8c286912755c1e877d.qpy,7,40,0.39340882911346853,14027,50,5,45,postgres,large_size,0,success,0.012987084919586778,128,23887,"{""effective_cache_size"": ""2GB"", ""from_collapse_limit"": 1, ""hash_mem_multiplier"": ""1.94"", ""jit"": ""off"", ""join_collapse_limit"": 4, ""max_parallel_workers_per_gather"": 0, ""temp_buffers"": ""65MB"", ""temp_file_limit"": ""-1"", ""work_mem"": ""55MB""}",
00ee8e8283de8007aabf4ccf5115b213b565e7fbebed8c8c286912755c1e877d,/home/timlittau/Documents/InferQ/analysis/finetuned_rdbms_162/qpy/00ee8e8283de8007aabf4ccf5115b213b565e7fbebed8c8c286912755c1e877d.qpy,7,40,0.39340882911346853,14027,50,5,45,postgres,large_size,1,success,0.018070457968860865,128,23727,"{""effective_cache_size"": ""2GB"", ""from_collapse_limit"": 1, ""hash_mem_multiplier"": ""1.94"", ""jit"": ""off"", ""join_collapse_limit"": 4, ""max_parallel_workers_per_gather"": 0, ""temp_buffers"": ""65MB"", ""temp_file_limit"": ""-1"", ""work_mem"": ""55MB""}",
00ef46d5f22d8c19e0e884391483426ac59050122810315a89a7d069cdb7dfc0,/home/timlittau/Documents/InferQ/analysis/finetuned_rdbms_162/qpy/00ef46d5f22d8c19e0e884391483426ac59050122810315a89a7d069cdb7dfc0.qpy,14,60,0.9372029441874474,21500,76,4,72,sqlite,large_size,0,success,0.12563600507564843,16384,3336865,"{""automatic_index"": true, ""cache_mb"": 64, ""cache_spill"": false, ""db_path"": "":memory:"", ""journal_mode"": ""OFF"", ""locking_mode"": ""EXCLUSIVE"", ""mmap_mb"": 0, ""synchronous"": ""OFF"", ""temp_store"": ""FILE"", ""threads"": 1}",
00ef46d5f22d8c19e0e884391483426ac59050122810315a89a7d069cdb7dfc0,/home/timlittau/Documents/InferQ/analysis/finetuned_rdbms_162/qpy/00ef46d5f22d8c19e0e884391483426ac59050122810315a89a7d069cdb7dfc0.qpy,14,60,0.9372029441874474,21500,76,4,72,sqlite,large_size,1,success,0.11992103699594736,16384,3338713,"{""automatic_index"": true, ""cache_mb"": 64, ""cache_spill"": false, ""db_path"": "":memory:"", ""journal_mode"": ""OFF"", ""locking_mode"": ""EXCLUSIVE"", ""mmap_mb"": 0, ""synchronous"": ""OFF"", ""temp_store"": ""FILE"", ""threads"": 1}",
00ef46d5f22d8c19e0e884391483426ac59050122810315a89a7d069cdb7dfc0,/home/timlittau/Documents/InferQ/analysis/finetuned_rdbms_162/qpy/00ef46d5f22d8c19e0e884391483426ac59050122810315a89a7d069cdb7dfc0.qpy,14,60,0.9372029441874474,21500,76,4,72,duckdb,large_size,0,success,9.660687832161784,16384,3339202,"{""max_temp_directory_size"": ""128GB"", ""memory_limit"": ""7409MB"", ""preserve_insertion_order"": true, ""temp_directory"": ""analysis/finetuned/rdbms162_all_engines_120s/tmp/large_size/duckdb"", ""threads"": 1}",
00ef46d5f22d8c19e0e884391483426ac59050122810315a89a7d069cdb7dfc0,/home/timlittau/Documents/InferQ/analysis/finetuned_rdbms_162/qpy/00ef46d5f22d8c19e0e884391483426ac59050122810315a89a7d069cdb7dfc0.qpy,14,60,0.9372029441874474,21500,76,4,72,duckdb,large_size,1,success,9.5964847789146,16384,3339618,"{""max_temp_directory_size"": ""128GB"", ""memory_limit"": ""7409MB"", ""preserve_insertion_order"": true, ""temp_directory"": ""analysis/finetuned/rdbms162_all_engines_120s/tmp/large_size/duckdb"", ""threads"": 1}",
00ef46d5f22d8c19e0e884391483426ac59050122810315a89a7d069cdb7dfc0,/home/timlittau/Documents/InferQ/analysis/finetuned_rdbms_162/qpy/00ef46d5f22d8c19e0e884391483426ac59050122810315a89a7d069cdb7dfc0.qpy,14,60,0.9372029441874474,21500,76,4,72,postgres,large_size,0,success,0.2689845690038055,16384,3359019,"{""effective_cache_size"": ""2GB"", ""from_collapse_limit"": 1, ""hash_mem_multiplier"": ""1.94"", ""jit"": ""off"", ""join_collapse_limit"": 4, ""max_parallel_workers_per_gather"": 0, ""temp_buffers"": ""65MB"", ""temp_file_limit"": ""-1"", ""work_mem"": ""55MB""}",
00ef46d5f22d8c19e0e884391483426ac59050122810315a89a7d069cdb7dfc0,/home/timlittau/Documents/InferQ/analysis/finetuned_rdbms_162/qpy/00ef46d5f22d8c19e0e884391483426ac59050122810315a89a7d069cdb7dfc0.qpy,14,60,0.9372029441874474,21500,76,4,72,postgres,large_size,1,success,0.2655514678917825,16384,3359019,"{""effective_cache_size"": ""2GB"", ""from_collapse_limit"": 1, ""hash_mem_multiplier"": ""1.94"", ""jit"": ""off"", ""join_collapse_limit"": 4, ""max_parallel_workers_per_gather"": 0, ""temp_buffers"": ""65MB"", ""temp_file_limit"": ""-1"", ""work_mem"": ""55MB""}",
00ef714d919f3353835832e35bfdc45992d9acd7c9847253227777f07554b6f6,/home/timlittau/Documents/InferQ/analysis/finetuned_rdbms_162/qpy/00ef714d919f3353835832e35bfdc45992d9acd7c9847253227777f07554b6f6.qpy,5,19,0.1924368899781257,7637,29,7,22,sqlite,small_size,0,success,0.0032589901238679886,32,4131,"{""automatic_index"": true, ""cache_mb"": 64, ""cache_spill"": false, ""db_path"": "":memory:"", ""journal_mode"": ""OFF"", ""locking_mode"": ""EXCLUSIVE"", ""mmap_mb"": 0, ""synchronous"": ""OFF"", ""temp_store"": ""FILE"", ""threads"": 1}",
00ef714d919f3353835832e35bfdc45992d9acd7c9847253227777f07554b6f6,/home/timlittau/Documents/InferQ/analysis/finetuned_rdbms_162/qpy/00ef714d919f3353835832e35bfdc45992d9acd7c9847253227777f07554b6f6.qpy,5,19,0.1924368899781257,7637,29,7,22,sqlite,small_size,1,success,0.002076057018712163,32,4131,"{""automatic_index"": true, ""cache_mb"": 64, ""cache_spill"": false, ""db_path"": "":memory:"", ""journal_mode"": ""OFF"", ""locking_mode"": ""EXCLUSIVE"", ""mmap_mb"": 0, ""synchronous"": ""OFF"", ""temp_store"": ""FILE"", ""threads"": 1}",
00ef714d919f3353835832e35bfdc45992d9acd7c9847253227777f07554b6f6,/home/timlittau/Documents/InferQ/analysis/finetuned_rdbms_162/qpy/00ef714d919f3353835832e35bfdc45992d9acd7c9847253227777f07554b6f6.qpy,5,19,0.1924368899781257,7637,29,7,22,duckdb,small_size,0,success,0.0558671981561929,32,12058,"{""max_temp_directory_size"": ""256GB"", ""memory_limit"": ""10780MB"", ""preserve_insertion_order"": false, ""temp_directory"": ""analysis/finetuned/rdbms162_all_engines_120s/tmp/small_size/duckdb"", ""threads"": 2}",
00ef714d919f3353835832e35bfdc45992d9acd7c9847253227777f07554b6f6,/home/timlittau/Documents/InferQ/analysis/finetuned_rdbms_162/qpy/00ef714d919f3353835832e35bfdc45992d9acd7c9847253227777f07554b6f6.qpy,5,19,0.1924368899781257,7637,29,7,22,duckdb,small_size,1,success,0.055181559175252914,32,11336,"{""max_temp_directory_size"": ""256GB"", ""memory_limit"": ""10780MB"", ""preserve_insertion_order"": false, ""temp_directory"": ""analysis/finetuned/rdbms162_all_engines_120s/tmp/small_size/duckdb"", ""threads"": 2}",
00ef714d919f3353835832e35bfdc45992d9acd7c9847253227777f07554b6f6,/home/timlittau/Documents/InferQ/analysis/finetuned_rdbms_162/qpy/00ef714d919f3353835832e35bfdc45992d9acd7c9847253227777f07554b6f6.qpy,5,19,0.1924368899781257,7637,29,7,22,postgres,small_size,0,success,0.0053430169355124235,32,12603,"{""effective_cache_size"": ""8GB"", ""from_collapse_limit"": 1, ""hash_mem_multiplier"": ""2.0"", ""jit"": ""off"", ""join_collapse_limit"": 1, ""max_parallel_workers_per_gather"": 4, ""temp_buffers"": ""128MB"", ""temp_file_limit"": ""-1"", ""work_mem"": ""256MB""}",
00ef714d919f3353835832e35bfdc45992d9acd7c9847253227777f07554b6f6,/home/timlittau/Documents/InferQ/analysis/finetuned_rdbms_162/qpy/00ef714d919f3353835832e35bfdc45992d9acd7c9847253227777f07554b6f6.qpy,5,19,0.1924368899781257,7637,29,7,22,postgres,small_size,1,success,0.005131731042638421,32,12603,"{""effective_cache_size"": ""8GB"", ""from_collapse_limit"": 1, ""hash_mem_multiplier"": ""2.0"", ""jit"": ""off"", ""join_collapse_limit"": 1, ""max_parallel_workers_per_gather"": 4, ""temp_buffers"": ""128MB"", ""temp_file_limit"": ""-1"", ""work_mem"": ""256MB""}",
00f0fe2fb30ad5cc450dac08b509cb8d4bfadbf3a7d8eab488d39c4be140d580,/home/timlittau/Documents/InferQ/analysis/finetuned_rdbms_162/qpy/00f0fe2fb30ad5cc450dac08b509cb8d4bfadbf3a7d8eab488d39c4be140d580.qpy,13,93,1.230209165951237,32632,109,5,104,sqlite,large_size,0,success,0.14792841509915888,8192,1452437,"{""automatic_index"": true, ""cache_mb"": 64, ""cache_spill"": false, ""db_path"": "":memory:"", ""journal_mode"": ""OFF"", ""locking_mode"": ""EXCLUSIVE"", ""mmap_mb"": 0, ""synchronous"": ""OFF"", ""temp_store"": ""FILE"", ""threads"": 1}",
00f0fe2fb30ad5cc450dac08b509cb8d4bfadbf3a7d8eab488d39c4be140d580,/home/timlittau/Documents/InferQ/analysis/finetuned_rdbms_162/qpy/00f0fe2fb30ad5cc450dac08b509cb8d4bfadbf3a7d8eab488d39c4be140d580.qpy,13,93,1.230209165951237,32632,109,5,104,sqlite,large_size,1,success,0.13972490490414202,8192,1452557,"{""automatic_index"": true, ""cache_mb"": 64, ""cache_spill"": false, ""db_path"": "":memory:"", ""journal_mode"": ""OFF"", ""locking_mode"": ""EXCLUSIVE"", ""mmap_mb"": 0, ""synchronous"": ""OFF"", ""temp_store"": ""FILE"", ""threads"": 1}",
00f0fe2fb30ad5cc450dac08b509cb8d4bfadbf3a7d8eab488d39c4be140d580,/home/timlittau/Documents/InferQ/analysis/finetuned_rdbms_162/qpy/00f0fe2fb30ad5cc450dac08b509cb8d4bfadbf3a7d8eab488d39c4be140d580.qpy,13,93,1.230209165951237,32632,109,5,104,duckdb,large_size,0,success,2.9192933100275695,8192,1452982,"{""max_temp_directory_size"": ""128GB"", ""memory_limit"": ""7409MB"", ""preserve_insertion_order"": true, ""temp_directory"": ""analysis/finetuned/rdbms162_all_engines_120s/tmp/large_size/duckdb"", ""threads"": 1}",
00f0fe2fb30ad5cc450dac08b509cb8d4bfadbf3a7d8eab488d39c4be140d580,/home/timlittau/Documents/InferQ/analysis/finetuned_rdbms_162/qpy/00f0fe2fb30ad5cc450dac08b509cb8d4bfadbf3a7d8eab488d39c4be140d580.qpy,13,93,1.230209165951237,32632,109,5,104,duckdb,large_size,1,success,2.919104892993346,8192,1453044,"{""max_temp_directory_size"": ""128GB"", ""memory_limit"": ""7409MB"", ""preserve_insertion_order"": true, ""temp_directory"": ""analysis/finetuned/rdbms162_all_engines_120s/tmp/large_size/duckdb"", ""threads"": 1}",
00f0fe2fb30ad5cc450dac08b509cb8d4bfadbf3a7d8eab488d39c4be140d580,/home/timlittau/Documents/InferQ/analysis/finetuned_rdbms_162/qpy/00f0fe2fb30ad5cc450dac08b509cb8d4bfadbf3a7d8eab488d39c4be140d580.qpy,13,93,1.230209165951237,32632,109,5,104,postgres,large_size,0,success,0.39142510294914246,8192,1485485,"{""effective_cache_size"": ""2GB"", ""from_collapse_limit"": 1, ""hash_mem_multiplier"": ""1.94"", ""jit"": ""off"", ""join_collapse_limit"": 4, ""max_parallel_workers_per_gather"": 0, ""temp_buffers"": ""65MB"", ""temp_file_limit"": ""-1"", ""work_mem"": ""55MB""}",
00f0fe2fb30ad5cc450dac08b509cb8d4bfadbf3a7d8eab488d39c4be140d580,/home/timlittau/Documents/InferQ/analysis/finetuned_rdbms_162/qpy/00f0fe2fb30ad5cc450dac08b509cb8d4bfadbf3a7d8eab488d39c4be140d580.qpy,13,93,1.230209165951237,32632,109,5,104,postgres,large_size,1,success,0.39125674893148243,8192,1485645,"{""effective_cache_size"": ""2GB"", ""from_collapse_limit"": 1, ""hash_mem_multiplier"": ""1.94"", ""jit"": ""off"", ""join_collapse_limit"": 4, ""max_parallel_workers_per_gather"": 0, ""temp_buffers"": ""65MB"", ""temp_file_limit"": ""-1"", ""work_mem"": ""55MB""}",
00f8d59eee000223bf0530763bc8e4e2a8f3c37ed318e9906143918fe6aec287,/home/timlittau/Documents/InferQ/analysis/finetuned_rdbms_162/qpy/00f8d59eee000223bf0530763bc8e4e2a8f3c37ed318e9906143918fe6aec287.qpy,15,16,0.16872651618905365,8353,33,4,29,sqlite,large_size,0,success,0.0034040280152112246,64,4875,"{""automatic_index"": true, ""cache_mb"": 64, ""cache_spill"": false, ""db_path"": "":memory:"", ""journal_mode"": ""OFF"", ""locking_mode"": ""EXCLUSIVE"", ""mmap_mb"": 0, ""synchronous"": ""OFF"", ""temp_store"": ""FILE"", ""threads"": 1}",
00f8d59eee000223bf0530763bc8e4e2a8f3c37ed318e9906143918fe6aec287,/home/timlittau/Documents/InferQ/analysis/finetuned_rdbms_162/qpy/00f8d59eee000223bf0530763bc8e4e2a8f3c37ed318e9906143918fe6aec287.qpy,15,16,0.16872651618905365,8353,33,4,29,sqlite,large_size,1,success,0.002469344064593315,64,4875,"{""automatic_index"": true, ""cache_mb"": 64, ""cache_spill"": false, ""db_path"": "":memory:"", ""journal_mode"": ""OFF"", ""locking_mode"": ""EXCLUSIVE"", ""mmap_mb"": 0, ""synchronous"": ""OFF"", ""temp_store"": ""FILE"", ""threads"": 1}",
00f8d59eee000223bf0530763bc8e4e2a8f3c37ed318e9906143918fe6aec287,/home/timlittau/Documents/InferQ/analysis/finetuned_rdbms_162/qpy/00f8d59eee000223bf0530763bc8e4e2a8f3c37ed318e9906143918fe6aec287.qpy,15,16,0.16872651618905365,8353,33,4,29,duckdb,large_size,0,success,0.01814888301305473,64,12702,"{""max_temp_directory_size"": ""128GB"", ""memory_limit"": ""7409MB"", ""preserve_insertion_order"": true, ""temp_directory"": ""analysis/finetuned/rdbms162_all_engines_120s/tmp/large_size/duckdb"", ""threads"": 1}",
00f8d59eee000223bf0530763bc8e4e2a8f3c37ed318e9906143918fe6aec287,/home/timlittau/Documents/InferQ/analysis/finetuned_rdbms_162/qpy/00f8d59eee000223bf0530763bc8e4e2a8f3c37ed318e9906143918fe6aec287.qpy,15,16,0.16872651618905365,8353,33,4,29,duckdb,large_size,1,success,0.018853140994906425,64,12520,"{""max_temp_directory_size"": ""128GB"", ""memory_limit"": ""7409MB"", ""preserve_insertion_order"": true, ""temp_directory"": ""analysis/finetuned/rdbms162_all_engines_120s/tmp/large_size/duckdb"", ""threads"": 1}",
00f8d59eee000223bf0530763bc8e4e2a8f3c37ed318e9906143918fe6aec287,/home/timlittau/Documents/InferQ/analysis/finetuned_rdbms_162/qpy/00f8d59eee000223bf0530763bc8e4e2a8f3c37ed318e9906143918fe6aec287.qpy,15,16,0.16872651618905365,8353,33,4,29,postgres,large_size,0,success,0.005819462006911635,64,15333,"{""effective_cache_size"": ""2GB"", ""from_collapse_limit"": 1, ""hash_mem_multiplier"": ""1.94"", ""jit"": ""off"", ""join_collapse_limit"": 4, ""max_parallel_workers_per_gather"": 0, ""temp_buffers"": ""65MB"", ""temp_file_limit"": ""-1"", ""work_mem"": ""55MB""}",
00f8d59eee000223bf0530763bc8e4e2a8f3c37ed318e9906143918fe6aec287,/home/timlittau/Documents/InferQ/analysis/finetuned_rdbms_162/qpy/00f8d59eee000223bf0530763bc8e4e2a8f3c37ed318e9906143918fe6aec287.qpy,15,16,0.16872651618905365,8353,33,4,29,postgres,large_size,1,success,0.005317926174029708,64,15173,"{""effective_cache_size"": ""2GB"", ""from_collapse_limit"": 1, ""hash_mem_multiplier"": ""1.94"", ""jit"": ""off"", ""join_collapse_limit"": 4, ""max_parallel_workers_per_gather"": 0, ""temp_buffers"": ""65MB"", ""temp_file_limit"": ""-1"", ""work_mem"": ""55MB""}",
00fdba0ca5ff9b2d09a56fb7bae713216052ecae3430289dd0ed013b2ccf2c44,/home/timlittau/Documents/InferQ/analysis/finetuned_rdbms_162/qpy/00fdba0ca5ff9b2d09a56fb7bae713216052ecae3430289dd0ed013b2ccf2c44.qpy,4,47,0.47045514709316194,14813,53,4,49,sqlite,large_size,0,success,0.006997314980253577,16,4131,"{""automatic_index"": true, ""cache_mb"": 64, ""cache_spill"": false, ""db_path"": "":memory:"", ""journal_mode"": ""OFF"", ""locking_mode"": ""EXCLUSIVE"", ""mmap_mb"": 0, ""synchronous"": ""OFF"", ""temp_store"": ""FILE"", ""threads"": 1}",
00fdba0ca5ff9b2d09a56fb7bae713216052ecae3430289dd0ed013b2ccf2c44,/home/timlittau/Documents/InferQ/analysis/finetuned_rdbms_162/qpy/00fdba0ca5ff9b2d09a56fb7bae713216052ecae3430289dd0ed013b2ccf2c44.qpy,4,47,0.47045514709316194,14813,53,4,49,sqlite,large_size,1,success,0.005048026796430349,16,4131,"{""automatic_index"": true, ""cache_mb"": 64, ""cache_spill"": false, ""db_path"": "":memory:"", ""journal_mode"": ""OFF"", ""locking_mode"": ""EXCLUSIVE"", ""mmap_mb"": 0, ""synchronous"": ""OFF"", ""temp_store"": ""FILE"", ""threads"": 1}",
00fdba0ca5ff9b2d09a56fb7bae713216052ecae3430289dd0ed013b2ccf2c44,/home/timlittau/Documents/InferQ/analysis/finetuned_rdbms_162/qpy/00fdba0ca5ff9b2d09a56fb7bae713216052ecae3430289dd0ed013b2ccf2c44.qpy,4,47,0.47045514709316194,14813,53,4,49,duckdb,large_size,0,success,96.00909326900728,16,18762,"{""max_temp_directory_size"": ""128GB"", ""memory_limit"": ""7409MB"", ""preserve_insertion_order"": true, ""temp_directory"": ""analysis/finetuned/rdbms162_all_engines_120s/tmp/large_size/duckdb"", ""threads"": 1}",
00fdba0ca5ff9b2d09a56fb7bae713216052ecae3430289dd0ed013b2ccf2c44,/home/timlittau/Documents/InferQ/analysis/finetuned_rdbms_162/qpy/00fdba0ca5ff9b2d09a56fb7bae713216052ecae3430289dd0ed013b2ccf2c44.qpy,4,47,0.47045514709316194,14813,53,4,49,duckdb,large_size,1,success,96.24407688411884,16,18702,"{""max_temp_directory_size"": ""128GB"", ""memory_limit"": ""7409MB"", ""preserve_insertion_order"": true, ""temp_directory"": ""analysis/finetuned/rdbms162_all_engines_120s/tmp/large_size/duckdb"", ""threads"": 1}",
00fdba0ca5ff9b2d09a56fb7bae713216052ecae3430289dd0ed013b2ccf2c44,/home/timlittau/Documents/InferQ/analysis/finetuned_rdbms_162/qpy/00fdba0ca5ff9b2d09a56fb7bae713216052ecae3430289dd0ed013b2ccf2c44.qpy,4,47,0.47045514709316194,14813,53,4,49,postgres,large_size,0,success,0.013951129047200084,16,19561,"{""effective_cache_size"": ""2GB"", ""from_collapse_limit"": 1, ""hash_mem_multiplier"": ""1.94"", ""jit"": ""off"", ""join_collapse_limit"": 4, ""max_parallel_workers_per_gather"": 0, ""temp_buffers"": ""65MB"", ""temp_file_limit"": ""-1"", ""work_mem"": ""55MB""}",
00fdba0ca5ff9b2d09a56fb7bae713216052ecae3430289dd0ed013b2ccf2c44,/home/timlittau/Documents/InferQ/analysis/finetuned_rdbms_162/qpy/00fdba0ca5ff9b2d09a56fb7bae713216052ecae3430289dd0ed013b2ccf2c44.qpy,4,47,0.47045514709316194,14813,53,4,49,postgres,large_size,1,success,0.014760114019736648,16,19561,"{""effective_cache_size"": ""2GB"", ""from_collapse_limit"": 1, ""hash_mem_multiplier"": ""1.94"", ""jit"": ""off"", ""join_collapse_limit"": 4, ""max_parallel_workers_per_gather"": 0, ""temp_buffers"": ""65MB"", ""temp_file_limit"": ""-1"", ""work_mem"": ""55MB""}",
00fe1a12e354036ecd34d0a97f1946ec1272dfe90a20773a3ad4207dd4910679,/home/timlittau/Documents/InferQ/analysis/finetuned_rdbms_162/qpy/00fe1a12e354036ecd34d0a97f1946ec1272dfe90a20773a3ad4207dd4910679.qpy,2,11,0.08979538781568408,4496,16,5,11,sqlite,large_size,0,success,0.0014961110427975655,4,4131,"{""automatic_index"": true, ""cache_mb"": 64, ""cache_spill"": false, ""db_path"": "":memory:"", ""journal_mode"": ""OFF"", ""locking_mode"": ""EXCLUSIVE"", ""mmap_mb"": 0, ""synchronous"": ""OFF"", ""temp_store"": ""FILE"", ""threads"": 1}",
00fe1a12e354036ecd34d0a97f1946ec1272dfe90a20773a3ad4207dd4910679,/home/timlittau/Documents/InferQ/analysis/finetuned_rdbms_162/qpy/00fe1a12e354036ecd34d0a97f1946ec1272dfe90a20773a3ad4207dd4910679.qpy,2,11,0.08979538781568408,4496,16,5,11,sqlite,large_size,1,success,0.0010810359381139278,4,4131,"{""automatic_index"": true, ""cache_mb"": 64, ""cache_spill"": false, ""db_path"": "":memory:"", ""journal_mode"": ""OFF"", ""locking_mode"": ""EXCLUSIVE"", ""mmap_mb"": 0, ""synchronous"": ""OFF"", ""temp_store"": ""FILE"", ""threads"": 1}",
00fe1a12e354036ecd34d0a97f1946ec1272dfe90a20773a3ad4207dd4910679,/home/timlittau/Documents/InferQ/analysis/finetuned_rdbms_162/qpy/00fe1a12e354036ecd34d0a97f1946ec1272dfe90a20773a3ad4207dd4910679.qpy,2,11,0.08979538781568408,4496,16,5,11,duckdb,large_size,0,success,0.00906133302487433,4,8885,"{""max_temp_directory_size"": ""128GB"", ""memory_limit"": ""7409MB"", ""preserve_insertion_order"": true, ""temp_directory"": ""analysis/finetuned/rdbms162_all_engines_120s/tmp/large_size/duckdb"", ""threads"": 1}",
00fe1a12e354036ecd34d0a97f1946ec1272dfe90a20773a3ad4207dd4910679,/home/timlittau/Documents/InferQ/analysis/finetuned_rdbms_162/qpy/00fe1a12e354036ecd34d0a97f1946ec1272dfe90a20773a3ad4207dd4910679.qpy,2,11,0.08979538781568408,4496,16,5,11,duckdb,large_size,1,success,0.009123702999204397,4,8539,"{""max_temp_directory_size"": ""128GB"", ""memory_limit"": ""7409MB"", ""preserve_insertion_order"": true, ""temp_directory"": ""analysis/finetuned/rdbms162_all_engines_120s/tmp/large_size/duckdb"", ""threads"": 1}",
00fe1a12e354036ecd34d0a97f1946ec1272dfe90a20773a3ad4207dd4910679,/home/timlittau/Documents/InferQ/analysis/finetuned_rdbms_162/qpy/00fe1a12e354036ecd34d0a97f1946ec1272dfe90a20773a3ad4207dd4910679.qpy,2,11,0.08979538781568408,4496,16,5,11,postgres,large_size,0,success,0.0057273791171610355,4,9021,"{""effective_cache_size"": ""2GB"", ""from_collapse_limit"": 1, ""hash_mem_multiplier"": ""1.94"", ""jit"": ""off"", ""join_collapse_limit"": 4, ""max_parallel_workers_per_gather"": 0, ""temp_buffers"": ""65MB"", ""temp_file_limit"": ""-1"", ""work_mem"": ""55MB""}",
00fe1a12e354036ecd34d0a97f1946ec1272dfe90a20773a3ad4207dd4910679,/home/timlittau/Documents/InferQ/analysis/finetuned_rdbms_162/qpy/00fe1a12e354036ecd34d0a97f1946ec1272dfe90a20773a3ad4207dd4910679.qpy,2,11,0.08979538781568408,4496,16,5,11,postgres,large_size,1,success,0.005577951204031706,4,9021,"{""effective_cache_size"": ""2GB"", ""from_collapse_limit"": 1, ""hash_mem_multiplier"": ""1.94"", ""jit"": ""off"", ""join_collapse_limit"": 4, ""max_parallel_workers_per_gather"": 0, ""temp_buffers"": ""65MB"", ""temp_file_limit"": ""-1"", ""work_mem"": ""55MB""}",
00fe6eeb68b9a8b205cdf11c874a07dee5bfdf37b864842b92de0b4f3a7b65c0,/home/timlittau/Documents/InferQ/analysis/finetuned_rdbms_162/qpy/00fe6eeb68b9a8b205cdf11c874a07dee5bfdf37b864842b92de0b4f3a7b65c0.qpy,7,55,0.5933729850221425,18352,65,5,60,sqlite,large_size,0,success,0.012819478055462241,128,8401,"{""automatic_index"": true, ""cache_mb"": 64, ""cache_spill"": false, ""db_path"": "":memory:"", ""journal_mode"": ""OFF"", ""locking_mode"": ""EXCLUSIVE"", ""mmap_mb"": 0, ""synchronous"": ""OFF"", ""temp_store"": ""FILE"", ""threads"": 1}",
00fe6eeb68b9a8b205cdf11c874a07dee5bfdf37b864842b92de0b4f3a7b65c0,/home/timlittau/Documents/InferQ/analysis/finetuned_rdbms_162/qpy/00fe6eeb68b9a8b205cdf11c874a07dee5bfdf37b864842b92de0b4f3a7b65c0.qpy,7,55,0.5933729850221425,18352,65,5,60,sqlite,large_size,1,success,0.010703874984756112,128,8401,"{""automatic_index"": true, ""cache_mb"": 64, ""cache_spill"": false, ""db_path"": "":memory:"", ""journal_mode"": ""OFF"", ""locking_mode"": ""EXCLUSIVE"", ""mmap_mb"": 0, ""synchronous"": ""OFF"", ""temp_store"": ""FILE"", ""threads"": 1}",
00fe6eeb68b9a8b205cdf11c874a07dee5bfdf37b864842b92de0b4f3a7b65c0,/home/timlittau/Documents/InferQ/analysis/finetuned_rdbms_162/qpy/00fe6eeb68b9a8b205cdf11c874a07dee5bfdf37b864842b92de0b4f3a7b65c0.qpy,7,55,0.5933729850221425,18352,65,5,60,duckdb,large_size,0,success,0.6765460281167179,128,22577,"{""max_temp_directory_size"": ""128GB"", ""memory_limit"": ""7409MB"", ""preserve_insertion_order"": true, ""temp_directory"": ""analysis/finetuned/rdbms162_all_engines_120s/tmp/large_size/duckdb"", ""threads"": 1}",
00fe6eeb68b9a8b205cdf11c874a07dee5bfdf37b864842b92de0b4f3a7b65c0,/home/timlittau/Documents/InferQ/analysis/finetuned_rdbms_162/qpy/00fe6eeb68b9a8b205cdf11c874a07dee5bfdf37b864842b92de0b4f3a7b65c0.qpy,7,55,0.5933729850221425,18352,65,5,60,duckdb,large_size,1,success,0.671431619906798,128,22639,"{""max_temp_directory_size"": ""128GB"", ""memory_limit"": ""7409MB"", ""preserve_insertion_order"": true, ""temp_directory"": ""analysis/finetuned/rdbms162_all_engines_120s/tmp/large_size/duckdb"", ""threads"": 1}",
00fe6eeb68b9a8b205cdf11c874a07dee5bfdf37b864842b92de0b4f3a7b65c0,/home/timlittau/Documents/InferQ/analysis/finetuned_rdbms_162/qpy/00fe6eeb68b9a8b205cdf11c874a07dee5bfdf37b864842b92de0b4f3a7b65c0.qpy,7,55,0.5933729850221425,18352,65,5,60,postgres,large_size,0,success,0.022109310841187835,128,28051,"{""effective_cache_size"": ""2GB"", ""from_collapse_limit"": 1, ""hash_mem_multiplier"": ""1.94"", ""jit"": ""off"", ""join_collapse_limit"": 4, ""max_parallel_workers_per_gather"": 0, ""temp_buffers"": ""65MB"", ""temp_file_limit"": ""-1"", ""work_mem"": ""55MB""}",
00fe6eeb68b9a8b205cdf11c874a07dee5bfdf37b864842b92de0b4f3a7b65c0,/home/timlittau/Documents/InferQ/analysis/finetuned_rdbms_162/qpy/00fe6eeb68b9a8b205cdf11c874a07dee5bfdf37b864842b92de0b4f3a7b65c0.qpy,7,55,0.5933729850221425,18352,65,5,60,postgres,large_size,1,success,0.022027580998837948,128,28211,"{""effective_cache_size"": ""2GB"", ""from_collapse_limit"": 1, ""hash_mem_multiplier"": ""1.94"", ""jit"": ""off"", ""join_collapse_limit"": 4, ""max_parallel_workers_per_gather"": 0, ""temp_buffers"": ""65MB"", ""temp_file_limit"": ""-1"", ""work_mem"": ""55MB""}",
00fe9f56c7b1224adf2367b79631d9500cce42514d3fceaad60845370241468f,/home/timlittau/Documents/InferQ/analysis/finetuned_rdbms_162/qpy/00fe9f56c7b1224adf2367b79631d9500cce42514d3fceaad60845370241468f.qpy,7,25,0.22849096008576453,10041,36,6,30,sqlite,large_size,0,success,0.004260140936821699,128,9025,"{""automatic_index"": true, ""cache_mb"": 64, ""cache_spill"": false, ""db_path"": "":memory:"", ""journal_mode"": ""OFF"", ""locking_mode"": ""EXCLUSIVE"", ""mmap_mb"": 0, ""synchronous"": ""OFF"", ""temp_store"": ""FILE"", ""threads"": 1}",
00fe9f56c7b1224adf2367b79631d9500cce42514d3fceaad60845370241468f,/home/timlittau/Documents/InferQ/analysis/finetuned_rdbms_162/qpy/00fe9f56c7b1224adf2367b79631d9500cce42514d3fceaad60845370241468f.qpy,7,25,0.22849096008576453,10041,36,6,30,sqlite,large_size,1,success,0.0031187429558485746,128,8401,"{""automatic_index"": true, ""cache_mb"": 64, ""cache_spill"": false, ""db_path"": "":memory:"", ""journal_mode"": ""OFF"", ""locking_mode"": ""EXCLUSIVE"", ""mmap_mb"": 0, ""synchronous"": ""OFF"", ""temp_store"": ""FILE"", ""threads"": 1}",
00fe9f56c7b1224adf2367b79631d9500cce42514d3fceaad60845370241468f,/home/timlittau/Documents/InferQ/analysis/finetuned_rdbms_162/qpy/00fe9f56c7b1224adf2367b79631d9500cce42514d3fceaad60845370241468f.qpy,7,25,0.22849096008576453,10041,36,6,30,duckdb,large_size,0,success,0.021614541998133063,128,13990,"{""max_temp_directory_size"": ""128GB"", ""memory_limit"": ""7409MB"", ""preserve_insertion_order"": true, ""temp_directory"": ""analysis/finetuned/rdbms162_all_engines_120s/tmp/large_size/duckdb"", ""threads"": 1}",
00fe9f56c7b1224adf2367b79631d9500cce42514d3fceaad60845370241468f,/home/timlittau/Documents/InferQ/analysis/finetuned_rdbms_162/qpy/00fe9f56c7b1224adf2367b79631d9500cce42514d3fceaad60845370241468f.qpy,7,25,0.22849096008576453,10041,36,6,30,duckdb,large_size,1,success,0.021546233911067247,128,13832,"{""max_temp_directory_size"": ""128GB"", ""memory_limit"": ""7409MB"", ""preserve_insertion_order"": true, ""temp_directory"": ""analysis/finetuned/rdbms162_all_engines_120s/tmp/large_size/duckdb"", ""threads"": 1}",
00fe9f56c7b1224adf2367b79631d9500cce42514d3fceaad60845370241468f,/home/timlittau/Documents/InferQ/analysis/finetuned_rdbms_162/qpy/00fe9f56c7b1224adf2367b79631d9500cce42514d3fceaad60845370241468f.qpy,7,25,0.22849096008576453,10041,36,6,30,postgres,large_size,0,success,0.0060821049846708775,128,19901,"{""effective_cache_size"": ""2GB"", ""from_collapse_limit"": 1, ""hash_mem_multiplier"": ""1.94"", ""jit"": ""off"", ""join_collapse_limit"": 4, ""max_parallel_workers_per_gather"": 0, ""temp_buffers"": ""65MB"", ""temp_file_limit"": ""-1"", ""work_mem"": ""55MB""}",
00fe9f56c7b1224adf2367b79631d9500cce42514d3fceaad60845370241468f,/home/timlittau/Documents/InferQ/analysis/finetuned_rdbms_162/qpy/00fe9f56c7b1224adf2367b79631d9500cce42514d3fceaad60845370241468f.qpy,7,25,0.22849096008576453,10041,36,6,30,postgres,large_size,1,success,0.009549099951982498,128,19741,"{""effective_cache_size"": ""2GB"", ""from_collapse_limit"": 1, ""hash_mem_multiplier"": ""1.94"", ""jit"": ""off"", ""join_collapse_limit"": 4, ""max_parallel_workers_per_gather"": 0, ""temp_buffers"": ""65MB"", ""temp_file_limit"": ""-1"", ""work_mem"": ""55MB""}",
00feaeb4ea5158016e28d4976d72f986db5890765873a684bb5ca1edaa68bcc4,/home/timlittau/Documents/InferQ/analysis/finetuned_rdbms_162/qpy/00feaeb4ea5158016e28d4976d72f986db5890765873a684bb5ca1edaa68bcc4.qpy,12,25,0.2977581541053951,10321,40,5,35,sqlite,large_size,0,success,0.004699368961155415,8,4131,"{""automatic_index"": true, ""cache_mb"": 64, ""cache_spill"": false, ""db_path"": "":memory:"", ""journal_mode"": ""OFF"", ""locking_mode"": ""EXCLUSIVE"", ""mmap_mb"": 0, ""synchronous"": ""OFF"", ""temp_store"": ""FILE"", ""threads"": 1}",
00feaeb4ea5158016e28d4976d72f986db5890765873a684bb5ca1edaa68bcc4,/home/timlittau/Documents/InferQ/analysis/finetuned_rdbms_162/qpy/00feaeb4ea5158016e28d4976d72f986db5890765873a684bb5ca1edaa68bcc4.qpy,12,25,0.2977581541053951,10321,40,5,35,sqlite,large_size,1,success,0.0028683480340987444,8,4131,"{""automatic_index"": true, ""cache_mb"": 64, ""cache_spill"": false, ""db_path"": "":memory:"", ""journal_mode"": ""OFF"", ""locking_mode"": ""EXCLUSIVE"", ""mmap_mb"": 0, ""synchronous"": ""OFF"", ""temp_store"": ""FILE"", ""threads"": 1}",
00feaeb4ea5158016e28d4976d72f986db5890765873a684bb5ca1edaa68bcc4,/home/timlittau/Documents/InferQ/analysis/finetuned_rdbms_162/qpy/00feaeb4ea5158016e28d4976d72f986db5890765873a684bb5ca1edaa68bcc4.qpy,12,25,0.2977581541053951,10321,40,5,35,duckdb,large_size,0,success,0.049816085025668144,8,14232,"{""max_temp_directory_size"": ""128GB"", ""memory_limit"": ""7409MB"", ""preserve_insertion_order"": true, ""temp_directory"": ""analysis/finetuned/rdbms162_all_engines_120s/tmp/large_size/duckdb"", ""threads"": 1}",
00feaeb4ea5158016e28d4976d72f986db5890765873a684bb5ca1edaa68bcc4,/home/timlittau/Documents/InferQ/analysis/finetuned_rdbms_162/qpy/00feaeb4ea5158016e28d4976d72f986db5890765873a684bb5ca1edaa68bcc4.qpy,12,25,0.2977581541053951,10321,40,5,35,duckdb,large_size,1,success,0.04733051918447018,8,14272,"{""max_temp_directory_size"": ""128GB"", ""memory_limit"": ""7409MB"", ""preserve_insertion_order"": true, ""temp_directory"": ""analysis/finetuned/rdbms162_all_engines_120s/tmp/large_size/duckdb"", ""threads"": 1}",
00feaeb4ea5158016e28d4976d72f986db5890765873a684bb5ca1edaa68bcc4,/home/timlittau/Documents/InferQ/analysis/finetuned_rdbms_162/qpy/00feaeb4ea5158016e28d4976d72f986db5890765873a684bb5ca1edaa68bcc4.qpy,12,25,0.2977581541053951,10321,40,5,35,postgres,large_size,0,success,0.006778678158298135,8,15726,"{""effective_cache_size"": ""2GB"", ""from_collapse_limit"": 1, ""hash_mem_multiplier"": ""1.94"", ""jit"": ""off"", ""join_collapse_limit"": 4, ""max_parallel_workers_per_gather"": 0, ""temp_buffers"": ""65MB"", ""temp_file_limit"": ""-1"", ""work_mem"": ""55MB""}",
00feaeb4ea5158016e28d4976d72f986db5890765873a684bb5ca1edaa68bcc4,/home/timlittau/Documents/InferQ/analysis/finetuned_rdbms_162/qpy/00feaeb4ea5158016e28d4976d72f986db5890765873a684bb5ca1edaa68bcc4.qpy,12,25,0.2977581541053951,10321,40,5,35,postgres,large_size,1,success,0.011221917113289237,8,15726,"{""effective_cache_size"": ""2GB"", ""from_collapse_limit"": 1, ""hash_mem_multiplier"": ""1.94"", ""jit"": ""off"", ""join_collapse_limit"": 4, ""max_parallel_workers_per_gather"": 0, ""temp_buffers"": ""65MB"", ""temp_file_limit"": ""-1"", ""work_mem"": ""55MB""}",
010c503261a2df2bbb1a3e08146f314fa9bf79b97cb05a52885eda911e13aea1,/home/timlittau/Documents/InferQ/analysis/finetuned_rdbms_162/qpy/010c503261a2df2bbb1a3e08146f314fa9bf79b97cb05a52885eda911e13aea1.qpy,15,1,0.03236785903573036,3589,16,2,14,sqlite,small_size,0,success,0.0011233040131628513,2,4131,"{""automatic_index"": true, ""cache_mb"": 64, ""cache_spill"": false, ""db_path"": "":memory:"", ""journal_mode"": ""OFF"", ""locking_mode"": ""EXCLUSIVE"", ""mmap_mb"": 0, ""synchronous"": ""OFF"", ""temp_store"": ""FILE"", ""threads"": 1}",
010c503261a2df2bbb1a3e08146f314fa9bf79b97cb05a52885eda911e13aea1,/home/timlittau/Documents/InferQ/analysis/finetuned_rdbms_162/qpy/010c503261a2df2bbb1a3e08146f314fa9bf79b97cb05a52885eda911e13aea1.qpy,15,1,0.03236785903573036,3589,16,2,14,sqlite,small_size,1,success,0.0008509489707648754,2,4131,"{""automatic_index"": true, ""cache_mb"": 64, ""cache_spill"": false, ""db_path"": "":memory:"", ""journal_mode"": ""OFF"", ""locking_mode"": ""EXCLUSIVE"", ""mmap_mb"": 0, ""synchronous"": ""OFF"", ""temp_store"": ""FILE"", ""threads"": 1}",
010c503261a2df2bbb1a3e08146f314fa9bf79b97cb05a52885eda911e13aea1,/home/timlittau/Documents/InferQ/analysis/finetuned_rdbms_162/qpy/010c503261a2df2bbb1a3e08146f314fa9bf79b97cb05a52885eda911e13aea1.qpy,15,1,0.03236785903573036,3589,16,2,14,duckdb,small_size,0,success,0.006433091126382351,2,7948,"{""max_temp_directory_size"": ""256GB"", ""memory_limit"": ""10780MB"", ""preserve_insertion_order"": false, ""temp_directory"": ""analysis/finetuned/rdbms162_all_engines_120s/tmp/small_size/duckdb"", ""threads"": 2}",
010c503261a2df2bbb1a3e08146f314fa9bf79b97cb05a52885eda911e13aea1,/home/timlittau/Documents/InferQ/analysis/finetuned_rdbms_162/qpy/010c503261a2df2bbb1a3e08146f314fa9bf79b97cb05a52885eda911e13aea1.qpy,15,1,0.03236785903573036,3589,16,2,14,duckdb,small_size,1,success,0.007130359997972846,2,7850,"{""max_temp_directory_size"": ""256GB"", ""memory_limit"": ""10780MB"", ""preserve_insertion_order"": false, ""temp_directory"": ""analysis/finetuned/rdbms162_all_engines_120s/tmp/small_size/duckdb"", ""threads"": 2}",
010c503261a2df2bbb1a3e08146f314fa9bf79b97cb05a52885eda911e13aea1,/home/timlittau/Documents/InferQ/analysis/finetuned_rdbms_162/qpy/010c503261a2df2bbb1a3e08146f314fa9bf79b97cb05a52885eda911e13aea1.qpy,15,1,0.03236785903573036,3589,16,2,14,postgres,small_size,0,success,0.00237046810798347,2,9258,"{""effective_cache_size"": ""8GB"", ""from_collapse_limit"": 1, ""hash_mem_multiplier"": ""2.0"", ""jit"": ""off"", ""join_collapse_limit"": 1, ""max_parallel_workers_per_gather"": 4, ""temp_buffers"": ""128MB"", ""temp_file_limit"": ""-1"", ""work_mem"": ""256MB""}",
010c503261a2df2bbb1a3e08146f314fa9bf79b97cb05a52885eda911e13aea1,/home/timlittau/Documents/InferQ/analysis/finetuned_rdbms_162/qpy/010c503261a2df2bbb1a3e08146f314fa9bf79b97cb05a52885eda911e13aea1.qpy,15,1,0.03236785903573036,3589,16,2,14,postgres,small_size,1,success,0.0023353039287030697,2,9258,"{""effective_cache_size"": ""8GB"", ""from_collapse_limit"": 1, ""hash_mem_multiplier"": ""2.0"", ""jit"": ""off"", ""join_collapse_limit"": 1, ""max_parallel_workers_per_gather"": 4, ""temp_buffers"": ""128MB"", ""temp_file_limit"": ""-1"", ""work_mem"": ""256MB""}",
0125ca45f129b8d6e99fbb118aa7434f1bdb35d8ba4b862215c8e00be5d424d8,/home/timlittau/Documents/InferQ/analysis/finetuned_rdbms_162/qpy/0125ca45f129b8d6e99fbb118aa7434f1bdb35d8ba4b862215c8e00be5d424d8.qpy,10,39,0.35749077680520713,14035,52,5,47,sqlite,large_size,0,success,0.01410205103456974,1024,59245,"{""automatic_index"": true, ""cache_mb"": 64, ""cache_spill"": false, ""db_path"": "":memory:"", ""journal_mode"": ""OFF"", ""locking_mode"": ""EXCLUSIVE"", ""mmap_mb"": 0, ""synchronous"": ""OFF"", ""temp_store"": ""FILE"", ""threads"": 1}",
0125ca45f129b8d6e99fbb118aa7434f1bdb35d8ba4b862215c8e00be5d424d8,/home/timlittau/Documents/InferQ/analysis/finetuned_rdbms_162/qpy/0125ca45f129b8d6e99fbb118aa7434f1bdb35d8ba4b862215c8e00be5d424d8.qpy,10,39,0.35749077680520713,14035,52,5,47,sqlite,large_size,1,success,0.01160086109302938,1024,59245,"{""automatic_index"": true, ""cache_mb"": 64, ""cache_spill"": false, ""db_path"": "":memory:"", ""journal_mode"": ""OFF"", ""locking_mode"": ""EXCLUSIVE"", ""mmap_mb"": 0, ""synchronous"": ""OFF"", ""temp_store"": ""FILE"", ""threads"": 1}",
0125ca45f129b8d6e99fbb118aa7434f1bdb35d8ba4b862215c8e00be5d424d8,/home/timlittau/Documents/InferQ/analysis/finetuned_rdbms_162/qpy/0125ca45f129b8d6e99fbb118aa7434f1bdb35d8ba4b862215c8e00be5d424d8.qpy,10,39,0.35749077680520713,14035,52,5,47,duckdb,large_size,0,success,0.0347065560054034,1024,59892,"{""max_temp_directory_size"": ""128GB"", ""memory_limit"": ""7409MB"", ""preserve_insertion_order"": true, ""temp_directory"": ""analysis/finetuned/rdbms162_all_engines_120s/tmp/large_size/duckdb"", ""threads"": 1}",
0125ca45f129b8d6e99fbb118aa7434f1bdb35d8ba4b862215c8e00be5d424d8,/home/timlittau/Documents/InferQ/analysis/finetuned_rdbms_162/qpy/0125ca45f129b8d6e99fbb118aa7434f1bdb35d8ba4b862215c8e00be5d424d8.qpy,10,39,0.35749077680520713,14035,52,5,47,duckdb,large_size,1,success,0.039413471007719636,1024,59830,"{""max_temp_directory_size"": ""128GB"", ""memory_limit"": ""7409MB"", ""preserve_insertion_order"": true, ""temp_directory"": ""analysis/finetuned/rdbms162_all_engines_120s/tmp/large_size/duckdb"", ""threads"": 1}",
0125ca45f129b8d6e99fbb118aa7434f1bdb35d8ba4b862215c8e00be5d424d8,/home/timlittau/Documents/InferQ/analysis/finetuned_rdbms_162/qpy/0125ca45f129b8d6e99fbb118aa7434f1bdb35d8ba4b862215c8e00be5d424d8.qpy,10,39,0.35749077680520713,14035,52,5,47,postgres,large_size,0,success,0.017478497931733727,1024,74176,"{""effective_cache_size"": ""2GB"", ""from_collapse_limit"": 1, ""hash_mem_multiplier"": ""1.94"", ""jit"": ""off"", ""join_collapse_limit"": 4, ""max_parallel_workers_per_gather"": 0, ""temp_buffers"": ""65MB"", ""temp_file_limit"": ""-1"", ""work_mem"": ""55MB""}",
0125ca45f129b8d6e99fbb118aa7434f1bdb35d8ba4b862215c8e00be5d424d8,/home/timlittau/Documents/InferQ/analysis/finetuned_rdbms_162/qpy/0125ca45f129b8d6e99fbb118aa7434f1bdb35d8ba4b862215c8e00be5d424d8.qpy,10,39,0.35749077680520713,14035,52,5,47,postgres,large_size,1,success,0.017296049976721406,1024,74336,"{""effective_cache_size"": ""2GB"", ""from_collapse_limit"": 1, ""hash_mem_multiplier"": ""1.94"", ""jit"": ""off"", ""join_collapse_limit"": 4, ""max_parallel_workers_per_gather"": 0, ""temp_buffers"": ""65MB"", ""temp_file_limit"": ""-1"", ""work_mem"": ""55MB""}",
01263d765a198bbe341b92fe306ccd088a91be3347ee2b6e0a21c853a308dcda,/home/timlittau/Documents/InferQ/analysis/finetuned_rdbms_162/qpy/01263d765a198bbe341b92fe306ccd088a91be3347ee2b6e0a21c853a308dcda.qpy,6,60,0.6145673568826169,19470,69,5,64,sqlite,large_size,0,success,0.009279515827074647,64,4875,"{""automatic_index"": true, ""cache_mb"": 64, ""cache_spill"": false, ""db_path"": "":memory:"", ""journal_mode"": ""OFF"", ""locking_mode"": ""EXCLUSIVE"", ""mmap_mb"": 0, ""synchronous"": ""OFF"", ""temp_store"": ""FILE"", ""threads"": 1}",
01263d765a198bbe341b92fe306ccd088a91be3347ee2b6e0a21c853a308dcda,/home/timlittau/Documents/InferQ/analysis/finetuned_rdbms_162/qpy/01263d765a198bbe341b92fe306ccd088a91be3347ee2b6e0a21c853a308dcda.qpy,6,60,0.6145673568826169,19470,69,5,64,sqlite,large_size,1,success,0.0064843399450182915,64,4875,"{""automatic_index"": true, ""cache_mb"": 64, ""cache_spill"": false, ""db_path"": "":memory:"", ""journal_mode"": ""OFF"", ""locking_mode"": ""EXCLUSIVE"", ""mmap_mb"": 0, ""synchronous"": ""OFF"", ""temp_store"": ""FILE"", ""threads"": 1}",
01263d765a198bbe341b92fe306ccd088a91be3347ee2b6e0a21c853a308dcda,/home/timlittau/Documents/InferQ/analysis/finetuned_rdbms_162/qpy/01263d765a198bbe341b92fe306ccd088a91be3347ee2b6e0a21c853a308dcda.qpy,6,60,0.6145673568826169,19470,69,5,64,duckdb,large_size,0,success,0.6576128730084747,64,23511,"{""max_temp_directory_size"": ""128GB"", ""memory_limit"": ""7409MB"", ""preserve_insertion_order"": true, ""temp_directory"": ""analysis/finetuned/rdbms162_all_engines_120s/tmp/large_size/duckdb"", ""threads"": 1}",
01263d765a198bbe341b92fe306ccd088a91be3347ee2b6e0a21c853a308dcda,/home/timlittau/Documents/InferQ/analysis/finetuned_rdbms_162/qpy/01263d765a198bbe341b92fe306ccd088a91be3347ee2b6e0a21c853a308dcda.qpy,6,60,0.6145673568826169,19470,69,5,64,duckdb,large_size,1,success,0.6501089059747756,64,23137,"{""max_temp_directory_size"": ""128GB"", ""memory_limit"": ""7409MB"", ""preserve_insertion_order"": true, ""temp_directory"": ""analysis/finetuned/rdbms162_all_engines_120s/tmp/large_size/duckdb"", ""threads"": 1}",
01263d765a198bbe341b92fe306ccd088a91be3347ee2b6e0a21c853a308dcda,/home/timlittau/Documents/InferQ/analysis/finetuned_rdbms_162/qpy/01263d765a198bbe341b92fe306ccd088a91be3347ee2b6e0a21c853a308dcda.qpy,6,60,0.6145673568826169,19470,69,5,64,postgres,large_size,0,success,0.01692241197451949,64,25658,"{""effective_cache_size"": ""2GB"", ""from_collapse_limit"": 1, ""hash_mem_multiplier"": ""1.94"", ""jit"": ""off"", ""join_collapse_limit"": 4, ""max_parallel_workers_per_gather"": 0, ""temp_buffers"": ""65MB"", ""temp_file_limit"": ""-1"", ""work_mem"": ""55MB""}",
01263d765a198bbe341b92fe306ccd088a91be3347ee2b6e0a21c853a308dcda,/home/timlittau/Documents/InferQ/analysis/finetuned_rdbms_162/qpy/01263d765a198bbe341b92fe306ccd088a91be3347ee2b6e0a21c853a308dcda.qpy,6,60,0.6145673568826169,19470,69,5,64,postgres,large_size,1,success,0.018535478971898556,64,25498,"{""effective_cache_size"": ""2GB"", ""from_collapse_limit"": 1, ""hash_mem_multiplier"": ""1.94"", ""jit"": ""off"", ""join_collapse_limit"": 4, ""max_parallel_workers_per_gather"": 0, ""temp_buffers"": ""65MB"", ""temp_file_limit"": ""-1"", ""work_mem"": ""55MB""}",
0134df7b8ca72145731d4fccca722f706aeca415b5c1fec402181619927408e2,/home/timlittau/Documents/InferQ/analysis/finetuned_rdbms_162/qpy/0134df7b8ca72145731d4fccca722f706aeca415b5c1fec402181619927408e2.qpy,7,49,0.5190472828689963,17279,61,7,54,sqlite,small_size,0,success,0.009892736095935106,128,8401,"{""automatic_index"": true, ""cache_mb"": 64, ""cache_spill"": false, ""db_path"": "":memory:"", ""journal_mode"": ""OFF"", ""locking_mode"": ""EXCLUSIVE"", ""mmap_mb"": 0, ""synchronous"": ""OFF"", ""temp_store"": ""FILE"", ""threads"": 1}",
0134df7b8ca72145731d4fccca722f706aeca415b5c1fec402181619927408e2,/home/timlittau/Documents/InferQ/analysis/finetuned_rdbms_162/qpy/0134df7b8ca72145731d4fccca722f706aeca415b5c1fec402181619927408e2.qpy,7,49,0.5190472828689963,17279,61,7,54,sqlite,small_size,1,success,0.007714438019320369,128,8401,"{""automatic_index"": true, ""cache_mb"": 64, ""cache_spill"": false, ""db_path"": "":memory:"", ""journal_mode"": ""OFF"", ""locking_mode"": ""EXCLUSIVE"", ""mmap_mb"": 0, ""synchronous"": ""OFF"", ""temp_store"": ""FILE"", ""threads"": 1}",
0134df7b8ca72145731d4fccca722f706aeca415b5c1fec402181619927408e2,/home/timlittau/Documents/InferQ/analysis/finetuned_rdbms_162/qpy/0134df7b8ca72145731d4fccca722f706aeca415b5c1fec402181619927408e2.qpy,7,49,0.5190472828689963,17279,61,7,54,duckdb,small_size,0,success,0.44149566791020334,128,21258,"{""max_temp_directory_size"": ""256GB"", ""memory_limit"": ""10780MB"", ""preserve_insertion_order"": false, ""temp_directory"": ""analysis/finetuned/rdbms162_all_engines_120s/tmp/small_size/duckdb"", ""threads"": 2}",
0134df7b8ca72145731d4fccca722f706aeca415b5c1fec402181619927408e2,/home/timlittau/Documents/InferQ/analysis/finetuned_rdbms_162/qpy/0134df7b8ca72145731d4fccca722f706aeca415b5c1fec402181619927408e2.qpy,7,49,0.5190472828689963,17279,61,7,54,duckdb,small_size,1,success,0.44054939900524914,128,21168,"{""max_temp_directory_size"": ""256GB"", ""memory_limit"": ""10780MB"", ""preserve_insertion_order"": false, ""temp_directory"": ""analysis/finetuned/rdbms162_all_engines_120s/tmp/small_size/duckdb"", ""threads"": 2}",
0134df7b8ca72145731d4fccca722f706aeca415b5c1fec402181619927408e2,/home/timlittau/Documents/InferQ/analysis/finetuned_rdbms_162/qpy/0134df7b8ca72145731d4fccca722f706aeca415b5c1fec402181619927408e2.qpy,7,49,0.5190472828689963,17279,61,7,54,postgres,small_size,0,success,0.018163023982197046,128,26978,"{""effective_cache_size"": ""8GB"", ""from_collapse_limit"": 1, ""hash_mem_multiplier"": ""2.0"", ""jit"": ""off"", ""join_collapse_limit"": 1, ""max_parallel_workers_per_gather"": 4, ""temp_buffers"": ""128MB"", ""temp_file_limit"": ""-1"", ""work_mem"": ""256MB""}",
0134df7b8ca72145731d4fccca722f706aeca415b5c1fec402181619927408e2,/home/timlittau/Documents/InferQ/analysis/finetuned_rdbms_162/qpy/0134df7b8ca72145731d4fccca722f706aeca415b5c1fec402181619927408e2.qpy,7,49,0.5190472828689963,17279,61,7,54,postgres,small_size,1,success,0.019456219160929322,128,26978,"{""effective_cache_size"": ""8GB"", ""from_collapse_limit"": 1, ""hash_mem_multiplier"": ""2.0"", ""jit"": ""off"", ""join_collapse_limit"": 1, ""max_parallel_workers_per_gather"": 4, ""temp_buffers"": ""128MB"", ""temp_file_limit"": ""-1"", ""work_mem"": ""256MB""}",
013d675b5ce5fd555119bcb2d3d33721d66cba0892e5258c4fd7852985f8ac79,/home/timlittau/Documents/InferQ/analysis/finetuned_rdbms_162/qpy/013d675b5ce5fd555119bcb2d3d33721d66cba0892e5258c4fd7852985f8ac79.qpy,2,8,0.06627736194059253,3203,12,4,8,sqlite,small_size,0,success,0.0010846590157598257,4,4131,"{""automatic_index"": true, ""cache_mb"": 64, ""cache_spill"": false, ""db_path"": "":memory:"", ""journal_mode"": ""OFF"", ""locking_mode"": ""EXCLUSIVE"", ""mmap_mb"": 0, ""synchronous"": ""OFF"", ""temp_store"": ""FILE"", ""threads"": 1}",
013d675b5ce5fd555119bcb2d3d33721d66cba0892e5258c4fd7852985f8ac79,/home/timlittau/Documents/InferQ/analysis/finetuned_rdbms_162/qpy/013d675b5ce5fd555119bcb2d3d33721d66cba0892e5258c4fd7852985f8ac79.qpy,2,8,0.06627736194059253,3203,12,4,8,sqlite,small_size,1,success,0.0008571881335228682,4,4131,"{""automatic_index"": true, ""cache_mb"": 64, ""cache_spill"": false, ""db_path"": "":memory:"", ""journal_mode"": ""OFF"", ""locking_mode"": ""EXCLUSIVE"", ""mmap_mb"": 0, ""synchronous"": ""OFF"", ""temp_store"": ""FILE"", ""threads"": 1}",
013d675b5ce5fd555119bcb2d3d33721d66cba0892e5258c4fd7852985f8ac79,/home/timlittau/Documents/InferQ/analysis/finetuned_rdbms_162/qpy/013d675b5ce5fd555119bcb2d3d33721d66cba0892e5258c4fd7852985f8ac79.qpy,2,8,0.06627736194059253,3203,12,4,8,duckdb,small_size,0,success,0.006958995014429092,4,7216,"{""max_temp_directory_size"": ""256GB"", ""memory_limit"": ""10780MB"", ""preserve_insertion_order"": false, ""temp_directory"": ""analysis/finetuned/rdbms162_all_engines_120s/tmp/small_size/duckdb"", ""threads"": 2}",
013d675b5ce5fd555119bcb2d3d33721d66cba0892e5258c4fd7852985f8ac79,/home/timlittau/Documents/InferQ/analysis/finetuned_rdbms_162/qpy/013d675b5ce5fd555119bcb2d3d33721d66cba0892e5258c4fd7852985f8ac79.qpy,2,8,0.06627736194059253,3203,12,4,8,duckdb,small_size,1,success,0.00714008416980505,4,6990,"{""max_temp_directory_size"": ""256GB"", ""memory_limit"": ""10780MB"", ""preserve_insertion_order"": false, ""temp_directory"": ""analysis/finetuned/rdbms162_all_engines_120s/tmp/small_size/duckdb"", ""threads"": 2}",
013d675b5ce5fd555119bcb2d3d33721d66cba0892e5258c4fd7852985f8ac79,/home/timlittau/Documents/InferQ/analysis/finetuned_rdbms_162/qpy/013d675b5ce5fd555119bcb2d3d33721d66cba0892e5258c4fd7852985f8ac79.qpy,2,8,0.06627736194059253,3203,12,4,8,postgres,small_size,0,success,0.0019697470124810934,4,7728,"{""effective_cache_size"": ""8GB"", ""from_collapse_limit"": 1, ""hash_mem_multiplier"": ""2.0"", ""jit"": ""off"", ""join_collapse_limit"": 1, ""max_parallel_workers_per_gather"": 4, ""temp_buffers"": ""128MB"", ""temp_file_limit"": ""-1"", ""work_mem"": ""256MB""}",
013d675b5ce5fd555119bcb2d3d33721d66cba0892e5258c4fd7852985f8ac79,/home/timlittau/Documents/InferQ/analysis/finetuned_rdbms_162/qpy/013d675b5ce5fd555119bcb2d3d33721d66cba0892e5258c4fd7852985f8ac79.qpy,2,8,0.06627736194059253,3203,12,4,8,postgres,small_size,1,success,0.001860709860920906,4,7728,"{""effective_cache_size"": ""8GB"", ""from_collapse_limit"": 1, ""hash_mem_multiplier"": ""2.0"", ""jit"": ""off"", ""join_collapse_limit"": 1, ""max_parallel_workers_per_gather"": 4, ""temp_buffers"": ""128MB"", ""temp_file_limit"": ""-1"", ""work_mem"": ""256MB""}",
01462679dd760fc6698642d6f6d994145e896a8d549139ba358c5a221b8c6e2a,/home/timlittau/Documents/InferQ/analysis/finetuned_rdbms_162/qpy/01462679dd760fc6698642d6f6d994145e896a8d549139ba358c5a221b8c6e2a.qpy,6,18,0.17109738709405065,7022,26,4,22,sqlite,small_size,0,success,0.003593849018216133,64,4875,"{""automatic_index"": true, ""cache_mb"": 64, ""cache_spill"": false, ""db_path"": "":memory:"", ""journal_mode"": ""OFF"", ""locking_mode"": ""EXCLUSIVE"", ""mmap_mb"": 0, ""synchronous"": ""OFF"", ""temp_store"": ""FILE"", ""threads"": 1}",
01462679dd760fc6698642d6f6d994145e896a8d549139ba358c5a221b8c6e2a,/home/timlittau/Documents/InferQ/analysis/finetuned_rdbms_162/qpy/01462679dd760fc6698642d6f6d994145e896a8d549139ba358c5a221b8c6e2a.qpy,6,18,0.17109738709405065,7022,26,4,22,sqlite,small_size,1,success,0.0023963740095496178,64,4875,"{""automatic_index"": true, ""cache_mb"": 64, ""cache_spill"": false, ""db_path"": "":memory:"", ""journal_mode"": ""OFF"", ""locking_mode"": ""EXCLUSIVE"", ""mmap_mb"": 0, ""synchronous"": ""OFF"", ""temp_store"": ""FILE"", ""threads"": 1}",
01462679dd760fc6698642d6f6d994145e896a8d549139ba358c5a221b8c6e2a,/home/timlittau/Documents/InferQ/analysis/finetuned_rdbms_162/qpy/01462679dd760fc6698642d6f6d994145e896a8d549139ba358c5a221b8c6e2a.qpy,6,18,0.17109738709405065,7022,26,4,22,duckdb,small_size,0,success,0.014061765978112817,64,11407,"{""max_temp_directory_size"": ""256GB"", ""memory_limit"": ""10780MB"", ""preserve_insertion_order"": false, ""temp_directory"": ""analysis/finetuned/rdbms162_all_engines_120s/tmp/small_size/duckdb"", ""threads"": 2}",
01462679dd760fc6698642d6f6d994145e896a8d549139ba358c5a221b8c6e2a,/home/timlittau/Documents/InferQ/analysis/finetuned_rdbms_162/qpy/01462679dd760fc6698642d6f6d994145e896a8d549139ba358c5a221b8c6e2a.qpy,6,18,0.17109738709405065,7022,26,4,22,duckdb,small_size,1,success,0.014713151846081018,64,11283,"{""max_temp_directory_size"": ""256GB"", ""memory_limit"": ""10780MB"", ""preserve_insertion_order"": false, ""temp_directory"": ""analysis/finetuned/rdbms162_all_engines_120s/tmp/small_size/duckdb"", ""threads"": 2}",
01462679dd760fc6698642d6f6d994145e896a8d549139ba358c5a221b8c6e2a,/home/timlittau/Documents/InferQ/analysis/finetuned_rdbms_162/qpy/01462679dd760fc6698642d6f6d994145e896a8d549139ba358c5a221b8c6e2a.qpy,6,18,0.17109738709405065,7022,26,4,22,postgres,small_size,0,success,0.004960299003869295,64,13048,"{""effective_cache_size"": ""8GB"", ""from_collapse_limit"": 1, ""hash_mem_multiplier"": ""2.0"", ""jit"": ""off"", ""join_collapse_limit"": 1, ""max_parallel_workers_per_gather"": 4, ""temp_buffers"": ""128MB"", ""temp_file_limit"": ""-1"", ""work_mem"": ""256MB""}",
01462679dd760fc6698642d6f6d994145e896a8d549139ba358c5a221b8c6e2a,/home/timlittau/Documents/InferQ/analysis/finetuned_rdbms_162/qpy/01462679dd760fc6698642d6f6d994145e896a8d549139ba358c5a221b8c6e2a.qpy,6,18,0.17109738709405065,7022,26,4,22,postgres,small_size,1,success,0.005172876175493002,64,13208,"{""effective_cache_size"": ""8GB"", ""from_collapse_limit"": 1, ""hash_mem_multiplier"": ""2.0"", ""jit"": ""off"", ""join_collapse_limit"": 1, ""max_parallel_workers_per_gather"": 4, ""temp_buffers"": ""128MB"", ""temp_file_limit"": ""-1"", ""work_mem"": ""256MB""}",
0146e4cb3ec638a092bc2ff052ceb1508662f8f8c19b13c53aae660f23c7b0fb,/home/timlittau/Documents/InferQ/analysis/finetuned_rdbms_162/qpy/0146e4cb3ec638a092bc2ff052ceb1508662f8f8c19b13c53aae660f23c7b0fb.qpy,11,12,0.15510872681625187,5903,25,4,21,sqlite,small_size,0,success,0.002915153978392482,4,4131,"{""automatic_index"": true, ""cache_mb"": 64, ""cache_spill"": false, ""db_path"": "":memory:"", ""journal_mode"": ""OFF"", ""locking_mode"": ""EXCLUSIVE"", ""mmap_mb"": 0, ""synchronous"": ""OFF"", ""temp_store"": ""FILE"", ""threads"": 1}",
0146e4cb3ec638a092bc2ff052ceb1508662f8f8c19b13c53aae660f23c7b0fb,/home/timlittau/Documents/InferQ/analysis/finetuned_rdbms_162/qpy/0146e4cb3ec638a092bc2ff052ceb1508662f8f8c19b13c53aae660f23c7b0fb.qpy,11,12,0.15510872681625187,5903,25,4,21,sqlite,small_size,1,success,0.0016717109829187393,4,4131,"{""automatic_index"": true, ""cache_mb"": 64, ""cache_spill"": false, ""db_path"": "":memory:"", ""journal_mode"": ""OFF"", ""locking_mode"": ""EXCLUSIVE"", ""mmap_mb"": 0, ""synchronous"": ""OFF"", ""temp_store"": ""FILE"", ""threads"": 1}",
0146e4cb3ec638a092bc2ff052ceb1508662f8f8c19b13c53aae660f23c7b0fb,/home/timlittau/Documents/InferQ/analysis/finetuned_rdbms_162/qpy/0146e4cb3ec638a092bc2ff052ceb1508662f8f8c19b13c53aae660f23c7b0fb.qpy,11,12,0.15510872681625187,5903,25,4,21,duckdb,small_size,0,success,0.012824674136936665,4,10284,"{""max_temp_directory_size"": ""256GB"", ""memory_limit"": ""10780MB"", ""preserve_insertion_order"": false, ""temp_directory"": ""analysis/finetuned/rdbms162_all_engines_120s/tmp/small_size/duckdb"", ""threads"": 2}",
0146e4cb3ec638a092bc2ff052ceb1508662f8f8c19b13c53aae660f23c7b0fb,/home/timlittau/Documents/InferQ/analysis/finetuned_rdbms_162/qpy/0146e4cb3ec638a092bc2ff052ceb1508662f8f8c19b13c53aae660f23c7b0fb.qpy,11,12,0.15510872681625187,5903,25,4,21,duckdb,small_size,1,success,0.013304299907758832,4,10102,"{""max_temp_directory_size"": ""256GB"", ""memory_limit"": ""10780MB"", ""preserve_insertion_order"": false, ""temp_directory"": ""analysis/finetuned/rdbms162_all_engines_120s/tmp/small_size/duckdb"", ""threads"": 2}",
0146e4cb3ec638a092bc2ff052ceb1508662f8f8c19b13c53aae660f23c7b0fb,/home/timlittau/Documents/InferQ/analysis/finetuned_rdbms_162/qpy/0146e4cb3ec638a092bc2ff052ceb1508662f8f8c19b13c53aae660f23c7b0fb.qpy,11,12,0.15510872681625187,5903,25,4,21,postgres,small_size,0,success,0.0038881520740687847,4,11380,"{""effective_cache_size"": ""8GB"", ""from_collapse_limit"": 1, ""hash_mem_multiplier"": ""2.0"", ""jit"": ""off"", ""join_collapse_limit"": 1, ""max_parallel_workers_per_gather"": 4, ""temp_buffers"": ""128MB"", ""temp_file_limit"": ""-1"", ""work_mem"": ""256MB""}",
0146e4cb3ec638a092bc2ff052ceb1508662f8f8c19b13c53aae660f23c7b0fb,/home/timlittau/Documents/InferQ/analysis/finetuned_rdbms_162/qpy/0146e4cb3ec638a092bc2ff052ceb1508662f8f8c19b13c53aae660f23c7b0fb.qpy,11,12,0.15510872681625187,5903,25,4,21,postgres,small_size,1,success,0.004154582973569632,4,11220,"{""effective_cache_size"": ""8GB"", ""from_collapse_limit"": 1, ""hash_mem_multiplier"": ""2.0"", ""jit"": ""off"", ""join_collapse_limit"": 1, ""max_parallel_workers_per_gather"": 4, ""temp_buffers"": ""128MB"", ""temp_file_limit"": ""-1"", ""work_mem"": ""256MB""}",
01501b8722df50c519c543ff8e4dfbfb2524ef4f8c2a56018d6e08762f64dd45,/home/timlittau/Documents/InferQ/analysis/finetuned_rdbms_162/qpy/01501b8722df50c519c543ff8e4dfbfb2524ef4f8c2a56018d6e08762f64dd45.qpy,2,5,0.03724332293495536,2518,9,4,5,sqlite,small_size,0,success,0.000853066798299551,4,4131,"{""automatic_index"": true, ""cache_mb"": 64, ""cache_spill"": false, ""db_path"": "":memory:"", ""journal_mode"": ""OFF"", ""locking_mode"": ""EXCLUSIVE"", ""mmap_mb"": 0, ""synchronous"": ""OFF"", ""temp_store"": ""FILE"", ""threads"": 1}",
01501b8722df50c519c543ff8e4dfbfb2524ef4f8c2a56018d6e08762f64dd45,/home/timlittau/Documents/InferQ/analysis/finetuned_rdbms_162/qpy/01501b8722df50c519c543ff8e4dfbfb2524ef4f8c2a56018d6e08762f64dd45.qpy,2,5,0.03724332293495536,2518,9,4,5,sqlite,small_size,1,success,0.0005080359987914562,4,4131,"{""automatic_index"": true, ""cache_mb"": 64, ""cache_spill"": false, ""db_path"": "":memory:"", ""journal_mode"": ""OFF"", ""locking_mode"": ""EXCLUSIVE"", ""mmap_mb"": 0, ""synchronous"": ""OFF"", ""temp_store"": ""FILE"", ""threads"": 1}",
01501b8722df50c519c543ff8e4dfbfb2524ef4f8c2a56018d6e08762f64dd45,/home/timlittau/Documents/InferQ/analysis/finetuned_rdbms_162/qpy/01501b8722df50c519c543ff8e4dfbfb2524ef4f8c2a56018d6e08762f64dd45.qpy,2,5,0.03724332293495536,2518,9,4,5,duckdb,small_size,0,success,0.005341207142919302,4,6773,"{""max_temp_directory_size"": ""256GB"", ""memory_limit"": ""10780MB"", ""preserve_insertion_order"": false, ""temp_directory"": ""analysis/finetuned/rdbms162_all_engines_120s/tmp/small_size/duckdb"", ""threads"": 2}",
01501b8722df50c519c543ff8e4dfbfb2524ef4f8c2a56018d6e08762f64dd45,/home/timlittau/Documents/InferQ/analysis/finetuned_rdbms_162/qpy/01501b8722df50c519c543ff8e4dfbfb2524ef4f8c2a56018d6e08762f64dd45.qpy,2,5,0.03724332293495536,2518,9,4,5,duckdb,small_size,1,success,0.004758642986416817,4,6345,"{""max_temp_directory_size"": ""256GB"", ""memory_limit"": ""10780MB"", ""preserve_insertion_order"": false, ""temp_directory"": ""analysis/finetuned/rdbms162_all_engines_120s/tmp/small_size/duckdb"", ""threads"": 2}",
01501b8722df50c519c543ff8e4dfbfb2524ef4f8c2a56018d6e08762f64dd45,/home/timlittau/Documents/InferQ/analysis/finetuned_rdbms_162/qpy/01501b8722df50c519c543ff8e4dfbfb2524ef4f8c2a56018d6e08762f64dd45.qpy,2,5,0.03724332293495536,2518,9,4,5,postgres,small_size,0,success,0.0015122850891202688,4,7043,"{""effective_cache_size"": ""8GB"", ""from_collapse_limit"": 1, ""hash_mem_multiplier"": ""2.0"", ""jit"": ""off"", ""join_collapse_limit"": 1, ""max_parallel_workers_per_gather"": 4, ""temp_buffers"": ""128MB"", ""temp_file_limit"": ""-1"", ""work_mem"": ""256MB""}",
01501b8722df50c519c543ff8e4dfbfb2524ef4f8c2a56018d6e08762f64dd45,/home/timlittau/Documents/InferQ/analysis/finetuned_rdbms_162/qpy/01501b8722df50c519c543ff8e4dfbfb2524ef4f8c2a56018d6e08762f64dd45.qpy,2,5,0.03724332293495536,2518,9,4,5,postgres,small_size,1,success,0.0014035729691386223,4,7043,"{""effective_cache_size"": ""8GB"", ""from_collapse_limit"": 1, ""hash_mem_multiplier"": ""2.0"", ""jit"": ""off"", ""join_collapse_limit"": 1, ""max_parallel_workers_per_gather"": 4, ""temp_buffers"": ""128MB"", ""temp_file_limit"": ""-1"", ""work_mem"": ""256MB""}",
01679b3022e01d8852da11493cab7fcbb7d66ea509eff437e9ef9750b7392f4d,/home/timlittau/Documents/InferQ/analysis/finetuned_rdbms_162/qpy/01679b3022e01d8852da11493cab7fcbb7d66ea509eff437e9ef9750b7392f4d.qpy,2,11,0.08250383986160159,4503,16,5,11,sqlite,large_size,0,success,0.0015391958877444267,4,4131,"{""automatic_index"": true, ""cache_mb"": 64, ""cache_spill"": false, ""db_path"": "":memory:"", ""journal_mode"": ""OFF"", ""locking_mode"": ""EXCLUSIVE"", ""mmap_mb"": 0, ""synchronous"": ""OFF"", ""temp_store"": ""FILE"", ""threads"": 1}",
01679b3022e01d8852da11493cab7fcbb7d66ea509eff437e9ef9750b7392f4d,/home/timlittau/Documents/InferQ/analysis/finetuned_rdbms_162/qpy/01679b3022e01d8852da11493cab7fcbb7d66ea509eff437e9ef9750b7392f4d.qpy,2,11,0.08250383986160159,4503,16,5,11,sqlite,large_size,1,success,0.0011384920217096806,4,4131,"{""automatic_index"": true, ""cache_mb"": 64, ""cache_spill"": false, ""db_path"": "":memory:"", ""journal_mode"": ""OFF"", ""locking_mode"": ""EXCLUSIVE"", ""mmap_mb"": 0, ""synchronous"": ""OFF"", ""temp_store"": ""FILE"", ""threads"": 1}",
01679b3022e01d8852da11493cab7fcbb7d66ea509eff437e9ef9750b7392f4d,/home/timlittau/Documents/InferQ/analysis/finetuned_rdbms_162/qpy/01679b3022e01d8852da11493cab7fcbb7d66ea509eff437e9ef9750b7392f4d.qpy,2,11,0.08250383986160159,4503,16,5,11,duckdb,large_size,0,success,0.009381195064634085,4,8516,"{""max_temp_directory_size"": ""128GB"", ""memory_limit"": ""7409MB"", ""preserve_insertion_order"": true, ""temp_directory"": ""analysis/finetuned/rdbms162_all_engines_120s/tmp/large_size/duckdb"", ""threads"": 1}",
01679b3022e01d8852da11493cab7fcbb7d66ea509eff437e9ef9750b7392f4d,/home/timlittau/Documents/InferQ/analysis/finetuned_rdbms_162/qpy/01679b3022e01d8852da11493cab7fcbb7d66ea509eff437e9ef9750b7392f4d.qpy,2,11,0.08250383986160159,4503,16,5,11,duckdb,large_size,1,success,0.009206484071910381,4,8356,"{""max_temp_directory_size"": ""128GB"", ""memory_limit"": ""7409MB"", ""preserve_insertion_order"": true, ""temp_directory"": ""analysis/finetuned/rdbms162_all_engines_120s/tmp/large_size/duckdb"", ""threads"": 1}",
01679b3022e01d8852da11493cab7fcbb7d66ea509eff437e9ef9750b7392f4d,/home/timlittau/Documents/InferQ/analysis/finetuned_rdbms_162/qpy/01679b3022e01d8852da11493cab7fcbb7d66ea509eff437e9ef9750b7392f4d.qpy,2,11,0.08250383986160159,4503,16,5,11,postgres,large_size,0,success,0.0025603340473026037,4,9028,"{""effective_cache_size"": ""2GB"", ""from_collapse_limit"": 1, ""hash_mem_multiplier"": ""1.94"", ""jit"": ""off"", ""join_collapse_limit"": 4, ""max_parallel_workers_per_gather"": 0, ""temp_buffers"": ""65MB"", ""temp_file_limit"": ""-1"", ""work_mem"": ""55MB""}",
01679b3022e01d8852da11493cab7fcbb7d66ea509eff437e9ef9750b7392f4d,/home/timlittau/Documents/InferQ/analysis/finetuned_rdbms_162/qpy/01679b3022e01d8852da11493cab7fcbb7d66ea509eff437e9ef9750b7392f4d.qpy,2,11,0.08250383986160159,4503,16,5,11,postgres,large_size,1,success,0.002454485045745969,4,9028,"{""effective_cache_size"": ""2GB"", ""from_collapse_limit"": 1, ""hash_mem_multiplier"": ""1.94"", ""jit"": ""off"", ""join_collapse_limit"": 4, ""max_parallel_workers_per_gather"": 0, ""temp_buffers"": ""65MB"", ""temp_file_limit"": ""-1"", ""work_mem"": ""55MB""}",
016f1c85ebe3f4b15c149a1d6bad300e68a6de6818b8beb6cbf025f73f7304dc,/home/timlittau/Documents/InferQ/analysis/finetuned_rdbms_162/qpy/016f1c85ebe3f4b15c149a1d6bad300e68a6de6818b8beb6cbf025f73f7304dc.qpy,6,17,0.19042653497308493,6158,24,3,21,sqlite,small_size,0,success,0.002911680843681097,64,5763,"{""automatic_index"": true, ""cache_mb"": 64, ""cache_spill"": false, ""db_path"": "":memory:"", ""journal_mode"": ""OFF"", ""locking_mode"": ""EXCLUSIVE"", ""mmap_mb"": 0, ""synchronous"": ""OFF"", ""temp_store"": ""FILE"", ""threads"": 1}",
016f1c85ebe3f4b15c149a1d6bad300e68a6de6818b8beb6cbf025f73f7304dc,/home/timlittau/Documents/InferQ/analysis/finetuned_rdbms_162/qpy/016f1c85ebe3f4b15c149a1d6bad300e68a6de6818b8beb6cbf025f73f7304dc.qpy,6,17,0.19042653497308493,6158,24,3,21,sqlite,small_size,1,success,0.0020647950004786253,64,4875,"{""automatic_index"": true, ""cache_mb"": 64, ""cache_spill"": false, ""db_path"": "":memory:"", ""journal_mode"": ""OFF"", ""locking_mode"": ""EXCLUSIVE"", ""mmap_mb"": 0, ""synchronous"": ""OFF"", ""temp_store"": ""FILE"", ""threads"": 1}",
016f1c85ebe3f4b15c149a1d6bad300e68a6de6818b8beb6cbf025f73f7304dc,/home/timlittau/Documents/InferQ/analysis/finetuned_rdbms_162/qpy/016f1c85ebe3f4b15c149a1d6bad300e68a6de6818b8beb6cbf025f73f7304dc.qpy,6,17,0.19042653497308493,6158,24,3,21,duckdb,small_size,0,success,0.024202388944104314,64,10007,"{""max_temp_directory_size"": ""256GB"", ""memory_limit"": ""10780MB"", ""preserve_insertion_order"": false, ""temp_directory"": ""analysis/finetuned/rdbms162_all_engines_120s/tmp/small_size/duckdb"", ""threads"": 2}",
016f1c85ebe3f4b15c149a1d6bad300e68a6de6818b8beb6cbf025f73f7304dc,/home/timlittau/Documents/InferQ/analysis/finetuned_rdbms_162/qpy/016f1c85ebe3f4b15c149a1d6bad300e68a6de6818b8beb6cbf025f73f7304dc.qpy,6,17,0.19042653497308493,6158,24,3,21,duckdb,small_size,1,success,0.02429558988660574,64,10131,"{""max_temp_directory_size"": ""256GB"", ""memory_limit"": ""10780MB"", ""preserve_insertion_order"": false, ""temp_directory"": ""analysis/finetuned/rdbms162_all_engines_120s/tmp/small_size/duckdb"", ""threads"": 2}",
016f1c85ebe3f4b15c149a1d6bad300e68a6de6818b8beb6cbf025f73f7304dc,/home/timlittau/Documents/InferQ/analysis/finetuned_rdbms_162/qpy/016f1c85ebe3f4b15c149a1d6bad300e68a6de6818b8beb6cbf025f73f7304dc.qpy,6,17,0.19042653497308493,6158,24,3,21,postgres,small_size,0,success,0.004688324872404337,64,12160,"{""effective_cache_size"": ""8GB"", ""from_collapse_limit"": 1, ""hash_mem_multiplier"": ""2.0"", ""jit"": ""off"", ""join_collapse_limit"": 1, ""max_parallel_workers_per_gather"": 4, ""temp_buffers"": ""128MB"", ""temp_file_limit"": ""-1"", ""work_mem"": ""256MB""}",
016f1c85ebe3f4b15c149a1d6bad300e68a6de6818b8beb6cbf025f73f7304dc,/home/timlittau/Documents/InferQ/analysis/finetuned_rdbms_162/qpy/016f1c85ebe3f4b15c149a1d6bad300e68a6de6818b8beb6cbf025f73f7304dc.qpy,6,17,0.19042653497308493,6158,24,3,21,postgres,small_size,1,success,0.0047194070648401976,64,12320,"{""effective_cache_size"": ""8GB"", ""from_collapse_limit"": 1, ""hash_mem_multiplier"": ""2.0"", ""jit"": ""off"", ""join_collapse_limit"": 1, ""max_parallel_workers_per_gather"": 4, ""temp_buffers"": ""128MB"", ""temp_file_limit"": ""-1"", ""work_mem"": ""256MB""}",
0178f99f577d5daadf00d6e75094b02961e3ee1399e848b2913896f0a2f5e309,/home/timlittau/Documents/InferQ/analysis/finetuned_rdbms_162/qpy/0178f99f577d5daadf00d6e75094b02961e3ee1399e848b2913896f0a2f5e309.qpy,11,41,0.5682566030882299,15057,54,4,50,sqlite,large_size,0,success,0.019841753179207444,2048,124829,"{""automatic_index"": true, ""cache_mb"": 64, ""cache_spill"": false, ""db_path"": "":memory:"", ""journal_mode"": ""OFF"", ""locking_mode"": ""EXCLUSIVE"", ""mmap_mb"": 0, ""synchronous"": ""OFF"", ""temp_store"": ""FILE"", ""threads"": 1}",
0178f99f577d5daadf00d6e75094b02961e3ee1399e848b2913896f0a2f5e309,/home/timlittau/Documents/InferQ/analysis/finetuned_rdbms_162/qpy/0178f99f577d5daadf00d6e75094b02961e3ee1399e848b2913896f0a2f5e309.qpy,11,41,0.5682566030882299,15057,54,4,50,sqlite,large_size,1,success,0.01731998403556645,2048,124829,"{""automatic_index"": true, ""cache_mb"": 64, ""cache_spill"": false, ""db_path"": "":memory:"", ""journal_mode"": ""OFF"", ""locking_mode"": ""EXCLUSIVE"", ""mmap_mb"": 0, ""synchronous"": ""OFF"", ""temp_store"": ""FILE"", ""threads"": 1}",
0178f99f577d5daadf00d6e75094b02961e3ee1399e848b2913896f0a2f5e309,/home/timlittau/Documents/InferQ/analysis/finetuned_rdbms_162/qpy/0178f99f577d5daadf00d6e75094b02961e3ee1399e848b2913896f0a2f5e309.qpy,11,41,0.5682566030882299,15057,54,4,50,duckdb,large_size,0,success,0.5100055311340839,2048,124956,"{""max_temp_directory_size"": ""128GB"", ""memory_limit"": ""7409MB"", ""preserve_insertion_order"": true, ""temp_directory"": ""analysis/finetuned/rdbms162_all_engines_120s/tmp/large_size/duckdb"", ""threads"": 1}",
0178f99f577d5daadf00d6e75094b02961e3ee1399e848b2913896f0a2f5e309,/home/timlittau/Documents/InferQ/analysis/finetuned_rdbms_162/qpy/0178f99f577d5daadf00d6e75094b02961e3ee1399e848b2913896f0a2f5e309.qpy,11,41,0.5682566030882299,15057,54,4,50,duckdb,large_size,1,success,0.5086816190741956,2048,124956,"{""max_temp_directory_size"": ""128GB"", ""memory_limit"": ""7409MB"", ""preserve_insertion_order"": true, ""temp_directory"": ""analysis/finetuned/rdbms162_all_engines_120s/tmp/large_size/duckdb"", ""threads"": 1}",
0178f99f577d5daadf00d6e75094b02961e3ee1399e848b2913896f0a2f5e309,/home/timlittau/Documents/InferQ/analysis/finetuned_rdbms_162/qpy/0178f99f577d5daadf00d6e75094b02961e3ee1399e848b2913896f0a2f5e309.qpy,11,41,0.5682566030882299,15057,54,4,50,postgres,large_size,0,success,0.028749554185196757,2048,139989,"{""effective_cache_size"": ""2GB"", ""from_collapse_limit"": 1, ""hash_mem_multiplier"": ""1.94"", ""jit"": ""off"", ""join_collapse_limit"": 4, ""max_parallel_workers_per_gather"": 0, ""temp_buffers"": ""65MB"", ""temp_file_limit"": ""-1"", ""work_mem"": ""55MB""}",
0178f99f577d5daadf00d6e75094b02961e3ee1399e848b2913896f0a2f5e309,/home/timlittau/Documents/InferQ/analysis/finetuned_rdbms_162/qpy/0178f99f577d5daadf00d6e75094b02961e3ee1399e848b2913896f0a2f5e309.qpy,11,41,0.5682566030882299,15057,54,4,50,postgres,large_size,1,success,0.03514163405634463,2048,139829,"{""effective_cache_size"": ""2GB"", ""from_collapse_limit"": 1, ""hash_mem_multiplier"": ""1.94"", ""jit"": ""off"", ""join_collapse_limit"": 4, ""max_parallel_workers_per_gather"": 0, ""temp_buffers"": ""65MB"", ""temp_file_limit"": ""-1"", ""work_mem"": ""55MB""}",
0179e7e54cc86cfeab7eabc67c78b1dd1fd9f614c717b062e0ff2b47697d1856,/home/timlittau/Documents/InferQ/analysis/finetuned_rdbms_162/qpy/0179e7e54cc86cfeab7eabc67c78b1dd1fd9f614c717b062e0ff2b47697d1856.qpy,4,19,0.14180332305841148,7647,28,7,21,sqlite,small_size,0,success,0.002629786031320691,16,4131,"{""automatic_index"": true, ""cache_mb"": 64, ""cache_spill"": false, ""db_path"": "":memory:"", ""journal_mode"": ""OFF"", ""locking_mode"": ""EXCLUSIVE"", ""mmap_mb"": 0, ""synchronous"": ""OFF"", ""temp_store"": ""FILE"", ""threads"": 1}",
0179e7e54cc86cfeab7eabc67c78b1dd1fd9f614c717b062e0ff2b47697d1856,/home/timlittau/Documents/InferQ/analysis/finetuned_rdbms_162/qpy/0179e7e54cc86cfeab7eabc67c78b1dd1fd9f614c717b062e0ff2b47697d1856.qpy,4,19,0.14180332305841148,7647,28,7,21,sqlite,small_size,1,success,0.0016597060021013021,16,4131,"{""automatic_index"": true, ""cache_mb"": 64, ""cache_spill"": false, ""db_path"": "":memory:"", ""journal_mode"": ""OFF"", ""locking_mode"": ""EXCLUSIVE"", ""mmap_mb"": 0, ""synchronous"": ""OFF"", ""temp_store"": ""FILE"", ""threads"": 1}",
0179e7e54cc86cfeab7eabc67c78b1dd1fd9f614c717b062e0ff2b47697d1856,/home/timlittau/Documents/InferQ/analysis/finetuned_rdbms_162/qpy/0179e7e54cc86cfeab7eabc67c78b1dd1fd9f614c717b062e0ff2b47697d1856.qpy,4,19,0.14180332305841148,7647,28,7,21,duckdb,small_size,0,success,0.016065024072304368,16,11594,"{""max_temp_directory_size"": ""256GB"", ""memory_limit"": ""10780MB"", ""preserve_insertion_order"": false, ""temp_directory"": ""analysis/finetuned/rdbms162_all_engines_120s/tmp/small_size/duckdb"", ""threads"": 2}",
0179e7e54cc86cfeab7eabc67c78b1dd1fd9f614c717b062e0ff2b47697d1856,/home/timlittau/Documents/InferQ/analysis/finetuned_rdbms_162/qpy/0179e7e54cc86cfeab7eabc67c78b1dd1fd9f614c717b062e0ff2b47697d1856.qpy,4,19,0.14180332305841148,7647,28,7,21,duckdb,small_size,1,success,0.016079862834885716,16,11660,"{""max_temp_directory_size"": ""256GB"", ""memory_limit"": ""10780MB"", ""preserve_insertion_order"": false, ""temp_directory"": ""analysis/finetuned/rdbms162_all_engines_120s/tmp/small_size/duckdb"", ""threads"": 2}",
0179e7e54cc86cfeab7eabc67c78b1dd1fd9f614c717b062e0ff2b47697d1856,/home/timlittau/Documents/InferQ/analysis/finetuned_rdbms_162/qpy/0179e7e54cc86cfeab7eabc67c78b1dd1fd9f614c717b062e0ff2b47697d1856.qpy,4,19,0.14180332305841148,7647,28,7,21,postgres,small_size,0,success,0.004202850861474872,16,12395,"{""effective_cache_size"": ""8GB"", ""from_collapse_limit"": 1, ""hash_mem_multiplier"": ""2.0"", ""jit"": ""off"", ""join_collapse_limit"": 1, ""max_parallel_workers_per_gather"": 4, ""temp_buffers"": ""128MB"", ""temp_file_limit"": ""-1"", ""work_mem"": ""256MB""}",
0179e7e54cc86cfeab7eabc67c78b1dd1fd9f614c717b062e0ff2b47697d1856,/home/timlittau/Documents/InferQ/analysis/finetuned_rdbms_162/qpy/0179e7e54cc86cfeab7eabc67c78b1dd1fd9f614c717b062e0ff2b47697d1856.qpy,4,19,0.14180332305841148,7647,28,7,21,postgres,small_size,1,success,0.0042094639502465725,16,12395,"{""effective_cache_size"": ""8GB"", ""from_collapse_limit"": 1, ""hash_mem_multiplier"": ""2.0"", ""jit"": ""off"", ""join_collapse_limit"": 1, ""max_parallel_workers_per_gather"": 4, ""temp_buffers"": ""128MB"", ""temp_file_limit"": ""-1"", ""work_mem"": ""256MB""}",
017ef1b077232a041e15b7aea2c138f4b6595d502107450b8160427a09ec26bc,/home/timlittau/Documents/InferQ/analysis/finetuned_rdbms_162/qpy/017ef1b077232a041e15b7aea2c138f4b6595d502107450b8160427a09ec26bc.qpy,5,19,0.15806281100958586,7389,27,5,22,sqlite,small_size,0,success,0.0027780698146671057,32,4131,"{""automatic_index"": true, ""cache_mb"": 64, ""cache_spill"": false, ""db_path"": "":memory:"", ""journal_mode"": ""OFF"", ""locking_mode"": ""EXCLUSIVE"", ""mmap_mb"": 0, ""synchronous"": ""OFF"", ""temp_store"": ""FILE"", ""threads"": 1}",
017ef1b077232a041e15b7aea2c138f4b6595d502107450b8160427a09ec26bc,/home/timlittau/Documents/InferQ/analysis/finetuned_rdbms_162/qpy/017ef1b077232a041e15b7aea2c138f4b6595d502107450b8160427a09ec26bc.qpy,5,19,0.15806281100958586,7389,27,5,22,sqlite,small_size,1,success,0.0018451239448040724,32,4131,"{""automatic_index"": true, ""cache_mb"": 64, ""cache_spill"": false, ""db_path"": "":memory:"", ""journal_mode"": ""OFF"", ""locking_mode"": ""EXCLUSIVE"", ""mmap_mb"": 0, ""synchronous"": ""OFF"", ""temp_store"": ""FILE"", ""threads"": 1}",
017ef1b077232a041e15b7aea2c138f4b6595d502107450b8160427a09ec26bc,/home/timlittau/Documents/InferQ/analysis/finetuned_rdbms_162/qpy/017ef1b077232a041e15b7aea2c138f4b6595d502107450b8160427a09ec26bc.qpy,5,19,0.15806281100958586,7389,27,5,22,duckdb,small_size,0,success,0.013378923991695046,32,11872,"{""max_temp_directory_size"": ""256GB"", ""memory_limit"": ""10780MB"", ""preserve_insertion_order"": false, ""temp_directory"": ""analysis/finetuned/rdbms162_all_engines_120s/tmp/small_size/duckdb"", ""threads"": 2}",
017ef1b077232a041e15b7aea2c138f4b6595d502107450b8160427a09ec26bc,/home/timlittau/Documents/InferQ/analysis/finetuned_rdbms_162/qpy/017ef1b077232a041e15b7aea2c138f4b6595d502107450b8160427a09ec26bc.qpy,5,19,0.15806281100958586,7389,27,5,22,duckdb,small_size,1,success,0.013460917165502906,32,11774,"{""max_temp_directory_size"": ""256GB"", ""memory_limit"": ""10780MB"", ""preserve_insertion_order"": false, ""temp_directory"": ""analysis/finetuned/rdbms162_all_engines_120s/tmp/small_size/duckdb"", ""threads"": 2}",
017ef1b077232a041e15b7aea2c138f4b6595d502107450b8160427a09ec26bc,/home/timlittau/Documents/InferQ/analysis/finetuned_rdbms_162/qpy/017ef1b077232a041e15b7aea2c138f4b6595d502107450b8160427a09ec26bc.qpy,5,19,0.15806281100958586,7389,27,5,22,postgres,small_size,0,success,0.0042268389370292425,32,12353,"{""effective_cache_size"": ""8GB"", ""from_collapse_limit"": 1, ""hash_mem_multiplier"": ""2.0"", ""jit"": ""off"", ""join_collapse_limit"": 1, ""max_parallel_workers_per_gather"": 4, ""temp_buffers"": ""128MB"", ""temp_file_limit"": ""-1"", ""work_mem"": ""256MB""}",
017ef1b077232a041e15b7aea2c138f4b6595d502107450b8160427a09ec26bc,/home/timlittau/Documents/InferQ/analysis/finetuned_rdbms_162/qpy/017ef1b077232a041e15b7aea2c138f4b6595d502107450b8160427a09ec26bc.qpy,5,19,0.15806281100958586,7389,27,5,22,postgres,small_size,1,success,0.004249871941283345,32,12353,"{""effective_cache_size"": ""8GB"", ""from_collapse_limit"": 1, ""hash_mem_multiplier"": ""2.0"", ""jit"": ""off"", ""join_collapse_limit"": 1, ""max_parallel_workers_per_gather"": 4, ""temp_buffers"": ""128MB"", ""temp_file_limit"": ""-1"", ""work_mem"": ""256MB""}",
017fcf8bae42ec21fd51df4f2295871a5772720fb8cff2ae0d763411639a82a3,/home/timlittau/Documents/InferQ/analysis/finetuned_rdbms_162/qpy/017fcf8bae42ec21fd51df4f2295871a5772720fb8cff2ae0d763411639a82a3.qpy,11,95,1.2190283690579236,32697,109,5,104,sqlite,small_size,0,success,0.21026301383972168,2048,124829,"{""automatic_index"": true, ""cache_mb"": 64, ""cache_spill"": false, ""db_path"": "":memory:"", ""journal_mode"": ""OFF"", ""locking_mode"": ""EXCLUSIVE"", ""mmap_mb"": 0, ""synchronous"": ""OFF"", ""temp_store"": ""FILE"", ""threads"": 1}",
017fcf8bae42ec21fd51df4f2295871a5772720fb8cff2ae0d763411639a82a3,/home/timlittau/Documents/InferQ/analysis/finetuned_rdbms_162/qpy/017fcf8bae42ec21fd51df4f2295871a5772720fb8cff2ae0d763411639a82a3.qpy,11,95,1.2190283690579236,32697,109,5,104,sqlite,small_size,1,success,0.19880330003798008,2048,124829,"{""automatic_index"": true, ""cache_mb"": 64, ""cache_spill"": false, ""db_path"": "":memory:"", ""journal_mode"": ""OFF"", ""locking_mode"": ""EXCLUSIVE"", ""mmap_mb"": 0, ""synchronous"": ""OFF"", ""temp_store"": ""FILE"", ""threads"": 1}",
017fcf8bae42ec21fd51df4f2295871a5772720fb8cff2ae0d763411639a82a3,/home/timlittau/Documents/InferQ/analysis/finetuned_rdbms_162/qpy/017fcf8bae42ec21fd51df4f2295871a5772720fb8cff2ae0d763411639a82a3.qpy,11,95,1.2190283690579236,32697,109,5,104,duckdb,small_size,0,success,3.0607559899799526,2048,125302,"{""max_temp_directory_size"": ""256GB"", ""memory_limit"": ""10780MB"", ""preserve_insertion_order"": false, ""temp_directory"": ""analysis/finetuned/rdbms162_all_engines_120s/tmp/small_size/duckdb"", ""threads"": 2}",
017fcf8bae42ec21fd51df4f2295871a5772720fb8cff2ae0d763411639a82a3,/home/timlittau/Documents/InferQ/analysis/finetuned_rdbms_162/qpy/017fcf8bae42ec21fd51df4f2295871a5772720fb8cff2ae0d763411639a82a3.qpy,11,95,1.2190283690579236,32697,109,5,104,duckdb,small_size,1,success,3.051145032979548,2048,125300,"{""max_temp_directory_size"": ""256GB"", ""memory_limit"": ""10780MB"", ""preserve_insertion_order"": false, ""temp_directory"": ""analysis/finetuned/rdbms162_all_engines_120s/tmp/small_size/duckdb"", ""threads"": 2}",
017fcf8bae42ec21fd51df4f2295871a5772720fb8cff2ae0d763411639a82a3,/home/timlittau/Documents/InferQ/analysis/finetuned_rdbms_162/qpy/017fcf8bae42ec21fd51df4f2295871a5772720fb8cff2ae0d763411639a82a3.qpy,11,95,1.2190283690579236,32697,109,5,104,postgres,small_size,0,success,0.5325937999878079,2048,157469,"{""effective_cache_size"": ""8GB"", ""from_collapse_limit"": 1, ""hash_mem_multiplier"": ""2.0"", ""jit"": ""off"", ""join_collapse_limit"": 1, ""max_parallel_workers_per_gather"": 4, ""temp_buffers"": ""128MB"", ""temp_file_limit"": ""-1"", ""work_mem"": ""256MB""}",
017fcf8bae42ec21fd51df4f2295871a5772720fb8cff2ae0d763411639a82a3,/home/timlittau/Documents/InferQ/analysis/finetuned_rdbms_162/qpy/017fcf8bae42ec21fd51df4f2295871a5772720fb8cff2ae0d763411639a82a3.qpy,11,95,1.2190283690579236,32697,109,5,104,postgres,small_size,1,success,0.5336960919667035,2048,157629,"{""effective_cache_size"": ""8GB"", ""from_collapse_limit"": 1, ""hash_mem_multiplier"": ""2.0"", ""jit"": ""off"", ""join_collapse_limit"": 1, ""max_parallel_workers_per_gather"": 4, ""temp_buffers"": ""128MB"", ""temp_file_limit"": ""-1"", ""work_mem"": ""256MB""}",
018b133aff784f16972d71028d5590bdc243844d2011f51bc840da6526bc1985,/home/timlittau/Documents/InferQ/analysis/finetuned_rdbms_162/qpy/018b133aff784f16972d71028d5590bdc243844d2011f51bc840da6526bc1985.qpy,10,24,0.22650279803201556,9819,37,5,32,sqlite,large_size,0,success,0.004097678000107408,128,8977,"{""automatic_index"": true, ""cache_mb"": 64, ""cache_spill"": false, ""db_path"": "":memory:"", ""journal_mode"": ""OFF"", ""locking_mode"": ""EXCLUSIVE"", ""mmap_mb"": 0, ""synchronous"": ""OFF"", ""temp_store"": ""FILE"", ""threads"": 1}",
018b133aff784f16972d71028d5590bdc243844d2011f51bc840da6526bc1985,/home/timlittau/Documents/InferQ/analysis/finetuned_rdbms_162/qpy/018b133aff784f16972d71028d5590bdc243844d2011f51bc840da6526bc1985.qpy,10,24,0.22650279803201556,9819,37,5,32,sqlite,large_size,1,success,0.003172283060848713,128,8401,"{""automatic_index"": true, ""cache_mb"": 64, ""cache_spill"": false, ""db_path"": "":memory:"", ""journal_mode"": ""OFF"", ""locking_mode"": ""EXCLUSIVE"", ""mmap_mb"": 0, ""synchronous"": ""OFF"", ""temp_store"": ""FILE"", ""threads"": 1}",
018b133aff784f16972d71028d5590bdc243844d2011f51bc840da6526bc1985,/home/timlittau/Documents/InferQ/analysis/finetuned_rdbms_162/qpy/018b133aff784f16972d71028d5590bdc243844d2011f51bc840da6526bc1985.qpy,10,24,0.22650279803201556,9819,37,5,32,duckdb,large_size,0,success,0.0347306770272553,128,13700,"{""max_temp_directory_size"": ""128GB"", ""memory_limit"": ""7409MB"", ""preserve_insertion_order"": true, ""temp_directory"": ""analysis/finetuned/rdbms162_all_engines_120s/tmp/large_size/duckdb"", ""threads"": 1}",
018b133aff784f16972d71028d5590bdc243844d2011f51bc840da6526bc1985,/home/timlittau/Documents/InferQ/analysis/finetuned_rdbms_162/qpy/018b133aff784f16972d71028d5590bdc243844d2011f51bc840da6526bc1985.qpy,10,24,0.22650279803201556,9819,37,5,32,duckdb,large_size,1,success,0.034394223941490054,128,13486,"{""max_temp_directory_size"": ""128GB"", ""memory_limit"": ""7409MB"", ""preserve_insertion_order"": true, ""temp_directory"": ""analysis/finetuned/rdbms162_all_engines_120s/tmp/large_size/duckdb"", ""threads"": 1}",
018b133aff784f16972d71028d5590bdc243844d2011f51bc840da6526bc1985,/home/timlittau/Documents/InferQ/analysis/finetuned_rdbms_162/qpy/018b133aff784f16972d71028d5590bdc243844d2011f51bc840da6526bc1985.qpy,10,24,0.22650279803201556,9819,37,5,32,postgres,large_size,0,success,0.007143628783524036,128,19945,"{""effective_cache_size"": ""2GB"", ""from_collapse_limit"": 1, ""hash_mem_multiplier"": ""1.94"", ""jit"": ""off"", ""join_collapse_limit"": 4, ""max_parallel_workers_per_gather"": 0, ""temp_buffers"": ""65MB"", ""temp_file_limit"": ""-1"", ""work_mem"": ""55MB""}",
018b133aff784f16972d71028d5590bdc243844d2011f51bc840da6526bc1985,/home/timlittau/Documents/InferQ/analysis/finetuned_rdbms_162/qpy/018b133aff784f16972d71028d5590bdc243844d2011f51bc840da6526bc1985.qpy,10,24,0.22650279803201556,9819,37,5,32,postgres,large_size,1,success,0.011150381062179804,128,19785,"{""effective_cache_size"": ""2GB"", ""from_collapse_limit"": 1, ""hash_mem_multiplier"": ""1.94"", ""jit"": ""off"", ""join_collapse_limit"": 4, ""max_parallel_workers_per_gather"": 0, ""temp_buffers"": ""65MB"", ""temp_file_limit"": ""-1"", ""work_mem"": ""55MB""}",
01a10545701a92cb3c1be91397db2756b215bc59ee41838115cec1ef9aa723fe,/home/timlittau/Documents/InferQ/analysis/finetuned_rdbms_162/qpy/01a10545701a92cb3c1be91397db2756b215bc59ee41838115cec1ef9aa723fe.qpy,13,2,0.0273854851257056,3419,15,2,13,sqlite,large_size,0,success,0.001093404833227396,4,4131,"{""automatic_index"": true, ""cache_mb"": 64, ""cache_spill"": false, ""db_path"": "":memory:"", ""journal_mode"": ""OFF"", ""locking_mode"": ""EXCLUSIVE"", ""mmap_mb"": 0, ""synchronous"": ""OFF"", ""temp_store"": ""FILE"", ""threads"": 1}",
01a10545701a92cb3c1be91397db2756b215bc59ee41838115cec1ef9aa723fe,/home/timlittau/Documents/InferQ/analysis/finetuned_rdbms_162/qpy/01a10545701a92cb3c1be91397db2756b215bc59ee41838115cec1ef9aa723fe.qpy,13,2,0.0273854851257056,3419,15,2,13,sqlite,large_size,1,success,0.0008218898437917233,4,4131,"{""automatic_index"": true, ""cache_mb"": 64, ""cache_spill"": false, ""db_path"": "":memory:"", ""journal_mode"": ""OFF"", ""locking_mode"": ""EXCLUSIVE"", ""mmap_mb"": 0, ""synchronous"": ""OFF"", ""temp_store"": ""FILE"", ""threads"": 1}",
01a10545701a92cb3c1be91397db2756b215bc59ee41838115cec1ef9aa723fe,/home/timlittau/Documents/InferQ/analysis/finetuned_rdbms_162/qpy/01a10545701a92cb3c1be91397db2756b215bc59ee41838115cec1ef9aa723fe.qpy,13,2,0.0273854851257056,3419,15,2,13,duckdb,large_size,0,success,0.005921580828726292,4,7366,"{""max_temp_directory_size"": ""128GB"", ""memory_limit"": ""7409MB"", ""preserve_insertion_order"": true, ""temp_directory"": ""analysis/finetuned/rdbms162_all_engines_120s/tmp/large_size/duckdb"", ""threads"": 1}",
01a10545701a92cb3c1be91397db2756b215bc59ee41838115cec1ef9aa723fe,/home/timlittau/Documents/InferQ/analysis/finetuned_rdbms_162/qpy/01a10545701a92cb3c1be91397db2756b215bc59ee41838115cec1ef9aa723fe.qpy,13,2,0.0273854851257056,3419,15,2,13,duckdb,large_size,1,success,0.00575829204171896,4,7246,"{""max_temp_directory_size"": ""128GB"", ""memory_limit"": ""7409MB"", ""preserve_insertion_order"": true, ""temp_directory"": ""analysis/finetuned/rdbms162_all_engines_120s/tmp/large_size/duckdb"", ""threads"": 1}",
01a10545701a92cb3c1be91397db2756b215bc59ee41838115cec1ef9aa723fe,/home/timlittau/Documents/InferQ/analysis/finetuned_rdbms_162/qpy/01a10545701a92cb3c1be91397db2756b215bc59ee41838115cec1ef9aa723fe.qpy,13,2,0.0273854851257056,3419,15,2,13,postgres,large_size,0,success,0.002672339789569378,4,8912,"{""effective_cache_size"": ""2GB"", ""from_collapse_limit"": 1, ""hash_mem_multiplier"": ""1.94"", ""jit"": ""off"", ""join_collapse_limit"": 4, ""max_parallel_workers_per_gather"": 0, ""temp_buffers"": ""65MB"", ""temp_file_limit"": ""-1"", ""work_mem"": ""55MB""}",
01a10545701a92cb3c1be91397db2756b215bc59ee41838115cec1ef9aa723fe,/home/timlittau/Documents/InferQ/analysis/finetuned_rdbms_162/qpy/01a10545701a92cb3c1be91397db2756b215bc59ee41838115cec1ef9aa723fe.qpy,13,2,0.0273854851257056,3419,15,2,13,postgres,large_size,1,success,0.004035023972392082,4,8912,"{""effective_cache_size"": ""2GB"", ""from_collapse_limit"": 1, ""hash_mem_multiplier"": ""1.94"", ""jit"": ""off"", ""join_collapse_limit"": 4, ""max_parallel_workers_per_gather"": 0, ""temp_buffers"": ""65MB"", ""temp_file_limit"": ""-1"", ""work_mem"": ""55MB""}",
01b9a092cc3518f1d8d4c1a002966b86a56838d272061cb4593c0bdf34d1a86f,/home/timlittau/Documents/InferQ/analysis/finetuned_rdbms_162/qpy/01b9a092cc3518f1d8d4c1a002966b86a56838d272061cb4593c0bdf34d1a86f.qpy,4,22,0.2046684550587088,9012,32,8,24,sqlite,small_size,0,success,0.0030951390508562326,16,4131,"{""automatic_index"": true, ""cache_mb"": 64, ""cache_spill"": false, ""db_path"": "":memory:"", ""journal_mode"": ""OFF"", ""locking_mode"": ""EXCLUSIVE"", ""mmap_mb"": 0, ""synchronous"": ""OFF"", ""temp_store"": ""FILE"", ""threads"": 1}",
01b9a092cc3518f1d8d4c1a002966b86a56838d272061cb4593c0bdf34d1a86f,/home/timlittau/Documents/InferQ/analysis/finetuned_rdbms_162/qpy/01b9a092cc3518f1d8d4c1a002966b86a56838d272061cb4593c0bdf34d1a86f.qpy,4,22,0.2046684550587088,9012,32,8,24,sqlite,small_size,1,success,0.0021793371997773647,16,4131,"{""automatic_index"": true, ""cache_mb"": 64, ""cache_spill"": false, ""db_path"": "":memory:"", ""journal_mode"": ""OFF"", ""locking_mode"": ""EXCLUSIVE"", ""mmap_mb"": 0, ""synchronous"": ""OFF"", ""temp_store"": ""FILE"", ""threads"": 1}",
01b9a092cc3518f1d8d4c1a002966b86a56838d272061cb4593c0bdf34d1a86f,/home/timlittau/Documents/InferQ/analysis/finetuned_rdbms_162/qpy/01b9a092cc3518f1d8d4c1a002966b86a56838d272061cb4593c0bdf34d1a86f.qpy,4,22,0.2046684550587088,9012,32,8,24,duckdb,small_size,0,success,0.030944447964429855,16,12901,"{""max_temp_directory_size"": ""256GB"", ""memory_limit"": ""10780MB"", ""preserve_insertion_order"": false, ""temp_directory"": ""analysis/finetuned/rdbms162_all_engines_120s/tmp/small_size/duckdb"", ""threads"": 2}",
01b9a092cc3518f1d8d4c1a002966b86a56838d272061cb4593c0bdf34d1a86f,/home/timlittau/Documents/InferQ/analysis/finetuned_rdbms_162/qpy/01b9a092cc3518f1d8d4c1a002966b86a56838d272061cb4593c0bdf34d1a86f.qpy,4,22,0.2046684550587088,9012,32,8,24,duckdb,small_size,1,success,0.030744421994313598,16,12679,"{""max_temp_directory_size"": ""256GB"", ""memory_limit"": ""10780MB"", ""preserve_insertion_order"": false, ""temp_directory"": ""analysis/finetuned/rdbms162_all_engines_120s/tmp/small_size/duckdb"", ""threads"": 2}",
01b9a092cc3518f1d8d4c1a002966b86a56838d272061cb4593c0bdf34d1a86f,/home/timlittau/Documents/InferQ/analysis/finetuned_rdbms_162/qpy/01b9a092cc3518f1d8d4c1a002966b86a56838d272061cb4593c0bdf34d1a86f.qpy,4,22,0.2046684550587088,9012,32,8,24,postgres,small_size,0,success,0.005391291808336973,16,13761,"{""effective_cache_size"": ""8GB"", ""from_collapse_limit"": 1, ""hash_mem_multiplier"": ""2.0"", ""jit"": ""off"", ""join_collapse_limit"": 1, ""max_parallel_workers_per_gather"": 4, ""temp_buffers"": ""128MB"", ""temp_file_limit"": ""-1"", ""work_mem"": ""256MB""}",
01b9a092cc3518f1d8d4c1a002966b86a56838d272061cb4593c0bdf34d1a86f,/home/timlittau/Documents/InferQ/analysis/finetuned_rdbms_162/qpy/01b9a092cc3518f1d8d4c1a002966b86a56838d272061cb4593c0bdf34d1a86f.qpy,4,22,0.2046684550587088,9012,32,8,24,postgres,small_size,1,success,0.005234298063442111,16,13761,"{""effective_cache_size"": ""8GB"", ""from_collapse_limit"": 1, ""hash_mem_multiplier"": ""2.0"", ""jit"": ""off"", ""join_collapse_limit"": 1, ""max_parallel_workers_per_gather"": 4, ""temp_buffers"": ""128MB"", ""temp_file_limit"": ""-1"", ""work_mem"": ""256MB""}",
01bd19794d6052ab271e3606a6fbaed0d8452dcb20ad34b55bc7dc0c48cefc41,/home/timlittau/Documents/InferQ/analysis/finetuned_rdbms_162/qpy/01bd19794d6052ab271e3606a6fbaed0d8452dcb20ad34b55bc7dc0c48cefc41.qpy,7,44,0.4423623208422214,15039,55,6,49,sqlite,large_size,0,success,0.007965252036228776,128,8401,"{""automatic_index"": true, ""cache_mb"": 64, ""cache_spill"": false, ""db_path"": "":memory:"", ""journal_mode"": ""OFF"", ""locking_mode"": ""EXCLUSIVE"", ""mmap_mb"": 0, ""synchronous"": ""OFF"", ""temp_store"": ""FILE"", ""threads"": 1}",
01bd19794d6052ab271e3606a6fbaed0d8452dcb20ad34b55bc7dc0c48cefc41,/home/timlittau/Documents/InferQ/analysis/finetuned_rdbms_162/qpy/01bd19794d6052ab271e3606a6fbaed0d8452dcb20ad34b55bc7dc0c48cefc41.qpy,7,44,0.4423623208422214,15039,55,6,49,sqlite,large_size,1,success,0.005763631081208587,128,8401,"{""automatic_index"": true, ""cache_mb"": 64, ""cache_spill"": false, ""db_path"": "":memory:"", ""journal_mode"": ""OFF"", ""locking_mode"": ""EXCLUSIVE"", ""mmap_mb"": 0, ""synchronous"": ""OFF"", ""temp_store"": ""FILE"", ""threads"": 1}",
01bd19794d6052ab271e3606a6fbaed0d8452dcb20ad34b55bc7dc0c48cefc41,/home/timlittau/Documents/InferQ/analysis/finetuned_rdbms_162/qpy/01bd19794d6052ab271e3606a6fbaed0d8452dcb20ad34b55bc7dc0c48cefc41.qpy,7,44,0.4423623208422214,15039,55,6,49,duckdb,large_size,0,success,0.08346159593202174,128,19206,"{""max_temp_directory_size"": ""128GB"", ""memory_limit"": ""7409MB"", ""preserve_insertion_order"": true, ""temp_directory"": ""analysis/finetuned/rdbms162_all_engines_120s/tmp/large_size/duckdb"", ""threads"": 1}",
01bd19794d6052ab271e3606a6fbaed0d8452dcb20ad34b55bc7dc0c48cefc41,/home/timlittau/Documents/InferQ/analysis/finetuned_rdbms_162/qpy/01bd19794d6052ab271e3606a6fbaed0d8452dcb20ad34b55bc7dc0c48cefc41.qpy,7,44,0.4423623208422214,15039,55,6,49,duckdb,large_size,1,success,0.07941309502348304,128,19388,"{""max_temp_directory_size"": ""128GB"", ""memory_limit"": ""7409MB"", ""preserve_insertion_order"": true, ""temp_directory"": ""analysis/finetuned/rdbms162_all_engines_120s/tmp/large_size/duckdb"", ""threads"": 1}",
01bd19794d6052ab271e3606a6fbaed0d8452dcb20ad34b55bc7dc0c48cefc41,/home/timlittau/Documents/InferQ/analysis/finetuned_rdbms_162/qpy/01bd19794d6052ab271e3606a6fbaed0d8452dcb20ad34b55bc7dc0c48cefc41.qpy,7,44,0.4423623208422214,15039,55,6,49,postgres,large_size,0,success,0.012463833903893828,128,24741,"{""effective_cache_size"": ""2GB"", ""from_collapse_limit"": 1, ""hash_mem_multiplier"": ""1.94"", ""jit"": ""off"", ""join_collapse_limit"": 4, ""max_parallel_workers_per_gather"": 0, ""temp_buffers"": ""65MB"", ""temp_file_limit"": ""-1"", ""work_mem"": ""55MB""}",
01bd19794d6052ab271e3606a6fbaed0d8452dcb20ad34b55bc7dc0c48cefc41,/home/timlittau/Documents/InferQ/analysis/finetuned_rdbms_162/qpy/01bd19794d6052ab271e3606a6fbaed0d8452dcb20ad34b55bc7dc0c48cefc41.qpy,7,44,0.4423623208422214,15039,55,6,49,postgres,large_size,1,success,0.012162585044279695,128,24901,"{""effective_cache_size"": ""2GB"", ""from_collapse_limit"": 1, ""hash_mem_multiplier"": ""1.94"", ""jit"": ""off"", ""join_collapse_limit"": 4, ""max_parallel_workers_per_gather"": 0, ""temp_buffers"": ""65MB"", ""temp_file_limit"": ""-1"", ""work_mem"": ""55MB""}",
01bf61e070b2ff29591934e1c5e85af73658bf5e2d3db39bc2b9638186e6fa8a,/home/timlittau/Documents/InferQ/analysis/finetuned_rdbms_162/qpy/01bf61e070b2ff29591934e1c5e85af73658bf5e2d3db39bc2b9638186e6fa8a.qpy,5,54,0.5329360859468579,18041,65,8,57,sqlite,small_size,0,success,0.007891600020229816,32,4131,"{""automatic_index"": true, ""cache_mb"": 64, ""cache_spill"": false, ""db_path"": "":memory:"", ""journal_mode"": ""OFF"", ""locking_mode"": ""EXCLUSIVE"", ""mmap_mb"": 0, ""synchronous"": ""OFF"", ""temp_store"": ""FILE"", ""threads"": 1}",
01bf61e070b2ff29591934e1c5e85af73658bf5e2d3db39bc2b9638186e6fa8a,/home/timlittau/Documents/InferQ/analysis/finetuned_rdbms_162/qpy/01bf61e070b2ff29591934e1c5e85af73658bf5e2d3db39bc2b9638186e6fa8a.qpy,5,54,0.5329360859468579,18041,65,8,57,sqlite,small_size,1,success,0.005560826975852251,32,4131,"{""automatic_index"": true, ""cache_mb"": 64, ""cache_spill"": false, ""db_path"": "":memory:"", ""journal_mode"": ""OFF"", ""locking_mode"": ""EXCLUSIVE"", ""mmap_mb"": 0, ""synchronous"": ""OFF"", ""temp_store"": ""FILE"", ""threads"": 1}",
01bf61e070b2ff29591934e1c5e85af73658bf5e2d3db39bc2b9638186e6fa8a,/home/timlittau/Documents/InferQ/analysis/finetuned_rdbms_162/qpy/01bf61e070b2ff29591934e1c5e85af73658bf5e2d3db39bc2b9638186e6fa8a.qpy,5,54,0.5329360859468579,18041,65,8,57,duckdb,small_size,0,success,0.24607739504426718,32,22202,"{""max_temp_directory_size"": ""256GB"", ""memory_limit"": ""10780MB"", ""preserve_insertion_order"": false, ""temp_directory"": ""analysis/finetuned/rdbms162_all_engines_120s/tmp/small_size/duckdb"", ""threads"": 2}",
01bf61e070b2ff29591934e1c5e85af73658bf5e2d3db39bc2b9638186e6fa8a,/home/timlittau/Documents/InferQ/analysis/finetuned_rdbms_162/qpy/01bf61e070b2ff29591934e1c5e85af73658bf5e2d3db39bc2b9638186e6fa8a.qpy,5,54,0.5329360859468579,18041,65,8,57,duckdb,small_size,1,success,0.24831743398681283,32,21770,"{""max_temp_directory_size"": ""256GB"", ""memory_limit"": ""10780MB"", ""preserve_insertion_order"": false, ""temp_directory"": ""analysis/finetuned/rdbms162_all_engines_120s/tmp/small_size/duckdb"", ""threads"": 2}",
01bf61e070b2ff29591934e1c5e85af73658bf5e2d3db39bc2b9638186e6fa8a,/home/timlittau/Documents/InferQ/analysis/finetuned_rdbms_162/qpy/01bf61e070b2ff29591934e1c5e85af73658bf5e2d3db39bc2b9638186e6fa8a.qpy,5,54,0.5329360859468579,18041,65,8,57,postgres,small_size,0,success,0.02628178196027875,32,23165,"{""effective_cache_size"": ""8GB"", ""from_collapse_limit"": 1, ""hash_mem_multiplier"": ""2.0"", ""jit"": ""off"", ""join_collapse_limit"": 1, ""max_parallel_workers_per_gather"": 4, ""temp_buffers"": ""128MB"", ""temp_file_limit"": ""-1"", ""work_mem"": ""256MB""}",
01bf61e070b2ff29591934e1c5e85af73658bf5e2d3db39bc2b9638186e6fa8a,/home/timlittau/Documents/InferQ/analysis/finetuned_rdbms_162/qpy/01bf61e070b2ff29591934e1c5e85af73658bf5e2d3db39bc2b9638186e6fa8a.qpy,5,54,0.5329360859468579,18041,65,8,57,postgres,small_size,1,success,0.014931292040273547,32,23005,"{""effective_cache_size"": ""8GB"", ""from_collapse_limit"": 1, ""hash_mem_multiplier"": ""2.0"", ""jit"": ""off"", ""join_collapse_limit"": 1, ""max_parallel_workers_per_gather"": 4, ""temp_buffers"": ""128MB"", ""temp_file_limit"": ""-1"", ""work_mem"": ""256MB""}",
01c5f9d62a25d0f0668aa4d2a660a79cd9c494ef1040852e3a0d3d64ab8ab142,/home/timlittau/Documents/InferQ/analysis/finetuned_rdbms_162/qpy/01c5f9d62a25d0f0668aa4d2a660a79cd9c494ef1040852e3a0d3d64ab8ab142.qpy,8,30,0.3215543981641531,10896,41,5,36,sqlite,large_size,0,success,0.006330185104161501,256,46505,"{""automatic_index"": true, ""cache_mb"": 64, ""cache_spill"": false, ""db_path"": "":memory:"", ""journal_mode"": ""OFF"", ""locking_mode"": ""EXCLUSIVE"", ""mmap_mb"": 0, ""synchronous"": ""OFF"", ""temp_store"": ""FILE"", ""threads"": 1}",
01c5f9d62a25d0f0668aa4d2a660a79cd9c494ef1040852e3a0d3d64ab8ab142,/home/timlittau/Documents/InferQ/analysis/finetuned_rdbms_162/qpy/01c5f9d62a25d0f0668aa4d2a660a79cd9c494ef1040852e3a0d3d64ab8ab142.qpy,8,30,0.3215543981641531,10896,41,5,36,sqlite,large_size,1,success,0.004999613156542182,256,15665,"{""automatic_index"": true, ""cache_mb"": 64, ""cache_spill"": false, ""db_path"": "":memory:"", ""journal_mode"": ""OFF"", ""locking_mode"": ""EXCLUSIVE"", ""mmap_mb"": 0, ""synchronous"": ""OFF"", ""temp_store"": ""FILE"", ""threads"": 1}",
01c5f9d62a25d0f0668aa4d2a660a79cd9c494ef1040852e3a0d3d64ab8ab142,/home/timlittau/Documents/InferQ/analysis/finetuned_rdbms_162/qpy/01c5f9d62a25d0f0668aa4d2a660a79cd9c494ef1040852e3a0d3d64ab8ab142.qpy,8,30,0.3215543981641531,10896,41,5,36,duckdb,large_size,0,success,0.04339759307913482,256,15996,"{""max_temp_directory_size"": ""128GB"", ""memory_limit"": ""7409MB"", ""preserve_insertion_order"": true, ""temp_directory"": ""analysis/finetuned/rdbms162_all_engines_120s/tmp/large_size/duckdb"", ""threads"": 1}",
01c5f9d62a25d0f0668aa4d2a660a79cd9c494ef1040852e3a0d3d64ab8ab142,/home/timlittau/Documents/InferQ/analysis/finetuned_rdbms_162/qpy/01c5f9d62a25d0f0668aa4d2a660a79cd9c494ef1040852e3a0d3d64ab8ab142.qpy,8,30,0.3215543981641531,10896,41,5,36,duckdb,large_size,1,success,0.04271190008148551,256,16000,"{""max_temp_directory_size"": ""128GB"", ""memory_limit"": ""7409MB"", ""preserve_insertion_order"": true, ""temp_directory"": ""analysis/finetuned/rdbms162_all_engines_120s/tmp/large_size/duckdb"", ""threads"": 1}",
01c5f9d62a25d0f0668aa4d2a660a79cd9c494ef1040852e3a0d3d64ab8ab142,/home/timlittau/Documents/InferQ/analysis/finetuned_rdbms_162/qpy/01c5f9d62a25d0f0668aa4d2a660a79cd9c494ef1040852e3a0d3d64ab8ab142.qpy,8,30,0.3215543981641531,10896,41,5,36,postgres,large_size,0,success,0.010401495033875108,256,27974,"{""effective_cache_size"": ""2GB"", ""from_collapse_limit"": 1, ""hash_mem_multiplier"": ""1.94"", ""jit"": ""off"", ""join_collapse_limit"": 4, ""max_parallel_workers_per_gather"": 0, ""temp_buffers"": ""65MB"", ""temp_file_limit"": ""-1"", ""work_mem"": ""55MB""}",
01c5f9d62a25d0f0668aa4d2a660a79cd9c494ef1040852e3a0d3d64ab8ab142,/home/timlittau/Documents/InferQ/analysis/finetuned_rdbms_162/qpy/01c5f9d62a25d0f0668aa4d2a660a79cd9c494ef1040852e3a0d3d64ab8ab142.qpy,8,30,0.3215543981641531,10896,41,5,36,postgres,large_size,1,success,0.01254961802624166,256,27854,"{""effective_cache_size"": ""2GB"", ""from_collapse_limit"": 1, ""hash_mem_multiplier"": ""1.94"", ""jit"": ""off"", ""join_collapse_limit"": 4, ""max_parallel_workers_per_gather"": 0, ""temp_buffers"": ""65MB"", ""temp_file_limit"": ""-1"", ""work_mem"": ""55MB""}",
01c654ce022402fedb4a36c26aab8a8017d564dd765910839f56a2398c0b4dac,/home/timlittau/Documents/InferQ/analysis/finetuned_rdbms_162/qpy/01c654ce022402fedb4a36c26aab8a8017d564dd765910839f56a2398c0b4dac.qpy,10,16,0.15500871790573,7203,28,4,24,sqlite,small_size,0,success,0.0029805649537593126,64,4875,"{""automatic_index"": true, ""cache_mb"": 64, ""cache_spill"": false, ""db_path"": "":memory:"", ""journal_mode"": ""OFF"", ""locking_mode"": ""EXCLUSIVE"", ""mmap_mb"": 0, ""synchronous"": ""OFF"", ""temp_store"": ""FILE"", ""threads"": 1}",
01c654ce022402fedb4a36c26aab8a8017d564dd765910839f56a2398c0b4dac,/home/timlittau/Documents/InferQ/analysis/finetuned_rdbms_162/qpy/01c654ce022402fedb4a36c26aab8a8017d564dd765910839f56a2398c0b4dac.qpy,10,16,0.15500871790573,7203,28,4,24,sqlite,small_size,1,success,0.002137059113010764,64,4875,"{""automatic_index"": true, ""cache_mb"": 64, ""cache_spill"": false, ""db_path"": "":memory:"", ""journal_mode"": ""OFF"", ""locking_mode"": ""EXCLUSIVE"", ""mmap_mb"": 0, ""synchronous"": ""OFF"", ""temp_store"": ""FILE"", ""threads"": 1}",
01c654ce022402fedb4a36c26aab8a8017d564dd765910839f56a2398c0b4dac,/home/timlittau/Documents/InferQ/analysis/finetuned_rdbms_162/qpy/01c654ce022402fedb4a36c26aab8a8017d564dd765910839f56a2398c0b4dac.qpy,10,16,0.15500871790573,7203,28,4,24,duckdb,small_size,0,success,0.017270958982408047,64,11216,"{""max_temp_directory_size"": ""256GB"", ""memory_limit"": ""10780MB"", ""preserve_insertion_order"": false, ""temp_directory"": ""analysis/finetuned/rdbms162_all_engines_120s/tmp/small_size/duckdb"", ""threads"": 2}",
01c654ce022402fedb4a36c26aab8a8017d564dd765910839f56a2398c0b4dac,/home/timlittau/Documents/InferQ/analysis/finetuned_rdbms_162/qpy/01c654ce022402fedb4a36c26aab8a8017d564dd765910839f56a2398c0b4dac.qpy,10,16,0.15500871790573,7203,28,4,24,duckdb,small_size,1,success,0.017410347936674953,64,10870,"{""max_temp_directory_size"": ""256GB"", ""memory_limit"": ""10780MB"", ""preserve_insertion_order"": false, ""temp_directory"": ""analysis/finetuned/rdbms162_all_engines_120s/tmp/small_size/duckdb"", ""threads"": 2}",
01c654ce022402fedb4a36c26aab8a8017d564dd765910839f56a2398c0b4dac,/home/timlittau/Documents/InferQ/analysis/finetuned_rdbms_162/qpy/01c654ce022402fedb4a36c26aab8a8017d564dd765910839f56a2398c0b4dac.qpy,10,16,0.15500871790573,7203,28,4,24,postgres,small_size,0,success,0.0048285420052707195,64,13584,"{""effective_cache_size"": ""8GB"", ""from_collapse_limit"": 1, ""hash_mem_multiplier"": ""2.0"", ""jit"": ""off"", ""join_collapse_limit"": 1, ""max_parallel_workers_per_gather"": 4, ""temp_buffers"": ""128MB"", ""temp_file_limit"": ""-1"", ""work_mem"": ""256MB""}",
01c654ce022402fedb4a36c26aab8a8017d564dd765910839f56a2398c0b4dac,/home/timlittau/Documents/InferQ/analysis/finetuned_rdbms_162/qpy/01c654ce022402fedb4a36c26aab8a8017d564dd765910839f56a2398c0b4dac.qpy,10,16,0.15500871790573,7203,28,4,24,postgres,small_size,1,success,0.004831691971048713,64,13584,"{""effective_cache_size"": ""8GB"", ""from_collapse_limit"": 1, ""hash_mem_multiplier"": ""2.0"", ""jit"": ""off"", ""join_collapse_limit"": 1, ""max_parallel_workers_per_gather"": 4, ""temp_buffers"": ""128MB"", ""temp_file_limit"": ""-1"", ""work_mem"": ""256MB""}",
01ddb718a384a988e2aa004a3d489e84304582a524598f1a41792a5d427752da,/home/timlittau/Documents/InferQ/analysis/finetuned_rdbms_162/qpy/01ddb718a384a988e2aa004a3d489e84304582a524598f1a41792a5d427752da.qpy,15,79,0.8204843509010971,27273,97,5,92,sqlite,large_size,0,success,0.31893161009065807,32768,3807969,"{""automatic_index"": true, ""cache_mb"": 64, ""cache_spill"": false, ""db_path"": "":memory:"", ""journal_mode"": ""OFF"", ""locking_mode"": ""EXCLUSIVE"", ""mmap_mb"": 0, ""synchronous"": ""OFF"", ""temp_store"": ""FILE"", ""threads"": 1}",
01ddb718a384a988e2aa004a3d489e84304582a524598f1a41792a5d427752da,/home/timlittau/Documents/InferQ/analysis/finetuned_rdbms_162/qpy/01ddb718a384a988e2aa004a3d489e84304582a524598f1a41792a5d427752da.qpy,15,79,0.8204843509010971,27273,97,5,92,sqlite,large_size,1,success,0.3104519348125905,32768,3807969,"{""automatic_index"": true, ""cache_mb"": 64, ""cache_spill"": false, ""db_path"": "":memory:"", ""journal_mode"": ""OFF"", ""locking_mode"": ""EXCLUSIVE"", ""mmap_mb"": 0, ""synchronous"": ""OFF"", ""temp_store"": ""FILE"", ""threads"": 1}",
01ddb718a384a988e2aa004a3d489e84304582a524598f1a41792a5d427752da,/home/timlittau/Documents/InferQ/analysis/finetuned_rdbms_162/qpy/01ddb718a384a988e2aa004a3d489e84304582a524598f1a41792a5d427752da.qpy,15,79,0.8204843509010971,27273,97,5,92,duckdb,large_size,0,success,0.24066254799254239,32768,3808626,"{""max_temp_directory_size"": ""128GB"", ""memory_limit"": ""7409MB"", ""preserve_insertion_order"": true, ""temp_directory"": ""analysis/finetuned/rdbms162_all_engines_120s/tmp/large_size/duckdb"", ""threads"": 1}",
01ddb718a384a988e2aa004a3d489e84304582a524598f1a41792a5d427752da,/home/timlittau/Documents/InferQ/analysis/finetuned_rdbms_162/qpy/01ddb718a384a988e2aa004a3d489e84304582a524598f1a41792a5d427752da.qpy,15,79,0.8204843509010971,27273,97,5,92,duckdb,large_size,1,success,0.24897033511660993,32768,3808626,"{""max_temp_directory_size"": ""128GB"", ""memory_limit"": ""7409MB"", ""preserve_insertion_order"": true, ""temp_directory"": ""analysis/finetuned/rdbms162_all_engines_120s/tmp/large_size/duckdb"", ""threads"": 1}",
01ddb718a384a988e2aa004a3d489e84304582a524598f1a41792a5d427752da,/home/timlittau/Documents/InferQ/analysis/finetuned_rdbms_162/qpy/01ddb718a384a988e2aa004a3d489e84304582a524598f1a41792a5d427752da.qpy,15,79,0.8204843509010971,27273,97,5,92,postgres,large_size,0,success,0.3894538008607924,32768,3833983,"{""effective_cache_size"": ""2GB"", ""from_collapse_limit"": 1, ""hash_mem_multiplier"": ""1.94"", ""jit"": ""off"", ""join_collapse_limit"": 4, ""max_parallel_workers_per_gather"": 0, ""temp_buffers"": ""65MB"", ""temp_file_limit"": ""-1"", ""work_mem"": ""55MB""}",
01ddb718a384a988e2aa004a3d489e84304582a524598f1a41792a5d427752da,/home/timlittau/Documents/InferQ/analysis/finetuned_rdbms_162/qpy/01ddb718a384a988e2aa004a3d489e84304582a524598f1a41792a5d427752da.qpy,15,79,0.8204843509010971,27273,97,5,92,postgres,large_size,1,success,0.3851856200490147,32768,3834143,"{""effective_cache_size"": ""2GB"", ""from_collapse_limit"": 1, ""hash_mem_multiplier"": ""1.94"", ""jit"": ""off"", ""join_collapse_limit"": 4, ""max_parallel_workers_per_gather"": 0, ""temp_buffers"": ""65MB"", ""temp_file_limit"": ""-1"", ""work_mem"": ""55MB""}",
01e5269d3279c99e162255f828b83210762c4ba09d58900fb6758cff95972450,/home/timlittau/Documents/InferQ/analysis/finetuned_rdbms_162/qpy/01e5269d3279c99e162255f828b83210762c4ba09d58900fb6758cff95972450.qpy,3,20,0.17409440712071955,7410,26,5,21,sqlite,small_size,0,success,0.002736177993938327,8,4131,"{""automatic_index"": true, ""cache_mb"": 64, ""cache_spill"": false, ""db_path"": "":memory:"", ""journal_mode"": ""OFF"", ""locking_mode"": ""EXCLUSIVE"", ""mmap_mb"": 0, ""synchronous"": ""OFF"", ""temp_store"": ""FILE"", ""threads"": 1}",
01e5269d3279c99e162255f828b83210762c4ba09d58900fb6758cff95972450,/home/timlittau/Documents/InferQ/analysis/finetuned_rdbms_162/qpy/01e5269d3279c99e162255f828b83210762c4ba09d58900fb6758cff95972450.qpy,3,20,0.17409440712071955,7410,26,5,21,sqlite,small_size,1,success,0.0019527159165591002,8,4131,"{""automatic_index"": true, ""cache_mb"": 64, ""cache_spill"": false, ""db_path"": "":memory:"", ""journal_mode"": ""OFF"", ""locking_mode"": ""EXCLUSIVE"", ""mmap_mb"": 0, ""synchronous"": ""OFF"", ""temp_store"": ""FILE"", ""threads"": 1}",
01e5269d3279c99e162255f828b83210762c4ba09d58900fb6758cff95972450,/home/timlittau/Documents/InferQ/analysis/finetuned_rdbms_162/qpy/01e5269d3279c99e162255f828b83210762c4ba09d58900fb6758cff95972450.qpy,3,20,0.17409440712071955,7410,26,5,21,duckdb,small_size,0,success,0.03066525119356811,8,11671,"{""max_temp_directory_size"": ""256GB"", ""memory_limit"": ""10780MB"", ""preserve_insertion_order"": false, ""temp_directory"": ""analysis/finetuned/rdbms162_all_engines_120s/tmp/small_size/duckdb"", ""threads"": 2}",
01e5269d3279c99e162255f828b83210762c4ba09d58900fb6758cff95972450,/home/timlittau/Documents/InferQ/analysis/finetuned_rdbms_162/qpy/01e5269d3279c99e162255f828b83210762c4ba09d58900fb6758cff95972450.qpy,3,20,0.17409440712071955,7410,26,5,21,duckdb,small_size,1,success,0.03092333418317139,8,11733,"{""max_temp_directory_size"": ""256GB"", ""memory_limit"": ""10780MB"", ""preserve_insertion_order"": false, ""temp_directory"": ""analysis/finetuned/rdbms162_all_engines_120s/tmp/small_size/duckdb"", ""threads"": 2}",
01e5269d3279c99e162255f828b83210762c4ba09d58900fb6758cff95972450,/home/timlittau/Documents/InferQ/analysis/finetuned_rdbms_162/qpy/01e5269d3279c99e162255f828b83210762c4ba09d58900fb6758cff95972450.qpy,3,20,0.17409440712071955,7410,26,5,21,postgres,small_size,0,success,0.0047182380221784115,8,12183,"{""effective_cache_size"": ""8GB"", ""from_collapse_limit"": 1, ""hash_mem_multiplier"": ""2.0"", ""jit"": ""off"", ""join_collapse_limit"": 1, ""max_parallel_workers_per_gather"": 4, ""temp_buffers"": ""128MB"", ""temp_file_limit"": ""-1"", ""work_mem"": ""256MB""}",
01e5269d3279c99e162255f828b83210762c4ba09d58900fb6758cff95972450,/home/timlittau/Documents/InferQ/analysis/finetuned_rdbms_162/qpy/01e5269d3279c99e162255f828b83210762c4ba09d58900fb6758cff95972450.qpy,3,20,0.17409440712071955,7410,26,5,21,postgres,small_size,1,success,0.004604652989655733,8,12023,"{""effective_cache_size"": ""8GB"", ""from_collapse_limit"": 1, ""hash_mem_multiplier"": ""2.0"", ""jit"": ""off"", ""join_collapse_limit"": 1, ""max_parallel_workers_per_gather"": 4, ""temp_buffers"": ""128MB"", ""temp_file_limit"": ""-1"", ""work_mem"": ""256MB""}",
01e6e6b8333336440deaf89f9600ef6d4ce399cb8ae4d82a3ef34f4388286877,/home/timlittau/Documents/InferQ/analysis/finetuned_rdbms_162/qpy/01e6e6b8333336440deaf89f9600ef6d4ce399cb8ae4d82a3ef34f4388286877.qpy,15,116,1.4636501830536872,39478,135,6,129,sqlite,large_size,0,success,0.3165718149393797,32768,3807969,"{""automatic_index"": true, ""cache_mb"": 64, ""cache_spill"": false, ""db_path"": "":memory:"", ""journal_mode"": ""OFF"", ""locking_mode"": ""EXCLUSIVE"", ""mmap_mb"": 0, ""synchronous"": ""OFF"", ""temp_store"": ""FILE"", ""threads"": 1}",
01e6e6b8333336440deaf89f9600ef6d4ce399cb8ae4d82a3ef34f4388286877,/home/timlittau/Documents/InferQ/analysis/finetuned_rdbms_162/qpy/01e6e6b8333336440deaf89f9600ef6d4ce399cb8ae4d82a3ef34f4388286877.qpy,15,116,1.4636501830536872,39478,135,6,129,sqlite,large_size,1,success,0.30042940005660057,32768,3807969,"{""automatic_index"": true, ""cache_mb"": 64, ""cache_spill"": false, ""db_path"": "":memory:"", ""journal_mode"": ""OFF"", ""locking_mode"": ""EXCLUSIVE"", ""mmap_mb"": 0, ""synchronous"": ""OFF"", ""temp_store"": ""FILE"", ""threads"": 1}",
01e6e6b8333336440deaf89f9600ef6d4ce399cb8ae4d82a3ef34f4388286877,/home/timlittau/Documents/InferQ/analysis/finetuned_rdbms_162/qpy/01e6e6b8333336440deaf89f9600ef6d4ce399cb8ae4d82a3ef34f4388286877.qpy,15,116,1.4636501830536872,39478,135,6,129,duckdb,large_size,0,success,0.43191730696707964,32768,3808626,"{""max_temp_directory_size"": ""128GB"", ""memory_limit"": ""7409MB"", ""preserve_insertion_order"": true, ""temp_directory"": ""analysis/finetuned/rdbms162_all_engines_120s/tmp/large_size/duckdb"", ""threads"": 1}",
01e6e6b8333336440deaf89f9600ef6d4ce399cb8ae4d82a3ef34f4388286877,/home/timlittau/Documents/InferQ/analysis/finetuned_rdbms_162/qpy/01e6e6b8333336440deaf89f9600ef6d4ce399cb8ae4d82a3ef34f4388286877.qpy,15,116,1.4636501830536872,39478,135,6,129,duckdb,large_size,1,success,0.43085799599066377,32768,3808786,"{""max_temp_directory_size"": ""128GB"", ""memory_limit"": ""7409MB"", ""preserve_insertion_order"": true, ""temp_directory"": ""analysis/finetuned/rdbms162_all_engines_120s/tmp/large_size/duckdb"", ""threads"": 1}",
01e6e6b8333336440deaf89f9600ef6d4ce399cb8ae4d82a3ef34f4388286877,/home/timlittau/Documents/InferQ/analysis/finetuned_rdbms_162/qpy/01e6e6b8333336440deaf89f9600ef6d4ce399cb8ae4d82a3ef34f4388286877.qpy,15,116,1.4636501830536872,39478,135,6,129,postgres,large_size,0,success,0.4923725170083344,32768,3846190,"{""effective_cache_size"": ""2GB"", ""from_collapse_limit"": 1, ""hash_mem_multiplier"": ""1.94"", ""jit"": ""off"", ""join_collapse_limit"": 4, ""max_parallel_workers_per_gather"": 0, ""temp_buffers"": ""65MB"", ""temp_file_limit"": ""-1"", ""work_mem"": ""55MB""}",
01e6e6b8333336440deaf89f9600ef6d4ce399cb8ae4d82a3ef34f4388286877,/home/timlittau/Documents/InferQ/analysis/finetuned_rdbms_162/qpy/01e6e6b8333336440deaf89f9600ef6d4ce399cb8ae4d82a3ef34f4388286877.qpy,15,116,1.4636501830536872,39478,135,6,129,postgres,large_size,1,success,0.4872489629779011,32768,3846190,"{""effective_cache_size"": ""2GB"", ""from_collapse_limit"": 1, ""hash_mem_multiplier"": ""1.94"", ""jit"": ""off"", ""join_collapse_limit"": 4, ""max_parallel_workers_per_gather"": 0, ""temp_buffers"": ""65MB"", ""temp_file_limit"": ""-1"", ""work_mem"": ""55MB""}",
01fb7403455f420178e88ce2fd24e6cb419e63a676c6a3b87bf1a0efa7d45aa3,/home/timlittau/Documents/InferQ/analysis/finetuned_rdbms_162/qpy/01fb7403455f420178e88ce2fd24e6cb419e63a676c6a3b87bf1a0efa7d45aa3.qpy,9,24,0.23502659983932972,9801,36,5,31,sqlite,small_size,0,success,0.005044983001425862,128,8929,"{""automatic_index"": true, ""cache_mb"": 64, ""cache_spill"": false, ""db_path"": "":memory:"", ""journal_mode"": ""OFF"", ""locking_mode"": ""EXCLUSIVE"", ""mmap_mb"": 0, ""synchronous"": ""OFF"", ""temp_store"": ""FILE"", ""threads"": 1}",
01fb7403455f420178e88ce2fd24e6cb419e63a676c6a3b87bf1a0efa7d45aa3,/home/timlittau/Documents/InferQ/analysis/finetuned_rdbms_162/qpy/01fb7403455f420178e88ce2fd24e6cb419e63a676c6a3b87bf1a0efa7d45aa3.qpy,9,24,0.23502659983932972,9801,36,5,31,sqlite,small_size,1,success,0.00367532717064023,128,8401,"{""automatic_index"": true, ""cache_mb"": 64, ""cache_spill"": false, ""db_path"": "":memory:"", ""journal_mode"": ""OFF"", ""locking_mode"": ""EXCLUSIVE"", ""mmap_mb"": 0, ""synchronous"": ""OFF"", ""temp_store"": ""FILE"", ""threads"": 1}",
01fb7403455f420178e88ce2fd24e6cb419e63a676c6a3b87bf1a0efa7d45aa3,/home/timlittau/Documents/InferQ/analysis/finetuned_rdbms_162/qpy/01fb7403455f420178e88ce2fd24e6cb419e63a676c6a3b87bf1a0efa7d45aa3.qpy,9,24,0.23502659983932972,9801,36,5,31,duckdb,small_size,0,success,0.03144640289247036,128,13876,"{""max_temp_directory_size"": ""256GB"", ""memory_limit"": ""10780MB"", ""preserve_insertion_order"": false, ""temp_directory"": ""analysis/finetuned/rdbms162_all_engines_120s/tmp/small_size/duckdb"", ""threads"": 2}",
01fb7403455f420178e88ce2fd24e6cb419e63a676c6a3b87bf1a0efa7d45aa3,/home/timlittau/Documents/InferQ/analysis/finetuned_rdbms_162/qpy/01fb7403455f420178e88ce2fd24e6cb419e63a676c6a3b87bf1a0efa7d45aa3.qpy,9,24,0.23502659983932972,9801,36,5,31,duckdb,small_size,1,success,0.03140938887372613,128,13748,"{""max_temp_directory_size"": ""256GB"", ""memory_limit"": ""10780MB"", ""preserve_insertion_order"": false, ""temp_directory"": ""analysis/finetuned/rdbms162_all_engines_120s/tmp/small_size/duckdb"", ""threads"": 2}",
01fb7403455f420178e88ce2fd24e6cb419e63a676c6a3b87bf1a0efa7d45aa3,/home/timlittau/Documents/InferQ/analysis/finetuned_rdbms_162/qpy/01fb7403455f420178e88ce2fd24e6cb419e63a676c6a3b87bf1a0efa7d45aa3.qpy,9,24,0.23502659983932972,9801,36,5,31,postgres,small_size,0,success,0.007709736004471779,128,19680,"{""effective_cache_size"": ""8GB"", ""from_collapse_limit"": 1, ""hash_mem_multiplier"": ""2.0"", ""jit"": ""off"", ""join_collapse_limit"": 1, ""max_parallel_workers_per_gather"": 4, ""temp_buffers"": ""128MB"", ""temp_file_limit"": ""-1"", ""work_mem"": ""256MB""}",
01fb7403455f420178e88ce2fd24e6cb419e63a676c6a3b87bf1a0efa7d45aa3,/home/timlittau/Documents/InferQ/analysis/finetuned_rdbms_162/qpy/01fb7403455f420178e88ce2fd24e6cb419e63a676c6a3b87bf1a0efa7d45aa3.qpy,9,24,0.23502659983932972,9801,36,5,31,postgres,small_size,1,success,0.007745853858068585,128,19680,"{""effective_cache_size"": ""8GB"", ""from_collapse_limit"": 1, ""hash_mem_multiplier"": ""2.0"", ""jit"": ""off"", ""join_collapse_limit"": 1, ""max_parallel_workers_per_gather"": 4, ""temp_buffers"": ""128MB"", ""temp_file_limit"": ""-1"", ""work_mem"": ""256MB""}",
02095daed6eb3e9af9528e2aae13dd94969cb824cbce68750e951bad169659e0,/home/timlittau/Documents/InferQ/analysis/finetuned_rdbms_162/qpy/02095daed6eb3e9af9528e2aae13dd94969cb824cbce68750e951bad169659e0.qpy,8,20,0.20923414290882647,8274,33,7,26,sqlite,small_size,0,success,0.0031563350930809975,16,6051,"{""automatic_index"": true, ""cache_mb"": 64, ""cache_spill"": false, ""db_path"": "":memory:"", ""journal_mode"": ""OFF"", ""locking_mode"": ""EXCLUSIVE"", ""mmap_mb"": 0, ""synchronous"": ""OFF"", ""temp_store"": ""FILE"", ""threads"": 1}",
02095daed6eb3e9af9528e2aae13dd94969cb824cbce68750e951bad169659e0,/home/timlittau/Documents/InferQ/analysis/finetuned_rdbms_162/qpy/02095daed6eb3e9af9528e2aae13dd94969cb824cbce68750e951bad169659e0.qpy,8,20,0.20923414290882647,8274,33,7,26,sqlite,small_size,1,success,0.0027723379898816347,16,4131,"{""automatic_index"": true, ""cache_mb"": 64, ""cache_spill"": false, ""db_path"": "":memory:"", ""journal_mode"": ""OFF"", ""locking_mode"": ""EXCLUSIVE"", ""mmap_mb"": 0, ""synchronous"": ""OFF"", ""temp_store"": ""FILE"", ""threads"": 1}",
02095daed6eb3e9af9528e2aae13dd94969cb824cbce68750e951bad169659e0,/home/timlittau/Documents/InferQ/analysis/finetuned_rdbms_162/qpy/02095daed6eb3e9af9528e2aae13dd94969cb824cbce68750e951bad169659e0.qpy,8,20,0.20923414290882647,8274,33,7,26,duckdb,small_size,0,success,0.04469904606230557,16,12035,"{""max_temp_directory_size"": ""256GB"", ""memory_limit"": ""10780MB"", ""preserve_insertion_order"": false, ""temp_directory"": ""analysis/finetuned/rdbms162_all_engines_120s/tmp/small_size/duckdb"", ""threads"": 2}",
02095daed6eb3e9af9528e2aae13dd94969cb824cbce68750e951bad169659e0,/home/timlittau/Documents/InferQ/analysis/finetuned_rdbms_162/qpy/02095daed6eb3e9af9528e2aae13dd94969cb824cbce68750e951bad169659e0.qpy,8,20,0.20923414290882647,8274,33,7,26,duckdb,small_size,1,success,0.0439508690033108,16,12003,"{""max_temp_directory_size"": ""256GB"", ""memory_limit"": ""10780MB"", ""preserve_insertion_order"": false, ""temp_directory"": ""analysis/finetuned/rdbms162_all_engines_120s/tmp/small_size/duckdb"", ""threads"": 2}",
02095daed6eb3e9af9528e2aae13dd94969cb824cbce68750e951bad169659e0,/home/timlittau/Documents/InferQ/analysis/finetuned_rdbms_162/qpy/02095daed6eb3e9af9528e2aae13dd94969cb824cbce68750e951bad169659e0.qpy,8,20,0.20923414290882647,8274,33,7,26,postgres,small_size,0,success,0.005502452841028571,16,13493,"{""effective_cache_size"": ""8GB"", ""from_collapse_limit"": 1, ""hash_mem_multiplier"": ""2.0"", ""jit"": ""off"", ""join_collapse_limit"": 1, ""max_parallel_workers_per_gather"": 4, ""temp_buffers"": ""128MB"", ""temp_file_limit"": ""-1"", ""work_mem"": ""256MB""}",
02095daed6eb3e9af9528e2aae13dd94969cb824cbce68750e951bad169659e0,/home/timlittau/Documents/InferQ/analysis/finetuned_rdbms_162/qpy/02095daed6eb3e9af9528e2aae13dd94969cb824cbce68750e951bad169659e0.qpy,8,20,0.20923414290882647,8274,33,7,26,postgres,small_size,1,success,0.005480916006490588,16,13534,"{""effective_cache_size"": ""8GB"", ""from_collapse_limit"": 1, ""hash_mem_multiplier"": ""2.0"", ""jit"": ""off"", ""join_collapse_limit"": 1, ""max_parallel_workers_per_gather"": 4, ""temp_buffers"": ""128MB"", ""temp_file_limit"": ""-1"", ""work_mem"": ""256MB""}",
020f4ee34ad183187ac5f8fef74071271400d64b7970d4f027c3cb53eb1abee8,/home/timlittau/Documents/InferQ/analysis/finetuned_rdbms_162/qpy/020f4ee34ad183187ac5f8fef74071271400d64b7970d4f027c3cb53eb1abee8.qpy,4,17,0.14607251016423106,7114,27,8,19,sqlite,small_size,0,success,0.0024175348225980997,4,4131,"{""automatic_index"": true, ""cache_mb"": 64, ""cache_spill"": false, ""db_path"": "":memory:"", ""journal_mode"": ""OFF"", ""locking_mode"": ""EXCLUSIVE"", ""mmap_mb"": 0, ""synchronous"": ""OFF"", ""temp_store"": ""FILE"", ""threads"": 1}",
020f4ee34ad183187ac5f8fef74071271400d64b7970d4f027c3cb53eb1abee8,/home/timlittau/Documents/InferQ/analysis/finetuned_rdbms_162/qpy/020f4ee34ad183187ac5f8fef74071271400d64b7970d4f027c3cb53eb1abee8.qpy,4,17,0.14607251016423106,7114,27,8,19,sqlite,small_size,1,success,0.001603810116648674,4,4131,"{""automatic_index"": true, ""cache_mb"": 64, ""cache_spill"": false, ""db_path"": "":memory:"", ""journal_mode"": ""OFF"", ""locking_mode"": ""EXCLUSIVE"", ""mmap_mb"": 0, ""synchronous"": ""OFF"", ""temp_store"": ""FILE"", ""threads"": 1}",
020f4ee34ad183187ac5f8fef74071271400d64b7970d4f027c3cb53eb1abee8,/home/timlittau/Documents/InferQ/analysis/finetuned_rdbms_162/qpy/020f4ee34ad183187ac5f8fef74071271400d64b7970d4f027c3cb53eb1abee8.qpy,4,17,0.14607251016423106,7114,27,8,19,duckdb,small_size,0,success,0.016433950047940016,4,11093,"{""max_temp_directory_size"": ""256GB"", ""memory_limit"": ""10780MB"", ""preserve_insertion_order"": false, ""temp_directory"": ""analysis/finetuned/rdbms162_all_engines_120s/tmp/small_size/duckdb"", ""threads"": 2}",
020f4ee34ad183187ac5f8fef74071271400d64b7970d4f027c3cb53eb1abee8,/home/timlittau/Documents/InferQ/analysis/finetuned_rdbms_162/qpy/020f4ee34ad183187ac5f8fef74071271400d64b7970d4f027c3cb53eb1abee8.qpy,4,17,0.14607251016423106,7114,27,8,19,duckdb,small_size,1,success,0.015532162971794605,4,10843,"{""max_temp_directory_size"": ""256GB"", ""memory_limit"": ""10780MB"", ""preserve_insertion_order"": false, ""temp_directory"": ""analysis/finetuned/rdbms162_all_engines_120s/tmp/small_size/duckdb"", ""threads"": 2}",
020f4ee34ad183187ac5f8fef74071271400d64b7970d4f027c3cb53eb1abee8,/home/timlittau/Documents/InferQ/analysis/finetuned_rdbms_162/qpy/020f4ee34ad183187ac5f8fef74071271400d64b7970d4f027c3cb53eb1abee8.qpy,4,17,0.14607251016423106,7114,27,8,19,postgres,small_size,0,success,0.003916705958545208,4,11975,"{""effective_cache_size"": ""8GB"", ""from_collapse_limit"": 1, ""hash_mem_multiplier"": ""2.0"", ""jit"": ""off"", ""join_collapse_limit"": 1, ""max_parallel_workers_per_gather"": 4, ""temp_buffers"": ""128MB"", ""temp_file_limit"": ""-1"", ""work_mem"": ""256MB""}",
020f4ee34ad183187ac5f8fef74071271400d64b7970d4f027c3cb53eb1abee8,/home/timlittau/Documents/InferQ/analysis/finetuned_rdbms_162/qpy/020f4ee34ad183187ac5f8fef74071271400d64b7970d4f027c3cb53eb1abee8.qpy,4,17,0.14607251016423106,7114,27,8,19,postgres,small_size,1,success,0.004019146086648107,4,11815,"{""effective_cache_size"": ""8GB"", ""from_collapse_limit"": 1, ""hash_mem_multiplier"": ""2.0"", ""jit"": ""off"", ""join_collapse_limit"": 1, ""max_parallel_workers_per_gather"": 4, ""temp_buffers"": ""128MB"", ""temp_file_limit"": ""-1"", ""work_mem"": ""256MB""}",
021221222ad36e2c16b671646cf1100b1b5d56f9b8fdae21afd4ca018836ef0b,/home/timlittau/Documents/InferQ/analysis/finetuned_rdbms_162/qpy/021221222ad36e2c16b671646cf1100b1b5d56f9b8fdae21afd4ca018836ef0b.qpy,4,39,0.36423944402486086,13014,46,5,41,sqlite,large_size,0,success,0.00610463204793632,16,4131,"{""automatic_index"": true, ""cache_mb"": 64, ""cache_spill"": false, ""db_path"": "":memory:"", ""journal_mode"": ""OFF"", ""locking_mode"": ""EXCLUSIVE"", ""mmap_mb"": 0, ""synchronous"": ""OFF"", ""temp_store"": ""FILE"", ""threads"": 1}",
021221222ad36e2c16b671646cf1100b1b5d56f9b8fdae21afd4ca018836ef0b,/home/timlittau/Documents/InferQ/analysis/finetuned_rdbms_162/qpy/021221222ad36e2c16b671646cf1100b1b5d56f9b8fdae21afd4ca018836ef0b.qpy,4,39,0.36423944402486086,13014,46,5,41,sqlite,large_size,1,success,0.003883559023961425,16,4131,"{""automatic_index"": true, ""cache_mb"": 64, ""cache_spill"": false, ""db_path"": "":memory:"", ""journal_mode"": ""OFF"", ""locking_mode"": ""EXCLUSIVE"", ""mmap_mb"": 0, ""synchronous"": ""OFF"", ""temp_store"": ""FILE"", ""threads"": 1}",
021221222ad36e2c16b671646cf1100b1b5d56f9b8fdae21afd4ca018836ef0b,/home/timlittau/Documents/InferQ/analysis/finetuned_rdbms_162/qpy/021221222ad36e2c16b671646cf1100b1b5d56f9b8fdae21afd4ca018836ef0b.qpy,4,39,0.36423944402486086,13014,46,5,41,duckdb,large_size,0,success,0.05933078401722014,16,16899,"{""max_temp_directory_size"": ""128GB"", ""memory_limit"": ""7409MB"", ""preserve_insertion_order"": true, ""temp_directory"": ""analysis/finetuned/rdbms162_all_engines_120s/tmp/large_size/duckdb"", ""threads"": 1}",
021221222ad36e2c16b671646cf1100b1b5d56f9b8fdae21afd4ca018836ef0b,/home/timlittau/Documents/InferQ/analysis/finetuned_rdbms_162/qpy/021221222ad36e2c16b671646cf1100b1b5d56f9b8fdae21afd4ca018836ef0b.qpy,4,39,0.36423944402486086,13014,46,5,41,duckdb,large_size,1,success,0.06269424594938755,16,16965,"{""max_temp_directory_size"": ""128GB"", ""memory_limit"": ""7409MB"", ""preserve_insertion_order"": true, ""temp_directory"": ""analysis/finetuned/rdbms162_all_engines_120s/tmp/large_size/duckdb"", ""threads"": 1}",
021221222ad36e2c16b671646cf1100b1b5d56f9b8fdae21afd4ca018836ef0b,/home/timlittau/Documents/InferQ/analysis/finetuned_rdbms_162/qpy/021221222ad36e2c16b671646cf1100b1b5d56f9b8fdae21afd4ca018836ef0b.qpy,4,39,0.36423944402486086,13014,46,5,41,postgres,large_size,0,success,0.008929630974307656,16,17762,"{""effective_cache_size"": ""2GB"", ""from_collapse_limit"": 1, ""hash_mem_multiplier"": ""1.94"", ""jit"": ""off"", ""join_collapse_limit"": 4, ""max_parallel_workers_per_gather"": 0, ""temp_buffers"": ""65MB"", ""temp_file_limit"": ""-1"", ""work_mem"": ""55MB""}",
021221222ad36e2c16b671646cf1100b1b5d56f9b8fdae21afd4ca018836ef0b,/home/timlittau/Documents/InferQ/analysis/finetuned_rdbms_162/qpy/021221222ad36e2c16b671646cf1100b1b5d56f9b8fdae21afd4ca018836ef0b.qpy,4,39,0.36423944402486086,13014,46,5,41,postgres,large_size,1,success,0.012676039943471551,16,17762,"{""effective_cache_size"": ""2GB"", ""from_collapse_limit"": 1, ""hash_mem_multiplier"": ""1.94"", ""jit"": ""off"", ""join_collapse_limit"": 4, ""max_parallel_workers_per_gather"": 0, ""temp_buffers"": ""65MB"", ""temp_file_limit"": ""-1"", ""work_mem"": ""55MB""}",
0213a89d0485efb4415924d5613293fd9e83253ab5b8ebd7602b911639ccd6a2,/home/timlittau/Documents/InferQ/analysis/finetuned_rdbms_162/qpy/0213a89d0485efb4415924d5613293fd9e83253ab5b8ebd7602b911639ccd6a2.qpy,4,37,0.34301676601171494,12725,44,5,39,sqlite,small_size,0,success,0.005595320137217641,16,4131,"{""automatic_index"": true, ""cache_mb"": 64, ""cache_spill"": false, ""db_path"": "":memory:"", ""journal_mode"": ""OFF"", ""locking_mode"": ""EXCLUSIVE"", ""mmap_mb"": 0, ""synchronous"": ""OFF"", ""temp_store"": ""FILE"", ""threads"": 1}",
0213a89d0485efb4415924d5613293fd9e83253ab5b8ebd7602b911639ccd6a2,/home/timlittau/Documents/InferQ/analysis/finetuned_rdbms_162/qpy/0213a89d0485efb4415924d5613293fd9e83253ab5b8ebd7602b911639ccd6a2.qpy,4,37,0.34301676601171494,12725,44,5,39,sqlite,small_size,1,success,0.004150912165641785,16,4131,"{""automatic_index"": true, ""cache_mb"": 64, ""cache_spill"": false, ""db_path"": "":memory:"", ""journal_mode"": ""OFF"", ""locking_mode"": ""EXCLUSIVE"", ""mmap_mb"": 0, ""synchronous"": ""OFF"", ""temp_store"": ""FILE"", ""threads"": 1}",
0213a89d0485efb4415924d5613293fd9e83253ab5b8ebd7602b911639ccd6a2,/home/timlittau/Documents/InferQ/analysis/finetuned_rdbms_162/qpy/0213a89d0485efb4415924d5613293fd9e83253ab5b8ebd7602b911639ccd6a2.qpy,4,37,0.34301676601171494,12725,44,5,39,duckdb,small_size,0,success,0.09234572085551918,16,16926,"{""max_temp_directory_size"": ""256GB"", ""memory_limit"": ""10780MB"", ""preserve_insertion_order"": false, ""temp_directory"": ""analysis/finetuned/rdbms162_all_engines_120s/tmp/small_size/duckdb"", ""threads"": 2}",
0213a89d0485efb4415924d5613293fd9e83253ab5b8ebd7602b911639ccd6a2,/home/timlittau/Documents/InferQ/analysis/finetuned_rdbms_162/qpy/0213a89d0485efb4415924d5613293fd9e83253ab5b8ebd7602b911639ccd6a2.qpy,4,37,0.34301676601171494,12725,44,5,39,duckdb,small_size,1,success,0.09201811486855149,16,16516,"{""max_temp_directory_size"": ""256GB"", ""memory_limit"": ""10780MB"", ""preserve_insertion_order"": false, ""temp_directory"": ""analysis/finetuned/rdbms162_all_engines_120s/tmp/small_size/duckdb"", ""threads"": 2}",
0213a89d0485efb4415924d5613293fd9e83253ab5b8ebd7602b911639ccd6a2,/home/timlittau/Documents/InferQ/analysis/finetuned_rdbms_162/qpy/0213a89d0485efb4415924d5613293fd9e83253ab5b8ebd7602b911639ccd6a2.qpy,4,37,0.34301676601171494,12725,44,5,39,postgres,small_size,0,success,0.008523440919816494,16,17473,"{""effective_cache_size"": ""8GB"", ""from_collapse_limit"": 1, ""hash_mem_multiplier"": ""2.0"", ""jit"": ""off"", ""join_collapse_limit"": 1, ""max_parallel_workers_per_gather"": 4, ""temp_buffers"": ""128MB"", ""temp_file_limit"": ""-1"", ""work_mem"": ""256MB""}",
0213a89d0485efb4415924d5613293fd9e83253ab5b8ebd7602b911639ccd6a2,/home/timlittau/Documents/InferQ/analysis/finetuned_rdbms_162/qpy/0213a89d0485efb4415924d5613293fd9e83253ab5b8ebd7602b911639ccd6a2.qpy,4,37,0.34301676601171494,12725,44,5,39,postgres,small_size,1,success,0.009811387863010168,16,17473,"{""effective_cache_size"": ""8GB"", ""from_collapse_limit"": 1, ""hash_mem_multiplier"": ""2.0"", ""jit"": ""off"", ""join_collapse_limit"": 1, ""max_parallel_workers_per_gather"": 4, ""temp_buffers"": ""128MB"", ""temp_file_limit"": ""-1"", ""work_mem"": ""256MB""}",
0218cba179f89ecd90157e321a5180ad5eefc74b5746507e99ccb4d5334f55ca,/home/timlittau/Documents/InferQ/analysis/finetuned_rdbms_162/qpy/0218cba179f89ecd90157e321a5180ad5eefc74b5746507e99ccb4d5334f55ca.qpy,2,23,0.19354288303293288,8212,29,6,23,sqlite,small_size,0,success,0.0029986940789967775,4,4131,"{""automatic_index"": true, ""cache_mb"": 64, ""cache_spill"": false, ""db_path"": "":memory:"", ""journal_mode"": ""OFF"", ""locking_mode"": ""EXCLUSIVE"", ""mmap_mb"": 0, ""synchronous"": ""OFF"", ""temp_store"": ""FILE"", ""threads"": 1}",
0218cba179f89ecd90157e321a5180ad5eefc74b5746507e99ccb4d5334f55ca,/home/timlittau/Documents/InferQ/analysis/finetuned_rdbms_162/qpy/0218cba179f89ecd90157e321a5180ad5eefc74b5746507e99ccb4d5334f55ca.qpy,2,23,0.19354288303293288,8212,29,6,23,sqlite,small_size,1,success,0.0020110011100769043,4,4131,"{""automatic_index"": true, ""cache_mb"": 64, ""cache_spill"": false, ""db_path"": "":memory:"", ""journal_mode"": ""OFF"", ""locking_mode"": ""EXCLUSIVE"", ""mmap_mb"": 0, ""synchronous"": ""OFF"", ""temp_store"": ""FILE"", ""threads"": 1}",
0218cba179f89ecd90157e321a5180ad5eefc74b5746507e99ccb4d5334f55ca,/home/timlittau/Documents/InferQ/analysis/finetuned_rdbms_162/qpy/0218cba179f89ecd90157e321a5180ad5eefc74b5746507e99ccb4d5334f55ca.qpy,2,23,0.19354288303293288,8212,29,6,23,duckdb,small_size,0,success,0.04664561012759805,4,12003,"{""max_temp_directory_size"": ""256GB"", ""memory_limit"": ""10780MB"", ""preserve_insertion_order"": false, ""temp_directory"": ""analysis/finetuned/rdbms162_all_engines_120s/tmp/small_size/duckdb"", ""threads"": 2}",
0218cba179f89ecd90157e321a5180ad5eefc74b5746507e99ccb4d5334f55ca,/home/timlittau/Documents/InferQ/analysis/finetuned_rdbms_162/qpy/0218cba179f89ecd90157e321a5180ad5eefc74b5746507e99ccb4d5334f55ca.qpy,2,23,0.19354288303293288,8212,29,6,23,duckdb,small_size,1,success,0.04914844804443419,4,12127,"{""max_temp_directory_size"": ""256GB"", ""memory_limit"": ""10780MB"", ""preserve_insertion_order"": false, ""temp_directory"": ""analysis/finetuned/rdbms162_all_engines_120s/tmp/small_size/duckdb"", ""threads"": 2}",
0218cba179f89ecd90157e321a5180ad5eefc74b5746507e99ccb4d5334f55ca,/home/timlittau/Documents/InferQ/analysis/finetuned_rdbms_162/qpy/0218cba179f89ecd90157e321a5180ad5eefc74b5746507e99ccb4d5334f55ca.qpy,2,23,0.19354288303293288,8212,29,6,23,postgres,small_size,0,success,0.004971169168129563,4,12737,"{""effective_cache_size"": ""8GB"", ""from_collapse_limit"": 1, ""hash_mem_multiplier"": ""2.0"", ""jit"": ""off"", ""join_collapse_limit"": 1, ""max_parallel_workers_per_gather"": 4, ""temp_buffers"": ""128MB"", ""temp_file_limit"": ""-1"", ""work_mem"": ""256MB""}",
0218cba179f89ecd90157e321a5180ad5eefc74b5746507e99ccb4d5334f55ca,/home/timlittau/Documents/InferQ/analysis/finetuned_rdbms_162/qpy/0218cba179f89ecd90157e321a5180ad5eefc74b5746507e99ccb4d5334f55ca.qpy,2,23,0.19354288303293288,8212,29,6,23,postgres,small_size,1,success,0.004983101971447468,4,12897,"{""effective_cache_size"": ""8GB"", ""from_collapse_limit"": 1, ""hash_mem_multiplier"": ""2.0"", ""jit"": ""off"", ""join_collapse_limit"": 1, ""max_parallel_workers_per_gather"": 4, ""temp_buffers"": ""128MB"", ""temp_file_limit"": ""-1"", ""work_mem"": ""256MB""}",
02201da842a13322d153fd2b9aef71dd71b0f4477993b1efd78749dd3ed42af7,/home/timlittau/Documents/InferQ/analysis/finetuned_rdbms_162/qpy/02201da842a13322d153fd2b9aef71dd71b0f4477993b1efd78749dd3ed42af7.qpy,15,69,1.1426163748838007,24721,86,4,82,sqlite,large_size,0,success,0.29052069899626076,32768,3807945,"{""automatic_index"": true, ""cache_mb"": 64, ""cache_spill"": false, ""db_path"": "":memory:"", ""journal_mode"": ""OFF"", ""locking_mode"": ""EXCLUSIVE"", ""mmap_mb"": 0, ""synchronous"": ""OFF"", ""temp_store"": ""FILE"", ""threads"": 1}",
02201da842a13322d153fd2b9aef71dd71b0f4477993b1efd78749dd3ed42af7,/home/timlittau/Documents/InferQ/analysis/finetuned_rdbms_162/qpy/02201da842a13322d153fd2b9aef71dd71b0f4477993b1efd78749dd3ed42af7.qpy,15,69,1.1426163748838007,24721,86,4,82,sqlite,large_size,1,success,0.28239251603372395,32768,3807969,"{""automatic_index"": true, ""cache_mb"": 64, ""cache_spill"": false, ""db_path"": "":memory:"", ""journal_mode"": ""OFF"", ""locking_mode"": ""EXCLUSIVE"", ""mmap_mb"": 0, ""synchronous"": ""OFF"", ""temp_store"": ""FILE"", ""threads"": 1}",
02201da842a13322d153fd2b9aef71dd71b0f4477993b1efd78749dd3ed42af7,/home/timlittau/Documents/InferQ/analysis/finetuned_rdbms_162/qpy/02201da842a13322d153fd2b9aef71dd71b0f4477993b1efd78749dd3ed42af7.qpy,15,69,1.1426163748838007,24721,86,4,82,duckdb,large_size,0,success,1.2001524239312857,32768,3808820,"{""max_temp_directory_size"": ""128GB"", ""memory_limit"": ""7409MB"", ""preserve_insertion_order"": true, ""temp_directory"": ""analysis/finetuned/rdbms162_all_engines_120s/tmp/large_size/duckdb"", ""threads"": 1}",
02201da842a13322d153fd2b9aef71dd71b0f4477993b1efd78749dd3ed42af7,/home/timlittau/Documents/InferQ/analysis/finetuned_rdbms_162/qpy/02201da842a13322d153fd2b9aef71dd71b0f4477993b1efd78749dd3ed42af7.qpy,15,69,1.1426163748838007,24721,86,4,82,duckdb,large_size,1,success,1.1964153570588678,32768,3808378,"{""max_temp_directory_size"": ""128GB"", ""memory_limit"": ""7409MB"", ""preserve_insertion_order"": true, ""temp_directory"": ""analysis/finetuned/rdbms162_all_engines_120s/tmp/large_size/duckdb"", ""threads"": 1}",
02201da842a13322d153fd2b9aef71dd71b0f4477993b1efd78749dd3ed42af7,/home/timlittau/Documents/InferQ/analysis/finetuned_rdbms_162/qpy/02201da842a13322d153fd2b9aef71dd71b0f4477993b1efd78749dd3ed42af7.qpy,15,69,1.1426163748838007,24721,86,4,82,postgres,large_size,0,success,0.6075519057922065,32768,3831576,"{""effective_cache_size"": ""2GB"", ""from_collapse_limit"": 1, ""hash_mem_multiplier"": ""1.94"", ""jit"": ""off"", ""join_collapse_limit"": 4, ""max_parallel_workers_per_gather"": 0, ""temp_buffers"": ""65MB"", ""temp_file_limit"": ""-1"", ""work_mem"": ""55MB""}",
02201da842a13322d153fd2b9aef71dd71b0f4477993b1efd78749dd3ed42af7,/home/timlittau/Documents/InferQ/analysis/finetuned_rdbms_162/qpy/02201da842a13322d153fd2b9aef71dd71b0f4477993b1efd78749dd3ed42af7.qpy,15,69,1.1426163748838007,24721,86,4,82,postgres,large_size,1,success,0.60756044392474,32768,3831416,"{""effective_cache_size"": ""2GB"", ""from_collapse_limit"": 1, ""hash_mem_multiplier"": ""1.94"", ""jit"": ""off"", ""join_collapse_limit"": 4, ""max_parallel_workers_per_gather"": 0, ""temp_buffers"": ""65MB"", ""temp_file_limit"": ""-1"", ""work_mem"": ""55MB""}",
02203a840fe1ce9c9e5e1cf6bc71c87709fafc205fce6b2c79e12961b46ad36f,/home/timlittau/Documents/InferQ/analysis/finetuned_rdbms_162/qpy/02203a840fe1ce9c9e5e1cf6bc71c87709fafc205fce6b2c79e12961b46ad36f.qpy,3,22,0.18485350883565843,7919,28,5,23,sqlite,large_size,0,success,0.0030089349020272493,8,4131,"{""automatic_index"": true, ""cache_mb"": 64, ""cache_spill"": false, ""db_path"": "":memory:"", ""journal_mode"": ""OFF"", ""locking_mode"": ""EXCLUSIVE"", ""mmap_mb"": 0, ""synchronous"": ""OFF"", ""temp_store"": ""FILE"", ""threads"": 1}",
02203a840fe1ce9c9e5e1cf6bc71c87709fafc205fce6b2c79e12961b46ad36f,/home/timlittau/Documents/InferQ/analysis/finetuned_rdbms_162/qpy/02203a840fe1ce9c9e5e1cf6bc71c87709fafc205fce6b2c79e12961b46ad36f.qpy,3,22,0.18485350883565843,7919,28,5,23,sqlite,large_size,1,success,0.0020424090325832367,8,4131,"{""automatic_index"": true, ""cache_mb"": 64, ""cache_spill"": false, ""db_path"": "":memory:"", ""journal_mode"": ""OFF"", ""locking_mode"": ""EXCLUSIVE"", ""mmap_mb"": 0, ""synchronous"": ""OFF"", ""temp_store"": ""FILE"", ""threads"": 1}",
02203a840fe1ce9c9e5e1cf6bc71c87709fafc205fce6b2c79e12961b46ad36f,/home/timlittau/Documents/InferQ/analysis/finetuned_rdbms_162/qpy/02203a840fe1ce9c9e5e1cf6bc71c87709fafc205fce6b2c79e12961b46ad36f.qpy,3,22,0.18485350883565843,7919,28,5,23,duckdb,large_size,0,success,0.018672236939892173,8,12206,"{""max_temp_directory_size"": ""128GB"", ""memory_limit"": ""7409MB"", ""preserve_insertion_order"": true, ""temp_directory"": ""analysis/finetuned/rdbms162_all_engines_120s/tmp/large_size/duckdb"", ""threads"": 1}",
02203a840fe1ce9c9e5e1cf6bc71c87709fafc205fce6b2c79e12961b46ad36f,/home/timlittau/Documents/InferQ/analysis/finetuned_rdbms_162/qpy/02203a840fe1ce9c9e5e1cf6bc71c87709fafc205fce6b2c79e12961b46ad36f.qpy,3,22,0.18485350883565843,7919,28,5,23,duckdb,large_size,1,success,0.01827835594303906,8,12246,"{""max_temp_directory_size"": ""128GB"", ""memory_limit"": ""7409MB"", ""preserve_insertion_order"": true, ""temp_directory"": ""analysis/finetuned/rdbms162_all_engines_120s/tmp/large_size/duckdb"", ""threads"": 1}",
02203a840fe1ce9c9e5e1cf6bc71c87709fafc205fce6b2c79e12961b46ad36f,/home/timlittau/Documents/InferQ/analysis/finetuned_rdbms_162/qpy/02203a840fe1ce9c9e5e1cf6bc71c87709fafc205fce6b2c79e12961b46ad36f.qpy,3,22,0.18485350883565843,7919,28,5,23,postgres,large_size,0,success,0.004789432976394892,8,12532,"{""effective_cache_size"": ""2GB"", ""from_collapse_limit"": 1, ""hash_mem_multiplier"": ""1.94"", ""jit"": ""off"", ""join_collapse_limit"": 4, ""max_parallel_workers_per_gather"": 0, ""temp_buffers"": ""65MB"", ""temp_file_limit"": ""-1"", ""work_mem"": ""55MB""}",
02203a840fe1ce9c9e5e1cf6bc71c87709fafc205fce6b2c79e12961b46ad36f,/home/timlittau/Documents/InferQ/analysis/finetuned_rdbms_162/qpy/02203a840fe1ce9c9e5e1cf6bc71c87709fafc205fce6b2c79e12961b46ad36f.qpy,3,22,0.18485350883565843,7919,28,5,23,postgres,large_size,1,success,0.0045411919709295034,8,12532,"{""effective_cache_size"": ""2GB"", ""from_collapse_limit"": 1, ""hash_mem_multiplier"": ""1.94"", ""jit"": ""off"", ""join_collapse_limit"": 4, ""max_parallel_workers_per_gather"": 0, ""temp_buffers"": ""65MB"", ""temp_file_limit"": ""-1"", ""work_mem"": ""55MB""}",
022c70d9bacdd8ab907ce309e8852ec025a37b1f30503dc587de2b45c6ef1eb4,/home/timlittau/Documents/InferQ/analysis/finetuned_rdbms_162/qpy/022c70d9bacdd8ab907ce309e8852ec025a37b1f30503dc587de2b45c6ef1eb4.qpy,3,23,0.20699883089400828,8052,29,5,24,sqlite,small_size,0,success,0.0032000828068703413,8,4131,"{""automatic_index"": true, ""cache_mb"": 64, ""cache_spill"": false, ""db_path"": "":memory:"", ""journal_mode"": ""OFF"", ""locking_mode"": ""EXCLUSIVE"", ""mmap_mb"": 0, ""synchronous"": ""OFF"", ""temp_store"": ""FILE"", ""threads"": 1}",
022c70d9bacdd8ab907ce309e8852ec025a37b1f30503dc587de2b45c6ef1eb4,/home/timlittau/Documents/InferQ/analysis/finetuned_rdbms_162/qpy/022c70d9bacdd8ab907ce309e8852ec025a37b1f30503dc587de2b45c6ef1eb4.qpy,3,23,0.20699883089400828,8052,29,5,24,sqlite,small_size,1,success,0.0021524981129914522,8,4131,"{""automatic_index"": true, ""cache_mb"": 64, ""cache_spill"": false, ""db_path"": "":memory:"", ""journal_mode"": ""OFF"", ""locking_mode"": ""EXCLUSIVE"", ""mmap_mb"": 0, ""synchronous"": ""OFF"", ""temp_store"": ""FILE"", ""threads"": 1}",
022c70d9bacdd8ab907ce309e8852ec025a37b1f30503dc587de2b45c6ef1eb4,/home/timlittau/Documents/InferQ/analysis/finetuned_rdbms_162/qpy/022c70d9bacdd8ab907ce309e8852ec025a37b1f30503dc587de2b45c6ef1eb4.qpy,3,23,0.20699883089400828,8052,29,5,24,duckdb,small_size,0,success,0.030320605961605906,8,12285,"{""max_temp_directory_size"": ""256GB"", ""memory_limit"": ""10780MB"", ""preserve_insertion_order"": false, ""temp_directory"": ""analysis/finetuned/rdbms162_all_engines_120s/tmp/small_size/duckdb"", ""threads"": 2}",
022c70d9bacdd8ab907ce309e8852ec025a37b1f30503dc587de2b45c6ef1eb4,/home/timlittau/Documents/InferQ/analysis/finetuned_rdbms_162/qpy/022c70d9bacdd8ab907ce309e8852ec025a37b1f30503dc587de2b45c6ef1eb4.qpy,3,23,0.20699883089400828,8052,29,5,24,duckdb,small_size,1,success,0.029603196075186133,8,11657,"{""max_temp_directory_size"": ""256GB"", ""memory_limit"": ""10780MB"", ""preserve_insertion_order"": false, ""temp_directory"": ""analysis/finetuned/rdbms162_all_engines_120s/tmp/small_size/duckdb"", ""threads"": 2}",
022c70d9bacdd8ab907ce309e8852ec025a37b1f30503dc587de2b45c6ef1eb4,/home/timlittau/Documents/InferQ/analysis/finetuned_rdbms_162/qpy/022c70d9bacdd8ab907ce309e8852ec025a37b1f30503dc587de2b45c6ef1eb4.qpy,3,23,0.20699883089400828,8052,29,5,24,postgres,small_size,0,success,0.005105976946651936,8,12665,"{""effective_cache_size"": ""8GB"", ""from_collapse_limit"": 1, ""hash_mem_multiplier"": ""2.0"", ""jit"": ""off"", ""join_collapse_limit"": 1, ""max_parallel_workers_per_gather"": 4, ""temp_buffers"": ""128MB"", ""temp_file_limit"": ""-1"", ""work_mem"": ""256MB""}",
022c70d9bacdd8ab907ce309e8852ec025a37b1f30503dc587de2b45c6ef1eb4,/home/timlittau/Documents/InferQ/analysis/finetuned_rdbms_162/qpy/022c70d9bacdd8ab907ce309e8852ec025a37b1f30503dc587de2b45c6ef1eb4.qpy,3,23,0.20699883089400828,8052,29,5,24,postgres,small_size,1,success,0.005037202034145594,8,12665,"{""effective_cache_size"": ""8GB"", ""from_collapse_limit"": 1, ""hash_mem_multiplier"": ""2.0"", ""jit"": ""off"", ""join_collapse_limit"": 1, ""max_parallel_workers_per_gather"": 4, ""temp_buffers"": ""128MB"", ""temp_file_limit"": ""-1"", ""work_mem"": ""256MB""}",
023ba122b228f2d20b7344cb6c5f5d6555df0eea338254a197953dd614f883c9,/home/timlittau/Documents/InferQ/analysis/finetuned_rdbms_162/qpy/023ba122b228f2d20b7344cb6c5f5d6555df0eea338254a197953dd614f883c9.qpy,15,25,0.2558398209512234,11034,42,4,38,sqlite,large_size,0,success,0.008292877115309238,512,30533,"{""automatic_index"": true, ""cache_mb"": 64, ""cache_spill"": false, ""db_path"": "":memory:"", ""journal_mode"": ""OFF"", ""locking_mode"": ""EXCLUSIVE"", ""mmap_mb"": 0, ""synchronous"": ""OFF"", ""temp_store"": ""FILE"", ""threads"": 1}",
023ba122b228f2d20b7344cb6c5f5d6555df0eea338254a197953dd614f883c9,/home/timlittau/Documents/InferQ/analysis/finetuned_rdbms_162/qpy/023ba122b228f2d20b7344cb6c5f5d6555df0eea338254a197953dd614f883c9.qpy,15,25,0.2558398209512234,11034,42,4,38,sqlite,large_size,1,success,0.007449182914569974,512,30029,"{""automatic_index"": true, ""cache_mb"": 64, ""cache_spill"": false, ""db_path"": "":memory:"", ""journal_mode"": ""OFF"", ""locking_mode"": ""EXCLUSIVE"", ""mmap_mb"": 0, ""synchronous"": ""OFF"", ""temp_store"": ""FILE"", ""threads"": 1}",
023ba122b228f2d20b7344cb6c5f5d6555df0eea338254a197953dd614f883c9,/home/timlittau/Documents/InferQ/analysis/finetuned_rdbms_162/qpy/023ba122b228f2d20b7344cb6c5f5d6555df0eea338254a197953dd614f883c9.qpy,15,25,0.2558398209512234,11034,42,4,38,duckdb,large_size,0,success,0.029644536087289453,512,30488,"{""max_temp_directory_size"": ""128GB"", ""memory_limit"": ""7409MB"", ""preserve_insertion_order"": true, ""temp_directory"": ""analysis/finetuned/rdbms162_all_engines_120s/tmp/large_size/duckdb"", ""threads"": 1}",
023ba122b228f2d20b7344cb6c5f5d6555df0eea338254a197953dd614f883c9,/home/timlittau/Documents/InferQ/analysis/finetuned_rdbms_162/qpy/023ba122b228f2d20b7344cb6c5f5d6555df0eea338254a197953dd614f883c9.qpy,15,25,0.2558398209512234,11034,42,4,38,duckdb,large_size,1,success,0.03635160601697862,512,30300,"{""max_temp_directory_size"": ""128GB"", ""memory_limit"": ""7409MB"", ""preserve_insertion_order"": true, ""temp_directory"": ""analysis/finetuned/rdbms162_all_engines_120s/tmp/large_size/duckdb"", ""threads"": 1}",
023ba122b228f2d20b7344cb6c5f5d6555df0eea338254a197953dd614f883c9,/home/timlittau/Documents/InferQ/analysis/finetuned_rdbms_162/qpy/023ba122b228f2d20b7344cb6c5f5d6555df0eea338254a197953dd614f883c9.qpy,15,25,0.2558398209512234,11034,42,4,38,postgres,large_size,0,success,0.013129168888553977,512,42945,"{""effective_cache_size"": ""2GB"", ""from_collapse_limit"": 1, ""hash_mem_multiplier"": ""1.94"", ""jit"": ""off"", ""join_collapse_limit"": 4, ""max_parallel_workers_per_gather"": 0, ""temp_buffers"": ""65MB"", ""temp_file_limit"": ""-1"", ""work_mem"": ""55MB""}",
023ba122b228f2d20b7344cb6c5f5d6555df0eea338254a197953dd614f883c9,/home/timlittau/Documents/InferQ/analysis/finetuned_rdbms_162/qpy/023ba122b228f2d20b7344cb6c5f5d6555df0eea338254a197953dd614f883c9.qpy,15,25,0.2558398209512234,11034,42,4,38,postgres,large_size,1,success,0.012664625188335776,512,43105,"{""effective_cache_size"": ""2GB"", ""from_collapse_limit"": 1, ""hash_mem_multiplier"": ""1.94"", ""jit"": ""off"", ""join_collapse_limit"": 4, ""max_parallel_workers_per_gather"": 0, ""temp_buffers"": ""65MB"", ""temp_file_limit"": ""-1"", ""work_mem"": ""55MB""}",
023ea7b0ae886b68647d0afeeac9ed2e3db2b73b04313ff08995e763f2f6bbdb,/home/timlittau/Documents/InferQ/analysis/finetuned_rdbms_162/qpy/023ea7b0ae886b68647d0afeeac9ed2e3db2b73b04313ff08995e763f2f6bbdb.qpy,7,79,0.8742493570316583,27338,92,8,84,sqlite,large_size,0,success,0.010036704130470753,1,4131,"{""automatic_index"": true, ""cache_mb"": 64, ""cache_spill"": false, ""db_path"": "":memory:"", ""journal_mode"": ""OFF"", ""locking_mode"": ""EXCLUSIVE"", ""mmap_mb"": 0, ""synchronous"": ""OFF"", ""temp_store"": ""FILE"", ""threads"": 1}",
023ea7b0ae886b68647d0afeeac9ed2e3db2b73b04313ff08995e763f2f6bbdb,/home/timlittau/Documents/InferQ/analysis/finetuned_rdbms_162/qpy/023ea7b0ae886b68647d0afeeac9ed2e3db2b73b04313ff08995e763f2f6bbdb.qpy,7,79,0.8742493570316583,27338,92,8,84,sqlite,large_size,1,success,0.0067022431176155806,1,4131,"{""automatic_index"": true, ""cache_mb"": 64, ""cache_spill"": false, ""db_path"": "":memory:"", ""journal_mode"": ""OFF"", ""locking_mode"": ""EXCLUSIVE"", ""mmap_mb"": 0, ""synchronous"": ""OFF"", ""temp_store"": ""FILE"", ""threads"": 1}",
023ea7b0ae886b68647d0afeeac9ed2e3db2b73b04313ff08995e763f2f6bbdb,/home/timlittau/Documents/InferQ/analysis/finetuned_rdbms_162/qpy/023ea7b0ae886b68647d0afeeac9ed2e3db2b73b04313ff08995e763f2f6bbdb.qpy,7,79,0.8742493570316583,27338,92,8,84,duckdb,large_size,0,success,0.6794594621751457,1,31505,"{""max_temp_directory_size"": ""128GB"", ""memory_limit"": ""7409MB"", ""preserve_insertion_order"": true, ""temp_directory"": ""analysis/finetuned/rdbms162_all_engines_120s/tmp/large_size/duckdb"", ""threads"": 1}",
023ea7b0ae886b68647d0afeeac9ed2e3db2b73b04313ff08995e763f2f6bbdb,/home/timlittau/Documents/InferQ/analysis/finetuned_rdbms_162/qpy/023ea7b0ae886b68647d0afeeac9ed2e3db2b73b04313ff08995e763f2f6bbdb.qpy,7,79,0.8742493570316583,27338,92,8,84,duckdb,large_size,1,success,0.693238906096667,1,31567,"{""max_temp_directory_size"": ""128GB"", ""memory_limit"": ""7409MB"", ""preserve_insertion_order"": true, ""temp_directory"": ""analysis/finetuned/rdbms162_all_engines_120s/tmp/large_size/duckdb"", ""threads"": 1}",
023ea7b0ae886b68647d0afeeac9ed2e3db2b73b04313ff08995e763f2f6bbdb,/home/timlittau/Documents/InferQ/analysis/finetuned_rdbms_162/qpy/023ea7b0ae886b68647d0afeeac9ed2e3db2b73b04313ff08995e763f2f6bbdb.qpy,7,79,0.8742493570316583,27338,92,8,84,postgres,large_size,0,success,0.02281784894876182,1,32463,"{""effective_cache_size"": ""2GB"", ""from_collapse_limit"": 1, ""hash_mem_multiplier"": ""1.94"", ""jit"": ""off"", ""join_collapse_limit"": 4, ""max_parallel_workers_per_gather"": 0, ""temp_buffers"": ""65MB"", ""temp_file_limit"": ""-1"", ""work_mem"": ""55MB""}",
023ea7b0ae886b68647d0afeeac9ed2e3db2b73b04313ff08995e763f2f6bbdb,/home/timlittau/Documents/InferQ/analysis/finetuned_rdbms_162/qpy/023ea7b0ae886b68647d0afeeac9ed2e3db2b73b04313ff08995e763f2f6bbdb.qpy,7,79,0.8742493570316583,27338,92,8,84,postgres,large_size,1,success,0.022313879104331136,1,32303,"{""effective_cache_size"": ""2GB"", ""from_collapse_limit"": 1, ""hash_mem_multiplier"": ""1.94"", ""jit"": ""off"", ""join_collapse_limit"": 4, ""max_parallel_workers_per_gather"": 0, ""temp_buffers"": ""65MB"", ""temp_file_limit"": ""-1"", ""work_mem"": ""55MB""}",
024656a0eb44f8bf0fea4f295daec5da699f78c35b6b340a6ef6106f5bf87e44,/home/timlittau/Documents/InferQ/analysis/finetuned_rdbms_162/qpy/024656a0eb44f8bf0fea4f295daec5da699f78c35b6b340a6ef6106f5bf87e44.qpy,12,48,0.6929108670447022,17286,62,4,58,sqlite,large_size,0,success,0.04409095109440386,4096,549637,"{""automatic_index"": true, ""cache_mb"": 64, ""cache_spill"": false, ""db_path"": "":memory:"", ""journal_mode"": ""OFF"", ""locking_mode"": ""EXCLUSIVE"", ""mmap_mb"": 0, ""synchronous"": ""OFF"", ""temp_store"": ""FILE"", ""threads"": 1}",
024656a0eb44f8bf0fea4f295daec5da699f78c35b6b340a6ef6106f5bf87e44,/home/timlittau/Documents/InferQ/analysis/finetuned_rdbms_162/qpy/024656a0eb44f8bf0fea4f295daec5da699f78c35b6b340a6ef6106f5bf87e44.qpy,12,48,0.6929108670447022,17286,62,4,58,sqlite,large_size,1,success,0.04172415495850146,4096,549637,"{""automatic_index"": true, ""cache_mb"": 64, ""cache_spill"": false, ""db_path"": "":memory:"", ""journal_mode"": ""OFF"", ""locking_mode"": ""EXCLUSIVE"", ""mmap_mb"": 0, ""synchronous"": ""OFF"", ""temp_store"": ""FILE"", ""threads"": 1}",
024656a0eb44f8bf0fea4f295daec5da699f78c35b6b340a6ef6106f5bf87e44,/home/timlittau/Documents/InferQ/analysis/finetuned_rdbms_162/qpy/024656a0eb44f8bf0fea4f295daec5da699f78c35b6b340a6ef6106f5bf87e44.qpy,12,48,0.6929108670447022,17286,62,4,58,duckdb,large_size,0,success,0.5020303139463067,4096,549944,"{""max_temp_directory_size"": ""128GB"", ""memory_limit"": ""7409MB"", ""preserve_insertion_order"": true, ""temp_directory"": ""analysis/finetuned/rdbms162_all_engines_120s/tmp/large_size/duckdb"", ""threads"": 1}",
024656a0eb44f8bf0fea4f295daec5da699f78c35b6b340a6ef6106f5bf87e44,/home/timlittau/Documents/InferQ/analysis/finetuned_rdbms_162/qpy/024656a0eb44f8bf0fea4f295daec5da699f78c35b6b340a6ef6106f5bf87e44.qpy,12,48,0.6929108670447022,17286,62,4,58,duckdb,large_size,1,success,0.4818388500716537,4096,549792,"{""max_temp_directory_size"": ""128GB"", ""memory_limit"": ""7409MB"", ""preserve_insertion_order"": true, ""temp_directory"": ""analysis/finetuned/rdbms162_all_engines_120s/tmp/large_size/duckdb"", ""threads"": 1}",
024656a0eb44f8bf0fea4f295daec5da699f78c35b6b340a6ef6106f5bf87e44,/home/timlittau/Documents/InferQ/analysis/finetuned_rdbms_162/qpy/024656a0eb44f8bf0fea4f295daec5da699f78c35b6b340a6ef6106f5bf87e44.qpy,12,48,0.6929108670447022,17286,62,4,58,postgres,large_size,0,success,0.057037913938984275,4096,568530,"{""effective_cache_size"": ""2GB"", ""from_collapse_limit"": 1, ""hash_mem_multiplier"": ""1.94"", ""jit"": ""off"", ""join_collapse_limit"": 4, ""max_parallel_workers_per_gather"": 0, ""temp_buffers"": ""65MB"", ""temp_file_limit"": ""-1"", ""work_mem"": ""55MB""}",
024656a0eb44f8bf0fea4f295daec5da699f78c35b6b340a6ef6106f5bf87e44,/home/timlittau/Documents/InferQ/analysis/finetuned_rdbms_162/qpy/024656a0eb44f8bf0fea4f295daec5da699f78c35b6b340a6ef6106f5bf87e44.qpy,12,48,0.6929108670447022,17286,62,4,58,postgres,large_size,1,success,0.05999562609940767,4096,568530,"{""effective_cache_size"": ""2GB"", ""from_collapse_limit"": 1, ""hash_mem_multiplier"": ""1.94"", ""jit"": ""off"", ""join_collapse_limit"": 4, ""max_parallel_workers_per_gather"": 0, ""temp_buffers"": ""65MB"", ""temp_file_limit"": ""-1"", ""work_mem"": ""55MB""}",
024ce19aa7258f694f618422eec929697d978ea9c4eb1f030ce850d0066df0be,/home/timlittau/Documents/InferQ/analysis/finetuned_rdbms_162/qpy/024ce19aa7258f694f618422eec929697d978ea9c4eb1f030ce850d0066df0be.qpy,1,1,0.007679424015805125,711,2,2,0,sqlite,small_size,0,success,0.0002566839102655649,2,4131,"{""automatic_index"": true, ""cache_mb"": 64, ""cache_spill"": false, ""db_path"": "":memory:"", ""journal_mode"": ""OFF"", ""locking_mode"": ""EXCLUSIVE"", ""mmap_mb"": 0, ""synchronous"": ""OFF"", ""temp_store"": ""FILE"", ""threads"": 1}",
024ce19aa7258f694f618422eec929697d978ea9c4eb1f030ce850d0066df0be,/home/timlittau/Documents/InferQ/analysis/finetuned_rdbms_162/qpy/024ce19aa7258f694f618422eec929697d978ea9c4eb1f030ce850d0066df0be.qpy,1,1,0.007679424015805125,711,2,2,0,sqlite,small_size,1,success,0.00018852204084396362,2,4131,"{""automatic_index"": true, ""cache_mb"": 64, ""cache_spill"": false, ""db_path"": "":memory:"", ""journal_mode"": ""OFF"", ""locking_mode"": ""EXCLUSIVE"", ""mmap_mb"": 0, ""synchronous"": ""OFF"", ""temp_store"": ""FILE"", ""threads"": 1}",
024ce19aa7258f694f618422eec929697d978ea9c4eb1f030ce850d0066df0be,/home/timlittau/Documents/InferQ/analysis/finetuned_rdbms_162/qpy/024ce19aa7258f694f618422eec929697d978ea9c4eb1f030ce850d0066df0be.qpy,1,1,0.007679424015805125,711,2,2,0,duckdb,small_size,0,success,0.0017754698637872934,2,4782,"{""max_temp_directory_size"": ""256GB"", ""memory_limit"": ""10780MB"", ""preserve_insertion_order"": false, ""temp_directory"": ""analysis/finetuned/rdbms162_all_engines_120s/tmp/small_size/duckdb"", ""threads"": 2}",
024ce19aa7258f694f618422eec929697d978ea9c4eb1f030ce850d0066df0be,/home/timlittau/Documents/InferQ/analysis/finetuned_rdbms_162/qpy/024ce19aa7258f694f618422eec929697d978ea9c4eb1f030ce850d0066df0be.qpy,1,1,0.007679424015805125,711,2,2,0,duckdb,small_size,1,success,0.0017007470596581697,2,4440,"{""max_temp_directory_size"": ""256GB"", ""memory_limit"": ""10780MB"", ""preserve_insertion_order"": false, ""temp_directory"": ""analysis/finetuned/rdbms162_all_engines_120s/tmp/small_size/duckdb"", ""threads"": 2}",
024ce19aa7258f694f618422eec929697d978ea9c4eb1f030ce850d0066df0be,/home/timlittau/Documents/InferQ/analysis/finetuned_rdbms_162/qpy/024ce19aa7258f694f618422eec929697d978ea9c4eb1f030ce850d0066df0be.qpy,1,1,0.007679424015805125,711,2,2,0,postgres,small_size,0,success,0.0006608541589230299,2,5148,"{""effective_cache_size"": ""8GB"", ""from_collapse_limit"": 1, ""hash_mem_multiplier"": ""2.0"", ""jit"": ""off"", ""join_collapse_limit"": 1, ""max_parallel_workers_per_gather"": 4, ""temp_buffers"": ""128MB"", ""temp_file_limit"": ""-1"", ""work_mem"": ""256MB""}",
024ce19aa7258f694f618422eec929697d978ea9c4eb1f030ce850d0066df0be,/home/timlittau/Documents/InferQ/analysis/finetuned_rdbms_162/qpy/024ce19aa7258f694f618422eec929697d978ea9c4eb1f030ce850d0066df0be.qpy,1,1,0.007679424015805125,711,2,2,0,postgres,small_size,1,success,0.000665128929540515,2,5148,"{""effective_cache_size"": ""8GB"", ""from_collapse_limit"": 1, ""hash_mem_multiplier"": ""2.0"", ""jit"": ""off"", ""join_collapse_limit"": 1, ""max_parallel_workers_per_gather"": 4, ""temp_buffers"": ""128MB"", ""temp_file_limit"": ""-1"", ""work_mem"": ""256MB""}",
0251e39440824b450fd237f6fb7fed486dbab3bfcbbe810527a99ccd6e5f464a,/home/timlittau/Documents/InferQ/analysis/finetuned_rdbms_162/qpy/0251e39440824b450fd237f6fb7fed486dbab3bfcbbe810527a99ccd6e5f464a.qpy,1,1,0.005916859023272991,662,2,2,0,sqlite,large_size,0,success,0.0001769689843058586,2,4131,"{""automatic_index"": true, ""cache_mb"": 64, ""cache_spill"": false, ""db_path"": "":memory:"", ""journal_mode"": ""OFF"", ""locking_mode"": ""EXCLUSIVE"", ""mmap_mb"": 0, ""synchronous"": ""OFF"", ""temp_store"": ""FILE"", ""threads"": 1}",
0251e39440824b450fd237f6fb7fed486dbab3bfcbbe810527a99ccd6e5f464a,/home/timlittau/Documents/InferQ/analysis/finetuned_rdbms_162/qpy/0251e39440824b450fd237f6fb7fed486dbab3bfcbbe810527a99ccd6e5f464a.qpy,1,1,0.005916859023272991,662,2,2,0,sqlite,large_size,1,success,0.00016740895807743073,2,4131,"{""automatic_index"": true, ""cache_mb"": 64, ""cache_spill"": false, ""db_path"": "":memory:"", ""journal_mode"": ""OFF"", ""locking_mode"": ""EXCLUSIVE"", ""mmap_mb"": 0, ""synchronous"": ""OFF"", ""temp_store"": ""FILE"", ""threads"": 1}",
0251e39440824b450fd237f6fb7fed486dbab3bfcbbe810527a99ccd6e5f464a,/home/timlittau/Documents/InferQ/analysis/finetuned_rdbms_162/qpy/0251e39440824b450fd237f6fb7fed486dbab3bfcbbe810527a99ccd6e5f464a.qpy,1,1,0.005916859023272991,662,2,2,0,duckdb,large_size,0,success,0.0014861940871924162,2,4641,"{""max_temp_directory_size"": ""128GB"", ""memory_limit"": ""7409MB"", ""preserve_insertion_order"": true, ""temp_directory"": ""analysis/finetuned/rdbms162_all_engines_120s/tmp/large_size/duckdb"", ""threads"": 1}",
0251e39440824b450fd237f6fb7fed486dbab3bfcbbe810527a99ccd6e5f464a,/home/timlittau/Documents/InferQ/analysis/finetuned_rdbms_162/qpy/0251e39440824b450fd237f6fb7fed486dbab3bfcbbe810527a99ccd6e5f464a.qpy,1,1,0.005916859023272991,662,2,2,0,duckdb,large_size,1,success,0.0014384689275175333,2,4329,"{""max_temp_directory_size"": ""128GB"", ""memory_limit"": ""7409MB"", ""preserve_insertion_order"": true, ""temp_directory"": ""analysis/finetuned/rdbms162_all_engines_120s/tmp/large_size/duckdb"", ""threads"": 1}",
0251e39440824b450fd237f6fb7fed486dbab3bfcbbe810527a99ccd6e5f464a,/home/timlittau/Documents/InferQ/analysis/finetuned_rdbms_162/qpy/0251e39440824b450fd237f6fb7fed486dbab3bfcbbe810527a99ccd6e5f464a.qpy,1,1,0.005916859023272991,662,2,2,0,postgres,large_size,0,success,0.0007123369723558426,2,5099,"{""effective_cache_size"": ""2GB"", ""from_collapse_limit"": 1, ""hash_mem_multiplier"": ""1.94"", ""jit"": ""off"", ""join_collapse_limit"": 4, ""max_parallel_workers_per_gather"": 0, ""temp_buffers"": ""65MB"", ""temp_file_limit"": ""-1"", ""work_mem"": ""55MB""}",
0251e39440824b450fd237f6fb7fed486dbab3bfcbbe810527a99ccd6e5f464a,/home/timlittau/Documents/InferQ/analysis/finetuned_rdbms_162/qpy/0251e39440824b450fd237f6fb7fed486dbab3bfcbbe810527a99ccd6e5f464a.qpy,1,1,0.005916859023272991,662,2,2,0,postgres,large_size,1,success,0.0006753280758857727,2,5259,"{""effective_cache_size"": ""2GB"", ""from_collapse_limit"": 1, ""hash_mem_multiplier"": ""1.94"", ""jit"": ""off"", ""join_collapse_limit"": 4, ""max_parallel_workers_per_gather"": 0, ""temp_buffers"": ""65MB"", ""temp_file_limit"": ""-1"", ""work_mem"": ""55MB""}",
02595ca6a3c37521eaa735c747fe095e9502c5260b8b2e318a97e6e61a2a57c1,/home/timlittau/Documents/InferQ/analysis/finetuned_rdbms_162/qpy/02595ca6a3c37521eaa735c747fe095e9502c5260b8b2e318a97e6e61a2a57c1.qpy,5,37,0.3591931629925966,12677,45,5,40,sqlite,large_size,0,success,0.005989368073642254,32,4131,"{""automatic_index"": true, ""cache_mb"": 64, ""cache_spill"": false, ""db_path"": "":memory:"", ""journal_mode"": ""OFF"", ""locking_mode"": ""EXCLUSIVE"", ""mmap_mb"": 0, ""synchronous"": ""OFF"", ""temp_store"": ""FILE"", ""threads"": 1}",
02595ca6a3c37521eaa735c747fe095e9502c5260b8b2e318a97e6e61a2a57c1,/home/timlittau/Documents/InferQ/analysis/finetuned_rdbms_162/qpy/02595ca6a3c37521eaa735c747fe095e9502c5260b8b2e318a97e6e61a2a57c1.qpy,5,37,0.3591931629925966,12677,45,5,40,sqlite,large_size,1,success,0.006421240977942944,32,4131,"{""automatic_index"": true, ""cache_mb"": 64, ""cache_spill"": false, ""db_path"": "":memory:"", ""journal_mode"": ""OFF"", ""locking_mode"": ""EXCLUSIVE"", ""mmap_mb"": 0, ""synchronous"": ""OFF"", ""temp_store"": ""FILE"", ""threads"": 1}",
02595ca6a3c37521eaa735c747fe095e9502c5260b8b2e318a97e6e61a2a57c1,/home/timlittau/Documents/InferQ/analysis/finetuned_rdbms_162/qpy/02595ca6a3c37521eaa735c747fe095e9502c5260b8b2e318a97e6e61a2a57c1.qpy,5,37,0.3591931629925966,12677,45,5,40,duckdb,large_size,0,success,0.12322741001844406,32,16468,"{""max_temp_directory_size"": ""128GB"", ""memory_limit"": ""7409MB"", ""preserve_insertion_order"": true, ""temp_directory"": ""analysis/finetuned/rdbms162_all_engines_120s/tmp/large_size/duckdb"", ""threads"": 1}",
02595ca6a3c37521eaa735c747fe095e9502c5260b8b2e318a97e6e61a2a57c1,/home/timlittau/Documents/InferQ/analysis/finetuned_rdbms_162/qpy/02595ca6a3c37521eaa735c747fe095e9502c5260b8b2e318a97e6e61a2a57c1.qpy,5,37,0.3591931629925966,12677,45,5,40,duckdb,large_size,1,success,0.1228837629314512,32,16406,"{""max_temp_directory_size"": ""128GB"", ""memory_limit"": ""7409MB"", ""preserve_insertion_order"": true, ""temp_directory"": ""analysis/finetuned/rdbms162_all_engines_120s/tmp/large_size/duckdb"", ""threads"": 1}",
02595ca6a3c37521eaa735c747fe095e9502c5260b8b2e318a97e6e61a2a57c1,/home/timlittau/Documents/InferQ/analysis/finetuned_rdbms_162/qpy/02595ca6a3c37521eaa735c747fe095e9502c5260b8b2e318a97e6e61a2a57c1.qpy,5,37,0.3591931629925966,12677,45,5,40,postgres,large_size,0,success,0.010866670170798898,32,17802,"{""effective_cache_size"": ""2GB"", ""from_collapse_limit"": 1, ""hash_mem_multiplier"": ""1.94"", ""jit"": ""off"", ""join_collapse_limit"": 4, ""max_parallel_workers_per_gather"": 0, ""temp_buffers"": ""65MB"", ""temp_file_limit"": ""-1"", ""work_mem"": ""55MB""}",
02595ca6a3c37521eaa735c747fe095e9502c5260b8b2e318a97e6e61a2a57c1,/home/timlittau/Documents/InferQ/analysis/finetuned_rdbms_162/qpy/02595ca6a3c37521eaa735c747fe095e9502c5260b8b2e318a97e6e61a2a57c1.qpy,5,37,0.3591931629925966,12677,45,5,40,postgres,large_size,1,success,0.010671763913705945,32,17642,"{""effective_cache_size"": ""2GB"", ""from_collapse_limit"": 1, ""hash_mem_multiplier"": ""1.94"", ""jit"": ""off"", ""join_collapse_limit"": 4, ""max_parallel_workers_per_gather"": 0, ""temp_buffers"": ""65MB"", ""temp_file_limit"": ""-1"", ""work_mem"": ""55MB""}",
025b850f34d5d01976c174d5930cbbc7b7ccd82eef96c119ffd7b98bb6334c9b,/home/timlittau/Documents/InferQ/analysis/finetuned_rdbms_162/qpy/025b850f34d5d01976c174d5930cbbc7b7ccd82eef96c119ffd7b98bb6334c9b.qpy,7,46,0.5121510929893702,16191,59,8,51,sqlite,small_size,0,success,0.006343079963698983,8,4131,"{""automatic_index"": true, ""cache_mb"": 64, ""cache_spill"": false, ""db_path"": "":memory:"", ""journal_mode"": ""OFF"", ""locking_mode"": ""EXCLUSIVE"", ""mmap_mb"": 0, ""synchronous"": ""OFF"", ""temp_store"": ""FILE"", ""threads"": 1}",
025b850f34d5d01976c174d5930cbbc7b7ccd82eef96c119ffd7b98bb6334c9b,/home/timlittau/Documents/InferQ/analysis/finetuned_rdbms_162/qpy/025b850f34d5d01976c174d5930cbbc7b7ccd82eef96c119ffd7b98bb6334c9b.qpy,7,46,0.5121510929893702,16191,59,8,51,sqlite,small_size,1,success,0.004466596990823746,8,4131,"{""automatic_index"": true, ""cache_mb"": 64, ""cache_spill"": false, ""db_path"": "":memory:"", ""journal_mode"": ""OFF"", ""locking_mode"": ""EXCLUSIVE"", ""mmap_mb"": 0, ""synchronous"": ""OFF"", ""temp_store"": ""FILE"", ""threads"": 1}",
025b850f34d5d01976c174d5930cbbc7b7ccd82eef96c119ffd7b98bb6334c9b,/home/timlittau/Documents/InferQ/analysis/finetuned_rdbms_162/qpy/025b850f34d5d01976c174d5930cbbc7b7ccd82eef96c119ffd7b98bb6334c9b.qpy,7,46,0.5121510929893702,16191,59,8,51,duckdb,small_size,0,success,0.7427914710715413,8,20106,"{""max_temp_directory_size"": ""256GB"", ""memory_limit"": ""10780MB"", ""preserve_insertion_order"": false, ""temp_directory"": ""analysis/finetuned/rdbms162_all_engines_120s/tmp/small_size/duckdb"", ""threads"": 2}",
025b850f34d5d01976c174d5930cbbc7b7ccd82eef96c119ffd7b98bb6334c9b,/home/timlittau/Documents/InferQ/analysis/finetuned_rdbms_162/qpy/025b850f34d5d01976c174d5930cbbc7b7ccd82eef96c119ffd7b98bb6334c9b.qpy,7,46,0.5121510929893702,16191,59,8,51,duckdb,small_size,1,success,0.749665710143745,8,20418,"{""max_temp_directory_size"": ""256GB"", ""memory_limit"": ""10780MB"", ""preserve_insertion_order"": false, ""temp_directory"": ""analysis/finetuned/rdbms162_all_engines_120s/tmp/small_size/duckdb"", ""threads"": 2}",
025b850f34d5d01976c174d5930cbbc7b7ccd82eef96c119ffd7b98bb6334c9b,/home/timlittau/Documents/InferQ/analysis/finetuned_rdbms_162/qpy/025b850f34d5d01976c174d5930cbbc7b7ccd82eef96c119ffd7b98bb6334c9b.qpy,7,46,0.5121510929893702,16191,59,8,51,postgres,small_size,0,success,0.014389046002179384,8,21156,"{""effective_cache_size"": ""8GB"", ""from_collapse_limit"": 1, ""hash_mem_multiplier"": ""2.0"", ""jit"": ""off"", ""join_collapse_limit"": 1, ""max_parallel_workers_per_gather"": 4, ""temp_buffers"": ""128MB"", ""temp_file_limit"": ""-1"", ""work_mem"": ""256MB""}",
025b850f34d5d01976c174d5930cbbc7b7ccd82eef96c119ffd7b98bb6334c9b,/home/timlittau/Documents/InferQ/analysis/finetuned_rdbms_162/qpy/025b850f34d5d01976c174d5930cbbc7b7ccd82eef96c119ffd7b98bb6334c9b.qpy,7,46,0.5121510929893702,16191,59,8,51,postgres,small_size,1,success,0.012384600006043911,8,21156,"{""effective_cache_size"": ""8GB"", ""from_collapse_limit"": 1, ""hash_mem_multiplier"": ""2.0"", ""jit"": ""off"", ""join_collapse_limit"": 1, ""max_parallel_workers_per_gather"": 4, ""temp_buffers"": ""128MB"", ""temp_file_limit"": ""-1"", ""work_mem"": ""256MB""}",
025fd6c2b5c9fa71d1371055717861c5b4e26013f77beebd9aa6ef407414fd4a,/home/timlittau/Documents/InferQ/analysis/finetuned_rdbms_162/qpy/025fd6c2b5c9fa71d1371055717861c5b4e26013f77beebd9aa6ef407414fd4a.qpy,9,19,0.18316597118973732,7852,30,4,26,sqlite,small_size,0,success,0.0038503308314830065,128,8425,"{""automatic_index"": true, ""cache_mb"": 64, ""cache_spill"": false, ""db_path"": "":memory:"", ""journal_mode"": ""OFF"", ""locking_mode"": ""EXCLUSIVE"", ""mmap_mb"": 0, ""synchronous"": ""OFF"", ""temp_store"": ""FILE"", ""threads"": 1}",
025fd6c2b5c9fa71d1371055717861c5b4e26013f77beebd9aa6ef407414fd4a,/home/timlittau/Documents/InferQ/analysis/finetuned_rdbms_162/qpy/025fd6c2b5c9fa71d1371055717861c5b4e26013f77beebd9aa6ef407414fd4a.qpy,9,19,0.18316597118973732,7852,30,4,26,sqlite,small_size,1,success,0.0026826250832527876,128,8401,"{""automatic_index"": true, ""cache_mb"": 64, ""cache_spill"": false, ""db_path"": "":memory:"", ""journal_mode"": ""OFF"", ""locking_mode"": ""EXCLUSIVE"", ""mmap_mb"": 0, ""synchronous"": ""OFF"", ""temp_store"": ""FILE"", ""threads"": 1}",
025fd6c2b5c9fa71d1371055717861c5b4e26013f77beebd9aa6ef407414fd4a,/home/timlittau/Documents/InferQ/analysis/finetuned_rdbms_162/qpy/025fd6c2b5c9fa71d1371055717861c5b4e26013f77beebd9aa6ef407414fd4a.qpy,9,19,0.18316597118973732,7852,30,4,26,duckdb,small_size,0,success,0.018261680845171213,128,12085,"{""max_temp_directory_size"": ""256GB"", ""memory_limit"": ""10780MB"", ""preserve_insertion_order"": false, ""temp_directory"": ""analysis/finetuned/rdbms162_all_engines_120s/tmp/small_size/duckdb"", ""threads"": 2}",
025fd6c2b5c9fa71d1371055717861c5b4e26013f77beebd9aa6ef407414fd4a,/home/timlittau/Documents/InferQ/analysis/finetuned_rdbms_162/qpy/025fd6c2b5c9fa71d1371055717861c5b4e26013f77beebd9aa6ef407414fd4a.qpy,9,19,0.18316597118973732,7852,30,4,26,duckdb,small_size,1,success,0.018009362975135446,128,11705,"{""max_temp_directory_size"": ""256GB"", ""memory_limit"": ""10780MB"", ""preserve_insertion_order"": false, ""temp_directory"": ""analysis/finetuned/rdbms162_all_engines_120s/tmp/small_size/duckdb"", ""threads"": 2}",
025fd6c2b5c9fa71d1371055717861c5b4e26013f77beebd9aa6ef407414fd4a,/home/timlittau/Documents/InferQ/analysis/finetuned_rdbms_162/qpy/025fd6c2b5c9fa71d1371055717861c5b4e26013f77beebd9aa6ef407414fd4a.qpy,9,19,0.18316597118973732,7852,30,4,26,postgres,small_size,0,success,0.005557915894314647,128,17730,"{""effective_cache_size"": ""8GB"", ""from_collapse_limit"": 1, ""hash_mem_multiplier"": ""2.0"", ""jit"": ""off"", ""join_collapse_limit"": 1, ""max_parallel_workers_per_gather"": 4, ""temp_buffers"": ""128MB"", ""temp_file_limit"": ""-1"", ""work_mem"": ""256MB""}",
025fd6c2b5c9fa71d1371055717861c5b4e26013f77beebd9aa6ef407414fd4a,/home/timlittau/Documents/InferQ/analysis/finetuned_rdbms_162/qpy/025fd6c2b5c9fa71d1371055717861c5b4e26013f77beebd9aa6ef407414fd4a.qpy,9,19,0.18316597118973732,7852,30,4,26,postgres,small_size,1,success,0.0055358922109007835,128,17730,"{""effective_cache_size"": ""8GB"", ""from_collapse_limit"": 1, ""hash_mem_multiplier"": ""2.0"", ""jit"": ""off"", ""join_collapse_limit"": 1, ""max_parallel_workers_per_gather"": 4, ""temp_buffers"": ""128MB"", ""temp_file_limit"": ""-1"", ""work_mem"": ""256MB""}",
027c20d4ef7aaed7498a052c00871e90e44f69dcbe0690a78104cd06a5bfe0ef,/home/timlittau/Documents/InferQ/analysis/finetuned_rdbms_162/qpy/027c20d4ef7aaed7498a052c00871e90e44f69dcbe0690a78104cd06a5bfe0ef.qpy,3,30,0.27820890583097935,10051,36,5,31,sqlite,small_size,0,success,0.004064542008563876,8,4131,"{""automatic_index"": true, ""cache_mb"": 64, ""cache_spill"": false, ""db_path"": "":memory:"", ""journal_mode"": ""OFF"", ""locking_mode"": ""EXCLUSIVE"", ""mmap_mb"": 0, ""synchronous"": ""OFF"", ""temp_store"": ""FILE"", ""threads"": 1}",
027c20d4ef7aaed7498a052c00871e90e44f69dcbe0690a78104cd06a5bfe0ef,/home/timlittau/Documents/InferQ/analysis/finetuned_rdbms_162/qpy/027c20d4ef7aaed7498a052c00871e90e44f69dcbe0690a78104cd06a5bfe0ef.qpy,3,30,0.27820890583097935,10051,36,5,31,sqlite,small_size,1,success,0.0028565290849655867,8,4131,"{""automatic_index"": true, ""cache_mb"": 64, ""cache_spill"": false, ""db_path"": "":memory:"", ""journal_mode"": ""OFF"", ""locking_mode"": ""EXCLUSIVE"", ""mmap_mb"": 0, ""synchronous"": ""OFF"", ""temp_store"": ""FILE"", ""threads"": 1}",
027c20d4ef7aaed7498a052c00871e90e44f69dcbe0690a78104cd06a5bfe0ef,/home/timlittau/Documents/InferQ/analysis/finetuned_rdbms_162/qpy/027c20d4ef7aaed7498a052c00871e90e44f69dcbe0690a78104cd06a5bfe0ef.qpy,3,30,0.27820890583097935,10051,36,5,31,duckdb,small_size,0,success,0.11542951804585755,8,13962,"{""max_temp_directory_size"": ""256GB"", ""memory_limit"": ""10780MB"", ""preserve_insertion_order"": false, ""temp_directory"": ""analysis/finetuned/rdbms162_all_engines_120s/tmp/small_size/duckdb"", ""threads"": 2}",
027c20d4ef7aaed7498a052c00871e90e44f69dcbe0690a78104cd06a5bfe0ef,/home/timlittau/Documents/InferQ/analysis/finetuned_rdbms_162/qpy/027c20d4ef7aaed7498a052c00871e90e44f69dcbe0690a78104cd06a5bfe0ef.qpy,3,30,0.27820890583097935,10051,36,5,31,duckdb,small_size,1,success,0.11560484697110951,8,13962,"{""max_temp_directory_size"": ""256GB"", ""memory_limit"": ""10780MB"", ""preserve_insertion_order"": false, ""temp_directory"": ""analysis/finetuned/rdbms162_all_engines_120s/tmp/small_size/duckdb"", ""threads"": 2}",
027c20d4ef7aaed7498a052c00871e90e44f69dcbe0690a78104cd06a5bfe0ef,/home/timlittau/Documents/InferQ/analysis/finetuned_rdbms_162/qpy/027c20d4ef7aaed7498a052c00871e90e44f69dcbe0690a78104cd06a5bfe0ef.qpy,3,30,0.27820890583097935,10051,36,5,31,postgres,small_size,0,success,0.0067544670309871435,8,14664,"{""effective_cache_size"": ""8GB"", ""from_collapse_limit"": 1, ""hash_mem_multiplier"": ""2.0"", ""jit"": ""off"", ""join_collapse_limit"": 1, ""max_parallel_workers_per_gather"": 4, ""temp_buffers"": ""128MB"", ""temp_file_limit"": ""-1"", ""work_mem"": ""256MB""}",
027c20d4ef7aaed7498a052c00871e90e44f69dcbe0690a78104cd06a5bfe0ef,/home/timlittau/Documents/InferQ/analysis/finetuned_rdbms_162/qpy/027c20d4ef7aaed7498a052c00871e90e44f69dcbe0690a78104cd06a5bfe0ef.qpy,3,30,0.27820890583097935,10051,36,5,31,postgres,small_size,1,success,0.007747230120003223,8,14824,"{""effective_cache_size"": ""8GB"", ""from_collapse_limit"": 1, ""hash_mem_multiplier"": ""2.0"", ""jit"": ""off"", ""join_collapse_limit"": 1, ""max_parallel_workers_per_gather"": 4, ""temp_buffers"": ""128MB"", ""temp_file_limit"": ""-1"", ""work_mem"": ""256MB""}",
028461c3d55dc941f2914dc7718c542648ebcc51bc427ab18894fc1ca1a649d0,/home/timlittau/Documents/InferQ/analysis/finetuned_rdbms_162/qpy/028461c3d55dc941f2914dc7718c542648ebcc51bc427ab18894fc1ca1a649d0.qpy,2,22,0.1841883440501988,8299,30,8,22,sqlite,small_size,0,success,0.0030035011004656553,4,4131,"{""automatic_index"": true, ""cache_mb"": 64, ""cache_spill"": false, ""db_path"": "":memory:"", ""journal_mode"": ""OFF"", ""locking_mode"": ""EXCLUSIVE"", ""mmap_mb"": 0, ""synchronous"": ""OFF"", ""temp_store"": ""FILE"", ""threads"": 1}",
028461c3d55dc941f2914dc7718c542648ebcc51bc427ab18894fc1ca1a649d0,/home/timlittau/Documents/InferQ/analysis/finetuned_rdbms_162/qpy/028461c3d55dc941f2914dc7718c542648ebcc51bc427ab18894fc1ca1a649d0.qpy,2,22,0.1841883440501988,8299,30,8,22,sqlite,small_size,1,success,0.0019925590604543686,4,4131,"{""automatic_index"": true, ""cache_mb"": 64, ""cache_spill"": false, ""db_path"": "":memory:"", ""journal_mode"": ""OFF"", ""locking_mode"": ""EXCLUSIVE"", ""mmap_mb"": 0, ""synchronous"": ""OFF"", ""temp_store"": ""FILE"", ""threads"": 1}",
028461c3d55dc941f2914dc7718c542648ebcc51bc427ab18894fc1ca1a649d0,/home/timlittau/Documents/InferQ/analysis/finetuned_rdbms_162/qpy/028461c3d55dc941f2914dc7718c542648ebcc51bc427ab18894fc1ca1a649d0.qpy,2,22,0.1841883440501988,8299,30,8,22,duckdb,small_size,0,success,0.053558422019705176,4,12466,"{""max_temp_directory_size"": ""256GB"", ""memory_limit"": ""10780MB"", ""preserve_insertion_order"": false, ""temp_directory"": ""analysis/finetuned/rdbms162_all_engines_120s/tmp/small_size/duckdb"", ""threads"": 2}",
028461c3d55dc941f2914dc7718c542648ebcc51bc427ab18894fc1ca1a649d0,/home/timlittau/Documents/InferQ/analysis/finetuned_rdbms_162/qpy/028461c3d55dc941f2914dc7718c542648ebcc51bc427ab18894fc1ca1a649d0.qpy,2,22,0.1841883440501988,8299,30,8,22,duckdb,small_size,1,success,0.05311421491205692,4,12152,"{""max_temp_directory_size"": ""256GB"", ""memory_limit"": ""10780MB"", ""preserve_insertion_order"": false, ""temp_directory"": ""analysis/finetuned/rdbms162_all_engines_120s/tmp/small_size/duckdb"", ""threads"": 2}",
028461c3d55dc941f2914dc7718c542648ebcc51bc427ab18894fc1ca1a649d0,/home/timlittau/Documents/InferQ/analysis/finetuned_rdbms_162/qpy/028461c3d55dc941f2914dc7718c542648ebcc51bc427ab18894fc1ca1a649d0.qpy,2,22,0.1841883440501988,8299,30,8,22,postgres,small_size,0,success,0.004972116090357304,4,12984,"{""effective_cache_size"": ""8GB"", ""from_collapse_limit"": 1, ""hash_mem_multiplier"": ""2.0"", ""jit"": ""off"", ""join_collapse_limit"": 1, ""max_parallel_workers_per_gather"": 4, ""temp_buffers"": ""128MB"", ""temp_file_limit"": ""-1"", ""work_mem"": ""256MB""}",
028461c3d55dc941f2914dc7718c542648ebcc51bc427ab18894fc1ca1a649d0,/home/timlittau/Documents/InferQ/analysis/finetuned_rdbms_162/qpy/028461c3d55dc941f2914dc7718c542648ebcc51bc427ab18894fc1ca1a649d0.qpy,2,22,0.1841883440501988,8299,30,8,22,postgres,small_size,1,success,0.004914911929517984,4,12775,"{""effective_cache_size"": ""8GB"", ""from_collapse_limit"": 1, ""hash_mem_multiplier"": ""2.0"", ""jit"": ""off"", ""join_collapse_limit"": 1, ""max_parallel_workers_per_gather"": 4, ""temp_buffers"": ""128MB"", ""temp_file_limit"": ""-1"", ""work_mem"": ""256MB""}",
0288aadc2f6f0eded15572537a89ca0a88d8560587a7207348c9128efef31184,/home/timlittau/Documents/InferQ/analysis/finetuned_rdbms_162/qpy/0288aadc2f6f0eded15572537a89ca0a88d8560587a7207348c9128efef31184.qpy,3,21,0.19414261588826776,7084,26,4,22,sqlite,small_size,0,success,0.0032693769317120314,8,4131,"{""automatic_index"": true, ""cache_mb"": 64, ""cache_spill"": false, ""db_path"": "":memory:"", ""journal_mode"": ""OFF"", ""locking_mode"": ""EXCLUSIVE"", ""mmap_mb"": 0, ""synchronous"": ""OFF"", ""temp_store"": ""FILE"", ""threads"": 1}",
0288aadc2f6f0eded15572537a89ca0a88d8560587a7207348c9128efef31184,/home/timlittau/Documents/InferQ/analysis/finetuned_rdbms_162/qpy/0288aadc2f6f0eded15572537a89ca0a88d8560587a7207348c9128efef31184.qpy,3,21,0.19414261588826776,7084,26,4,22,sqlite,small_size,1,success,0.0020211159717291594,8,4131,"{""automatic_index"": true, ""cache_mb"": 64, ""cache_spill"": false, ""db_path"": "":memory:"", ""journal_mode"": ""OFF"", ""locking_mode"": ""EXCLUSIVE"", ""mmap_mb"": 0, ""synchronous"": ""OFF"", ""temp_store"": ""FILE"", ""threads"": 1}",
0288aadc2f6f0eded15572537a89ca0a88d8560587a7207348c9128efef31184,/home/timlittau/Documents/InferQ/analysis/finetuned_rdbms_162/qpy/0288aadc2f6f0eded15572537a89ca0a88d8560587a7207348c9128efef31184.qpy,3,21,0.19414261588826776,7084,26,4,22,duckdb,small_size,0,success,0.032866372959688306,8,10999,"{""max_temp_directory_size"": ""256GB"", ""memory_limit"": ""10780MB"", ""preserve_insertion_order"": false, ""temp_directory"": ""analysis/finetuned/rdbms162_all_engines_120s/tmp/small_size/duckdb"", ""threads"": 2}",
0288aadc2f6f0eded15572537a89ca0a88d8560587a7207348c9128efef31184,/home/timlittau/Documents/InferQ/analysis/finetuned_rdbms_162/qpy/0288aadc2f6f0eded15572537a89ca0a88d8560587a7207348c9128efef31184.qpy,3,21,0.19414261588826776,7084,26,4,22,duckdb,small_size,1,success,0.03293253993615508,8,11279,"{""max_temp_directory_size"": ""256GB"", ""memory_limit"": ""10780MB"", ""preserve_insertion_order"": false, ""temp_directory"": ""analysis/finetuned/rdbms162_all_engines_120s/tmp/small_size/duckdb"", ""threads"": 2}",
0288aadc2f6f0eded15572537a89ca0a88d8560587a7207348c9128efef31184,/home/timlittau/Documents/InferQ/analysis/finetuned_rdbms_162/qpy/0288aadc2f6f0eded15572537a89ca0a88d8560587a7207348c9128efef31184.qpy,3,21,0.19414261588826776,7084,26,4,22,postgres,small_size,0,success,0.004558866145089269,8,11697,"{""effective_cache_size"": ""8GB"", ""from_collapse_limit"": 1, ""hash_mem_multiplier"": ""2.0"", ""jit"": ""off"", ""join_collapse_limit"": 1, ""max_parallel_workers_per_gather"": 4, ""temp_buffers"": ""128MB"", ""temp_file_limit"": ""-1"", ""work_mem"": ""256MB""}",
0288aadc2f6f0eded15572537a89ca0a88d8560587a7207348c9128efef31184,/home/timlittau/Documents/InferQ/analysis/finetuned_rdbms_162/qpy/0288aadc2f6f0eded15572537a89ca0a88d8560587a7207348c9128efef31184.qpy,3,21,0.19414261588826776,7084,26,4,22,postgres,small_size,1,success,0.004551396006718278,8,11679,"{""effective_cache_size"": ""8GB"", ""from_collapse_limit"": 1, ""hash_mem_multiplier"": ""2.0"", ""jit"": ""off"", ""join_collapse_limit"": 1, ""max_parallel_workers_per_gather"": 4, ""temp_buffers"": ""128MB"", ""temp_file_limit"": ""-1"", ""work_mem"": ""256MB""}",
0288aed073be1589c88519b0ecfbe442ceaf9bbd3fd6fef437957d3a2963bfc6,/home/timlittau/Documents/InferQ/analysis/finetuned_rdbms_162/qpy/0288aed073be1589c88519b0ecfbe442ceaf9bbd3fd6fef437957d3a2963bfc6.qpy,6,39,0.40132473898120224,13732,48,5,43,sqlite,large_size,0,success,0.007403863128274679,64,4875,"{""automatic_index"": true, ""cache_mb"": 64, ""cache_spill"": false, ""db_path"": "":memory:"", ""journal_mode"": ""OFF"", ""locking_mode"": ""EXCLUSIVE"", ""mmap_mb"": 0, ""synchronous"": ""OFF"", ""temp_store"": ""FILE"", ""threads"": 1}",
0288aed073be1589c88519b0ecfbe442ceaf9bbd3fd6fef437957d3a2963bfc6,/home/timlittau/Documents/InferQ/analysis/finetuned_rdbms_162/qpy/0288aed073be1589c88519b0ecfbe442ceaf9bbd3fd6fef437957d3a2963bfc6.qpy,6,39,0.40132473898120224,13732,48,5,43,sqlite,large_size,1,success,0.005341840907931328,64,4875,"{""automatic_index"": true, ""cache_mb"": 64, ""cache_spill"": false, ""db_path"": "":memory:"", ""journal_mode"": ""OFF"", ""locking_mode"": ""EXCLUSIVE"", ""mmap_mb"": 0, ""synchronous"": ""OFF"", ""temp_store"": ""FILE"", ""threads"": 1}",
0288aed073be1589c88519b0ecfbe442ceaf9bbd3fd6fef437957d3a2963bfc6,/home/timlittau/Documents/InferQ/analysis/finetuned_rdbms_162/qpy/0288aed073be1589c88519b0ecfbe442ceaf9bbd3fd6fef437957d3a2963bfc6.qpy,6,39,0.40132473898120224,13732,48,5,43,duckdb,large_size,0,success,0.5122390119358897,64,17839,"{""max_temp_directory_size"": ""128GB"", ""memory_limit"": ""7409MB"", ""preserve_insertion_order"": true, ""temp_directory"": ""analysis/finetuned/rdbms162_all_engines_120s/tmp/large_size/duckdb"", ""threads"": 1}",
0288aed073be1589c88519b0ecfbe442ceaf9bbd3fd6fef437957d3a2963bfc6,/home/timlittau/Documents/InferQ/analysis/finetuned_rdbms_162/qpy/0288aed073be1589c88519b0ecfbe442ceaf9bbd3fd6fef437957d3a2963bfc6.qpy,6,39,0.40132473898120224,13732,48,5,43,duckdb,large_size,1,success,0.5145779221784323,64,17399,"{""max_temp_directory_size"": ""128GB"", ""memory_limit"": ""7409MB"", ""preserve_insertion_order"": true, ""temp_directory"": ""analysis/finetuned/rdbms162_all_engines_120s/tmp/large_size/duckdb"", ""threads"": 1}",
0288aed073be1589c88519b0ecfbe442ceaf9bbd3fd6fef437957d3a2963bfc6,/home/timlittau/Documents/InferQ/analysis/finetuned_rdbms_162/qpy/0288aed073be1589c88519b0ecfbe442ceaf9bbd3fd6fef437957d3a2963bfc6.qpy,6,39,0.40132473898120224,13732,48,5,43,postgres,large_size,0,success,0.014472327893599868,64,19711,"{""effective_cache_size"": ""2GB"", ""from_collapse_limit"": 1, ""hash_mem_multiplier"": ""1.94"", ""jit"": ""off"", ""join_collapse_limit"": 4, ""max_parallel_workers_per_gather"": 0, ""temp_buffers"": ""65MB"", ""temp_file_limit"": ""-1"", ""work_mem"": ""55MB""}",
0288aed073be1589c88519b0ecfbe442ceaf9bbd3fd6fef437957d3a2963bfc6,/home/timlittau/Documents/InferQ/analysis/finetuned_rdbms_162/qpy/0288aed073be1589c88519b0ecfbe442ceaf9bbd3fd6fef437957d3a2963bfc6.qpy,6,39,0.40132473898120224,13732,48,5,43,postgres,large_size,1,success,0.013168904930353165,64,19760,"{""effective_cache_size"": ""2GB"", ""from_collapse_limit"": 1, ""hash_mem_multiplier"": ""1.94"", ""jit"": ""off"", ""join_collapse_limit"": 4, ""max_parallel_workers_per_gather"": 0, ""temp_buffers"": ""65MB"", ""temp_file_limit"": ""-1"", ""work_mem"": ""55MB""}",
02a16978acc560a0bbb934d8ea0674fb5707295e9a3639d22aac62fcb031f577,/home/timlittau/Documents/InferQ/analysis/finetuned_rdbms_162/qpy/02a16978acc560a0bbb934d8ea0674fb5707295e9a3639d22aac62fcb031f577.qpy,1,1,0.006690126843750477,709,2,2,0,sqlite,small_size,0,success,0.00017014099285006523,2,4131,"{""automatic_index"": true, ""cache_mb"": 64, ""cache_spill"": false, ""db_path"": "":memory:"", ""journal_mode"": ""OFF"", ""locking_mode"": ""EXCLUSIVE"", ""mmap_mb"": 0, ""synchronous"": ""OFF"", ""temp_store"": ""FILE"", ""threads"": 1}",
02a16978acc560a0bbb934d8ea0674fb5707295e9a3639d22aac62fcb031f577,/home/timlittau/Documents/InferQ/analysis/finetuned_rdbms_162/qpy/02a16978acc560a0bbb934d8ea0674fb5707295e9a3639d22aac62fcb031f577.qpy,1,1,0.006690126843750477,709,2,2,0,sqlite,small_size,1,success,0.00011120014823973179,2,4131,"{""automatic_index"": true, ""cache_mb"": 64, ""cache_spill"": false, ""db_path"": "":memory:"", ""journal_mode"": ""OFF"", ""locking_mode"": ""EXCLUSIVE"", ""mmap_mb"": 0, ""synchronous"": ""OFF"", ""temp_store"": ""FILE"", ""threads"": 1}",
02a16978acc560a0bbb934d8ea0674fb5707295e9a3639d22aac62fcb031f577,/home/timlittau/Documents/InferQ/analysis/finetuned_rdbms_162/qpy/02a16978acc560a0bbb934d8ea0674fb5707295e9a3639d22aac62fcb031f577.qpy,1,1,0.006690126843750477,709,2,2,0,duckdb,small_size,0,success,0.0031634329352527857,2,4970,"{""max_temp_directory_size"": ""256GB"", ""memory_limit"": ""10780MB"", ""preserve_insertion_order"": false, ""temp_directory"": ""analysis/finetuned/rdbms162_all_engines_120s/tmp/small_size/duckdb"", ""threads"": 2}",
02a16978acc560a0bbb934d8ea0674fb5707295e9a3639d22aac62fcb031f577,/home/timlittau/Documents/InferQ/analysis/finetuned_rdbms_162/qpy/02a16978acc560a0bbb934d8ea0674fb5707295e9a3639d22aac62fcb031f577.qpy,1,1,0.006690126843750477,709,2,2,0,duckdb,small_size,1,success,0.0016538859345018864,2,4970,"{""max_temp_directory_size"": ""256GB"", ""memory_limit"": ""10780MB"", ""preserve_insertion_order"": false, ""temp_directory"": ""analysis/finetuned/rdbms162_all_engines_120s/tmp/small_size/duckdb"", ""threads"": 2}",
02a16978acc560a0bbb934d8ea0674fb5707295e9a3639d22aac62fcb031f577,/home/timlittau/Documents/InferQ/analysis/finetuned_rdbms_162/qpy/02a16978acc560a0bbb934d8ea0674fb5707295e9a3639d22aac62fcb031f577.qpy,1,1,0.006690126843750477,709,2,2,0,postgres,small_size,0,success,0.00075287907384336,2,5146,"{""effective_cache_size"": ""8GB"", ""from_collapse_limit"": 1, ""hash_mem_multiplier"": ""2.0"", ""jit"": ""off"", ""join_collapse_limit"": 1, ""max_parallel_workers_per_gather"": 4, ""temp_buffers"": ""128MB"", ""temp_file_limit"": ""-1"", ""work_mem"": ""256MB""}",
02a16978acc560a0bbb934d8ea0674fb5707295e9a3639d22aac62fcb031f577,/home/timlittau/Documents/InferQ/analysis/finetuned_rdbms_162/qpy/02a16978acc560a0bbb934d8ea0674fb5707295e9a3639d22aac62fcb031f577.qpy,1,1,0.006690126843750477,709,2,2,0,postgres,small_size,1,success,0.0006852771621197462,2,5306,"{""effective_cache_size"": ""8GB"", ""from_collapse_limit"": 1, ""hash_mem_multiplier"": ""2.0"", ""jit"": ""off"", ""join_collapse_limit"": 1, ""max_parallel_workers_per_gather"": 4, ""temp_buffers"": ""128MB"", ""temp_file_limit"": ""-1"", ""work_mem"": ""256MB""}",
02b5fd1afb9c0eef8a5f55be9d0a8a26d182f9233bd410548bf7f14d410b13a4,/home/timlittau/Documents/InferQ/analysis/finetuned_rdbms_162/qpy/02b5fd1afb9c0eef8a5f55be9d0a8a26d182f9233bd410548bf7f14d410b13a4.qpy,5,59,0.5856842468492687,19370,67,5,62,sqlite,small_size,0,success,0.009151217993348837,32,4131,"{""automatic_index"": true, ""cache_mb"": 64, ""cache_spill"": false, ""db_path"": "":memory:"", ""journal_mode"": ""OFF"", ""locking_mode"": ""EXCLUSIVE"", ""mmap_mb"": 0, ""synchronous"": ""OFF"", ""temp_store"": ""FILE"", ""threads"": 1}",
02b5fd1afb9c0eef8a5f55be9d0a8a26d182f9233bd410548bf7f14d410b13a4,/home/timlittau/Documents/InferQ/analysis/finetuned_rdbms_162/qpy/02b5fd1afb9c0eef8a5f55be9d0a8a26d182f9233bd410548bf7f14d410b13a4.qpy,5,59,0.5856842468492687,19370,67,5,62,sqlite,small_size,1,success,0.0065545879770070314,32,4131,"{""automatic_index"": true, ""cache_mb"": 64, ""cache_spill"": false, ""db_path"": "":memory:"", ""journal_mode"": ""OFF"", ""locking_mode"": ""EXCLUSIVE"", ""mmap_mb"": 0, ""synchronous"": ""OFF"", ""temp_store"": ""FILE"", ""threads"": 1}",
02b5fd1afb9c0eef8a5f55be9d0a8a26d182f9233bd410548bf7f14d410b13a4,/home/timlittau/Documents/InferQ/analysis/finetuned_rdbms_162/qpy/02b5fd1afb9c0eef8a5f55be9d0a8a26d182f9233bd410548bf7f14d410b13a4.qpy,5,59,0.5856842468492687,19370,67,5,62,duckdb,small_size,0,success,0.517571774078533,32,23631,"{""max_temp_directory_size"": ""256GB"", ""memory_limit"": ""10780MB"", ""preserve_insertion_order"": false, ""temp_directory"": ""analysis/finetuned/rdbms162_all_engines_120s/tmp/small_size/duckdb"", ""threads"": 2}",
02b5fd1afb9c0eef8a5f55be9d0a8a26d182f9233bd410548bf7f14d410b13a4,/home/timlittau/Documents/InferQ/analysis/finetuned_rdbms_162/qpy/02b5fd1afb9c0eef8a5f55be9d0a8a26d182f9233bd410548bf7f14d410b13a4.qpy,5,59,0.5856842468492687,19370,67,5,62,duckdb,small_size,1,success,0.5219511049799621,32,23813,"{""max_temp_directory_size"": ""256GB"", ""memory_limit"": ""10780MB"", ""preserve_insertion_order"": false, ""temp_directory"": ""analysis/finetuned/rdbms162_all_engines_120s/tmp/small_size/duckdb"", ""threads"": 2}",
02b5fd1afb9c0eef8a5f55be9d0a8a26d182f9233bd410548bf7f14d410b13a4,/home/timlittau/Documents/InferQ/analysis/finetuned_rdbms_162/qpy/02b5fd1afb9c0eef8a5f55be9d0a8a26d182f9233bd410548bf7f14d410b13a4.qpy,5,59,0.5856842468492687,19370,67,5,62,postgres,small_size,0,success,0.015710701001808047,32,24494,"{""effective_cache_size"": ""8GB"", ""from_collapse_limit"": 1, ""hash_mem_multiplier"": ""2.0"", ""jit"": ""off"", ""join_collapse_limit"": 1, ""max_parallel_workers_per_gather"": 4, ""temp_buffers"": ""128MB"", ""temp_file_limit"": ""-1"", ""work_mem"": ""256MB""}",
02b5fd1afb9c0eef8a5f55be9d0a8a26d182f9233bd410548bf7f14d410b13a4,/home/timlittau/Documents/InferQ/analysis/finetuned_rdbms_162/qpy/02b5fd1afb9c0eef8a5f55be9d0a8a26d182f9233bd410548bf7f14d410b13a4.qpy,5,59,0.5856842468492687,19370,67,5,62,postgres,small_size,1,success,0.015952790854498744,32,24334,"{""effective_cache_size"": ""8GB"", ""from_collapse_limit"": 1, ""hash_mem_multiplier"": ""2.0"", ""jit"": ""off"", ""join_collapse_limit"": 1, ""max_parallel_workers_per_gather"": 4, ""temp_buffers"": ""128MB"", ""temp_file_limit"": ""-1"", ""work_mem"": ""256MB""}",
02b8cc628b25182de88eaf25c79f134e5ff5342f3afd24bd1e0786efcd427e5c,/home/timlittau/Documents/InferQ/analysis/finetuned_rdbms_162/qpy/02b8cc628b25182de88eaf25c79f134e5ff5342f3afd24bd1e0786efcd427e5c.qpy,3,23,0.21586861996911466,8178,29,5,24,sqlite,large_size,0,success,0.003073079977184534,8,4131,"{""automatic_index"": true, ""cache_mb"": 64, ""cache_spill"": false, ""db_path"": "":memory:"", ""journal_mode"": ""OFF"", ""locking_mode"": ""EXCLUSIVE"", ""mmap_mb"": 0, ""synchronous"": ""OFF"", ""temp_store"": ""FILE"", ""threads"": 1}",
02b8cc628b25182de88eaf25c79f134e5ff5342f3afd24bd1e0786efcd427e5c,/home/timlittau/Documents/InferQ/analysis/finetuned_rdbms_162/qpy/02b8cc628b25182de88eaf25c79f134e5ff5342f3afd24bd1e0786efcd427e5c.qpy,3,23,0.21586861996911466,8178,29,5,24,sqlite,large_size,1,success,0.002199630020186305,8,4131,"{""automatic_index"": true, ""cache_mb"": 64, ""cache_spill"": false, ""db_path"": "":memory:"", ""journal_mode"": ""OFF"", ""locking_mode"": ""EXCLUSIVE"", ""mmap_mb"": 0, ""synchronous"": ""OFF"", ""temp_store"": ""FILE"", ""threads"": 1}",
02b8cc628b25182de88eaf25c79f134e5ff5342f3afd24bd1e0786efcd427e5c,/home/timlittau/Documents/InferQ/analysis/finetuned_rdbms_162/qpy/02b8cc628b25182de88eaf25c79f134e5ff5342f3afd24bd1e0786efcd427e5c.qpy,3,23,0.21586861996911466,8178,29,5,24,duckdb,large_size,0,success,0.0647980161011219,8,12407,"{""max_temp_directory_size"": ""128GB"", ""memory_limit"": ""7409MB"", ""preserve_insertion_order"": true, ""temp_directory"": ""analysis/finetuned/rdbms162_all_engines_120s/tmp/large_size/duckdb"", ""threads"": 1}",
02b8cc628b25182de88eaf25c79f134e5ff5342f3afd24bd1e0786efcd427e5c,/home/timlittau/Documents/InferQ/analysis/finetuned_rdbms_162/qpy/02b8cc628b25182de88eaf25c79f134e5ff5342f3afd24bd1e0786efcd427e5c.qpy,3,23,0.21586861996911466,8178,29,5,24,duckdb,large_size,1,success,0.06157004297710955,8,12505,"{""max_temp_directory_size"": ""128GB"", ""memory_limit"": ""7409MB"", ""preserve_insertion_order"": true, ""temp_directory"": ""analysis/finetuned/rdbms162_all_engines_120s/tmp/large_size/duckdb"", ""threads"": 1}",
02b8cc628b25182de88eaf25c79f134e5ff5342f3afd24bd1e0786efcd427e5c,/home/timlittau/Documents/InferQ/analysis/finetuned_rdbms_162/qpy/02b8cc628b25182de88eaf25c79f134e5ff5342f3afd24bd1e0786efcd427e5c.qpy,3,23,0.21586861996911466,8178,29,5,24,postgres,large_size,0,success,0.0050427271053195,8,12791,"{""effective_cache_size"": ""2GB"", ""from_collapse_limit"": 1, ""hash_mem_multiplier"": ""1.94"", ""jit"": ""off"", ""join_collapse_limit"": 4, ""max_parallel_workers_per_gather"": 0, ""temp_buffers"": ""65MB"", ""temp_file_limit"": ""-1"", ""work_mem"": ""55MB""}",
02b8cc628b25182de88eaf25c79f134e5ff5342f3afd24bd1e0786efcd427e5c,/home/timlittau/Documents/InferQ/analysis/finetuned_rdbms_162/qpy/02b8cc628b25182de88eaf25c79f134e5ff5342f3afd24bd1e0786efcd427e5c.qpy,3,23,0.21586861996911466,8178,29,5,24,postgres,large_size,1,success,0.004845506977289915,8,12791,"{""effective_cache_size"": ""2GB"", ""from_collapse_limit"": 1, ""hash_mem_multiplier"": ""1.94"", ""jit"": ""off"", ""join_collapse_limit"": 4, ""max_parallel_workers_per_gather"": 0, ""temp_buffers"": ""65MB"", ""temp_file_limit"": ""-1"", ""work_mem"": ""55MB""}",
02c1b5e3d586358ac122edac01c8d02dc8fc13badcb68f60998e9e9311b17baa,/home/timlittau/Documents/InferQ/analysis/finetuned_rdbms_162/qpy/02c1b5e3d586358ac122edac01c8d02dc8fc13badcb68f60998e9e9311b17baa.qpy,6,18,0.20738844200968742,6661,26,4,22,sqlite,small_size,0,success,0.0031864100601524115,64,5451,"{""automatic_index"": true, ""cache_mb"": 64, ""cache_spill"": false, ""db_path"": "":memory:"", ""journal_mode"": ""OFF"", ""locking_mode"": ""EXCLUSIVE"", ""mmap_mb"": 0, ""synchronous"": ""OFF"", ""temp_store"": ""FILE"", ""threads"": 1}",
02c1b5e3d586358ac122edac01c8d02dc8fc13badcb68f60998e9e9311b17baa,/home/timlittau/Documents/InferQ/analysis/finetuned_rdbms_162/qpy/02c1b5e3d586358ac122edac01c8d02dc8fc13badcb68f60998e9e9311b17baa.qpy,6,18,0.20738844200968742,6661,26,4,22,sqlite,small_size,1,success,0.0027509669307619333,64,4875,"{""automatic_index"": true, ""cache_mb"": 64, ""cache_spill"": false, ""db_path"": "":memory:"", ""journal_mode"": ""OFF"", ""locking_mode"": ""EXCLUSIVE"", ""mmap_mb"": 0, ""synchronous"": ""OFF"", ""temp_store"": ""FILE"", ""threads"": 1}",
02c1b5e3d586358ac122edac01c8d02dc8fc13badcb68f60998e9e9311b17baa,/home/timlittau/Documents/InferQ/analysis/finetuned_rdbms_162/qpy/02c1b5e3d586358ac122edac01c8d02dc8fc13badcb68f60998e9e9311b17baa.qpy,6,18,0.20738844200968742,6661,26,4,22,duckdb,small_size,0,success,0.04469888494350016,64,10738,"{""max_temp_directory_size"": ""256GB"", ""memory_limit"": ""10780MB"", ""preserve_insertion_order"": false, ""temp_directory"": ""analysis/finetuned/rdbms162_all_engines_120s/tmp/small_size/duckdb"", ""threads"": 2}",
02c1b5e3d586358ac122edac01c8d02dc8fc13badcb68f60998e9e9311b17baa,/home/timlittau/Documents/InferQ/analysis/finetuned_rdbms_162/qpy/02c1b5e3d586358ac122edac01c8d02dc8fc13badcb68f60998e9e9311b17baa.qpy,6,18,0.20738844200968742,6661,26,4,22,duckdb,small_size,1,success,0.04445186420343816,64,10576,"{""max_temp_directory_size"": ""256GB"", ""memory_limit"": ""10780MB"", ""preserve_insertion_order"": false, ""temp_directory"": ""analysis/finetuned/rdbms162_all_engines_120s/tmp/small_size/duckdb"", ""threads"": 2}",
02c1b5e3d586358ac122edac01c8d02dc8fc13badcb68f60998e9e9311b17baa,/home/timlittau/Documents/InferQ/analysis/finetuned_rdbms_162/qpy/02c1b5e3d586358ac122edac01c8d02dc8fc13badcb68f60998e9e9311b17baa.qpy,6,18,0.20738844200968742,6661,26,4,22,postgres,small_size,0,success,0.00489854603074491,64,12663,"{""effective_cache_size"": ""8GB"", ""from_collapse_limit"": 1, ""hash_mem_multiplier"": ""2.0"", ""jit"": ""off"", ""join_collapse_limit"": 1, ""max_parallel_workers_per_gather"": 4, ""temp_buffers"": ""128MB"", ""temp_file_limit"": ""-1"", ""work_mem"": ""256MB""}",
02c1b5e3d586358ac122edac01c8d02dc8fc13badcb68f60998e9e9311b17baa,/home/timlittau/Documents/InferQ/analysis/finetuned_rdbms_162/qpy/02c1b5e3d586358ac122edac01c8d02dc8fc13badcb68f60998e9e9311b17baa.qpy,6,18,0.20738844200968742,6661,26,4,22,postgres,small_size,1,success,0.004882291192188859,64,12663,"{""effective_cache_size"": ""8GB"", ""from_collapse_limit"": 1, ""hash_mem_multiplier"": ""2.0"", ""jit"": ""off"", ""join_collapse_limit"": 1, ""max_parallel_workers_per_gather"": 4, ""temp_buffers"": ""128MB"", ""temp_file_limit"": ""-1"", ""work_mem"": ""256MB""}",
02c60e104e17131eaf959cbe8186174d534fa2ffa9dac37e836f94545b145733,/home/timlittau/Documents/InferQ/analysis/finetuned_rdbms_162/qpy/02c60e104e17131eaf959cbe8186174d534fa2ffa9dac37e836f94545b145733.qpy,8,45,0.4430798511020839,16235,58,7,51,sqlite,large_size,0,success,0.006985448999330401,32,7971,"{""automatic_index"": true, ""cache_mb"": 64, ""cache_spill"": false, ""db_path"": "":memory:"", ""journal_mode"": ""OFF"", ""locking_mode"": ""EXCLUSIVE"", ""mmap_mb"": 0, ""synchronous"": ""OFF"", ""temp_store"": ""FILE"", ""threads"": 1}",
02c60e104e17131eaf959cbe8186174d534fa2ffa9dac37e836f94545b145733,/home/timlittau/Documents/InferQ/analysis/finetuned_rdbms_162/qpy/02c60e104e17131eaf959cbe8186174d534fa2ffa9dac37e836f94545b145733.qpy,8,45,0.4430798511020839,16235,58,7,51,sqlite,large_size,1,success,0.004873735131695867,32,4131,"{""automatic_index"": true, ""cache_mb"": 64, ""cache_spill"": false, ""db_path"": "":memory:"", ""journal_mode"": ""OFF"", ""locking_mode"": ""EXCLUSIVE"", ""mmap_mb"": 0, ""synchronous"": ""OFF"", ""temp_store"": ""FILE"", ""threads"": 1}",
02c60e104e17131eaf959cbe8186174d534fa2ffa9dac37e836f94545b145733,/home/timlittau/Documents/InferQ/analysis/finetuned_rdbms_162/qpy/02c60e104e17131eaf959cbe8186174d534fa2ffa9dac37e836f94545b145733.qpy,8,45,0.4430798511020839,16235,58,7,51,duckdb,large_size,0,success,0.5008337900508195,32,20120,"{""max_temp_directory_size"": ""128GB"", ""memory_limit"": ""7409MB"", ""preserve_insertion_order"": true, ""temp_directory"": ""analysis/finetuned/rdbms162_all_engines_120s/tmp/large_size/duckdb"", ""threads"": 1}",
02c60e104e17131eaf959cbe8186174d534fa2ffa9dac37e836f94545b145733,/home/timlittau/Documents/InferQ/analysis/finetuned_rdbms_162/qpy/02c60e104e17131eaf959cbe8186174d534fa2ffa9dac37e836f94545b145733.qpy,8,45,0.4430798511020839,16235,58,7,51,duckdb,large_size,1,success,0.5055903589818627,32,20088,"{""max_temp_directory_size"": ""128GB"", ""memory_limit"": ""7409MB"", ""preserve_insertion_order"": true, ""temp_directory"": ""analysis/finetuned/rdbms162_all_engines_120s/tmp/large_size/duckdb"", ""threads"": 1}",
02c60e104e17131eaf959cbe8186174d534fa2ffa9dac37e836f94545b145733,/home/timlittau/Documents/InferQ/analysis/finetuned_rdbms_162/qpy/02c60e104e17131eaf959cbe8186174d534fa2ffa9dac37e836f94545b145733.qpy,8,45,0.4430798511020839,16235,58,7,51,postgres,large_size,0,success,0.01436241203919053,32,21582,"{""effective_cache_size"": ""2GB"", ""from_collapse_limit"": 1, ""hash_mem_multiplier"": ""1.94"", ""jit"": ""off"", ""join_collapse_limit"": 4, ""max_parallel_workers_per_gather"": 0, ""temp_buffers"": ""65MB"", ""temp_file_limit"": ""-1"", ""work_mem"": ""55MB""}",
02c60e104e17131eaf959cbe8186174d534fa2ffa9dac37e836f94545b145733,/home/timlittau/Documents/InferQ/analysis/finetuned_rdbms_162/qpy/02c60e104e17131eaf959cbe8186174d534fa2ffa9dac37e836f94545b145733.qpy,8,45,0.4430798511020839,16235,58,7,51,postgres,large_size,1,success,0.012906490825116634,32,21624,"{""effective_cache_size"": ""2GB"", ""from_collapse_limit"": 1, ""hash_mem_multiplier"": ""1.94"", ""jit"": ""off"", ""join_collapse_limit"": 4, ""max_parallel_workers_per_gather"": 0, ""temp_buffers"": ""65MB"", ""temp_file_limit"": ""-1"", ""work_mem"": ""55MB""}",
02c81a6b76ce63dc4bf93b423a52606a4c51768164738ab0f2937ad1528a5f05,/home/timlittau/Documents/InferQ/analysis/finetuned_rdbms_162/qpy/02c81a6b76ce63dc4bf93b423a52606a4c51768164738ab0f2937ad1528a5f05.qpy,10,13,0.1335979769937694,6379,25,4,21,sqlite,small_size,0,success,0.002508426085114479,32,4131,"{""automatic_index"": true, ""cache_mb"": 64, ""cache_spill"": false, ""db_path"": "":memory:"", ""journal_mode"": ""OFF"", ""locking_mode"": ""EXCLUSIVE"", ""mmap_mb"": 0, ""synchronous"": ""OFF"", ""temp_store"": ""FILE"", ""threads"": 1}",
02c81a6b76ce63dc4bf93b423a52606a4c51768164738ab0f2937ad1528a5f05,/home/timlittau/Documents/InferQ/analysis/finetuned_rdbms_162/qpy/02c81a6b76ce63dc4bf93b423a52606a4c51768164738ab0f2937ad1528a5f05.qpy,10,13,0.1335979769937694,6379,25,4,21,sqlite,small_size,1,success,0.0016962189693003893,32,4131,"{""automatic_index"": true, ""cache_mb"": 64, ""cache_spill"": false, ""db_path"": "":memory:"", ""journal_mode"": ""OFF"", ""locking_mode"": ""EXCLUSIVE"", ""mmap_mb"": 0, ""synchronous"": ""OFF"", ""temp_store"": ""FILE"", ""threads"": 1}",
02c81a6b76ce63dc4bf93b423a52606a4c51768164738ab0f2937ad1528a5f05,/home/timlittau/Documents/InferQ/analysis/finetuned_rdbms_162/qpy/02c81a6b76ce63dc4bf93b423a52606a4c51768164738ab0f2937ad1528a5f05.qpy,10,13,0.1335979769937694,6379,25,4,21,duckdb,small_size,0,success,0.016118702944368124,32,10108,"{""max_temp_directory_size"": ""256GB"", ""memory_limit"": ""10780MB"", ""preserve_insertion_order"": false, ""temp_directory"": ""analysis/finetuned/rdbms162_all_engines_120s/tmp/small_size/duckdb"", ""threads"": 2}",
02c81a6b76ce63dc4bf93b423a52606a4c51768164738ab0f2937ad1528a5f05,/home/timlittau/Documents/InferQ/analysis/finetuned_rdbms_162/qpy/02c81a6b76ce63dc4bf93b423a52606a4c51768164738ab0f2937ad1528a5f05.qpy,10,13,0.1335979769937694,6379,25,4,21,duckdb,small_size,1,success,0.017177616013213992,32,9984,"{""max_temp_directory_size"": ""256GB"", ""memory_limit"": ""10780MB"", ""preserve_insertion_order"": false, ""temp_directory"": ""analysis/finetuned/rdbms162_all_engines_120s/tmp/small_size/duckdb"", ""threads"": 2}",
02c81a6b76ce63dc4bf93b423a52606a4c51768164738ab0f2937ad1528a5f05,/home/timlittau/Documents/InferQ/analysis/finetuned_rdbms_162/qpy/02c81a6b76ce63dc4bf93b423a52606a4c51768164738ab0f2937ad1528a5f05.qpy,10,13,0.1335979769937694,6379,25,4,21,postgres,small_size,0,success,0.004150670021772385,32,11945,"{""effective_cache_size"": ""8GB"", ""from_collapse_limit"": 1, ""hash_mem_multiplier"": ""2.0"", ""jit"": ""off"", ""join_collapse_limit"": 1, ""max_parallel_workers_per_gather"": 4, ""temp_buffers"": ""128MB"", ""temp_file_limit"": ""-1"", ""work_mem"": ""256MB""}",
02c81a6b76ce63dc4bf93b423a52606a4c51768164738ab0f2937ad1528a5f05,/home/timlittau/Documents/InferQ/analysis/finetuned_rdbms_162/qpy/02c81a6b76ce63dc4bf93b423a52606a4c51768164738ab0f2937ad1528a5f05.qpy,10,13,0.1335979769937694,6379,25,4,21,postgres,small_size,1,success,0.004028012044727802,32,11785,"{""effective_cache_size"": ""8GB"", ""from_collapse_limit"": 1, ""hash_mem_multiplier"": ""2.0"", ""jit"": ""off"", ""join_collapse_limit"": 1, ""max_parallel_workers_per_gather"": 4, ""temp_buffers"": ""128MB"", ""temp_file_limit"": ""-1"", ""work_mem"": ""256MB""}",
02cf68900b4a1fd22c264a870af243a9264d95b6ec5a81258057470fe4adf5c9,/home/timlittau/Documents/InferQ/analysis/finetuned_rdbms_162/qpy/02cf68900b4a1fd22c264a870af243a9264d95b6ec5a81258057470fe4adf5c9.qpy,7,47,0.48066463181748986,15991,58,6,52,sqlite,large_size,0,success,0.0076912029180675745,128,8425,"{""automatic_index"": true, ""cache_mb"": 64, ""cache_spill"": false, ""db_path"": "":memory:"", ""journal_mode"": ""OFF"", ""locking_mode"": ""EXCLUSIVE"", ""mmap_mb"": 0, ""synchronous"": ""OFF"", ""temp_store"": ""FILE"", ""threads"": 1}",
02cf68900b4a1fd22c264a870af243a9264d95b6ec5a81258057470fe4adf5c9,/home/timlittau/Documents/InferQ/analysis/finetuned_rdbms_162/qpy/02cf68900b4a1fd22c264a870af243a9264d95b6ec5a81258057470fe4adf5c9.qpy,7,47,0.48066463181748986,15991,58,6,52,sqlite,large_size,1,success,0.005883583100512624,128,8425,"{""automatic_index"": true, ""cache_mb"": 64, ""cache_spill"": false, ""db_path"": "":memory:"", ""journal_mode"": ""OFF"", ""locking_mode"": ""EXCLUSIVE"", ""mmap_mb"": 0, ""synchronous"": ""OFF"", ""temp_store"": ""FILE"", ""threads"": 1}",
02cf68900b4a1fd22c264a870af243a9264d95b6ec5a81258057470fe4adf5c9,/home/timlittau/Documents/InferQ/analysis/finetuned_rdbms_162/qpy/02cf68900b4a1fd22c264a870af243a9264d95b6ec5a81258057470fe4adf5c9.qpy,7,47,0.48066463181748986,15991,58,6,52,duckdb,large_size,0,success,0.19231248390860856,128,19840,"{""max_temp_directory_size"": ""128GB"", ""memory_limit"": ""7409MB"", ""preserve_insertion_order"": true, ""temp_directory"": ""analysis/finetuned/rdbms162_all_engines_120s/tmp/large_size/duckdb"", ""threads"": 1}",
02cf68900b4a1fd22c264a870af243a9264d95b6ec5a81258057470fe4adf5c9,/home/timlittau/Documents/InferQ/analysis/finetuned_rdbms_162/qpy/02cf68900b4a1fd22c264a870af243a9264d95b6ec5a81258057470fe4adf5c9.qpy,7,47,0.48066463181748986,15991,58,6,52,duckdb,large_size,1,success,0.1954214940778911,128,19942,"{""max_temp_directory_size"": ""128GB"", ""memory_limit"": ""7409MB"", ""preserve_insertion_order"": true, ""temp_directory"": ""analysis/finetuned/rdbms162_all_engines_120s/tmp/large_size/duckdb"", ""threads"": 1}",
02cf68900b4a1fd22c264a870af243a9264d95b6ec5a81258057470fe4adf5c9,/home/timlittau/Documents/InferQ/analysis/finetuned_rdbms_162/qpy/02cf68900b4a1fd22c264a870af243a9264d95b6ec5a81258057470fe4adf5c9.qpy,7,47,0.48066463181748986,15991,58,6,52,postgres,large_size,0,success,0.01380308298394084,128,25693,"{""effective_cache_size"": ""2GB"", ""from_collapse_limit"": 1, ""hash_mem_multiplier"": ""1.94"", ""jit"": ""off"", ""join_collapse_limit"": 4, ""max_parallel_workers_per_gather"": 0, ""temp_buffers"": ""65MB"", ""temp_file_limit"": ""-1"", ""work_mem"": ""55MB""}",
02cf68900b4a1fd22c264a870af243a9264d95b6ec5a81258057470fe4adf5c9,/home/timlittau/Documents/InferQ/analysis/finetuned_rdbms_162/qpy/02cf68900b4a1fd22c264a870af243a9264d95b6ec5a81258057470fe4adf5c9.qpy,7,47,0.48066463181748986,15991,58,6,52,postgres,large_size,1,success,0.018456934951245785,128,25693,"{""effective_cache_size"": ""2GB"", ""from_collapse_limit"": 1, ""hash_mem_multiplier"": ""1.94"", ""jit"": ""off"", ""join_collapse_limit"": 4, ""max_parallel_workers_per_gather"": 0, ""temp_buffers"": ""65MB"", ""temp_file_limit"": ""-1"", ""work_mem"": ""55MB""}",
02d09e44cd663dfdb499bf55fb1487bc7f570b6c1a0751c7eeeadac029f69190,/home/timlittau/Documents/InferQ/analysis/finetuned_rdbms_162/qpy/02d09e44cd663dfdb499bf55fb1487bc7f570b6c1a0751c7eeeadac029f69190.qpy,3,15,0.14211499108932912,5732,21,5,16,sqlite,small_size,0,success,0.0024918620474636555,8,4131,"{""automatic_index"": true, ""cache_mb"": 64, ""cache_spill"": false, ""db_path"": "":memory:"", ""journal_mode"": ""OFF"", ""locking_mode"": ""EXCLUSIVE"", ""mmap_mb"": 0, ""synchronous"": ""OFF"", ""temp_store"": ""FILE"", ""threads"": 1}",
02d09e44cd663dfdb499bf55fb1487bc7f570b6c1a0751c7eeeadac029f69190,/home/timlittau/Documents/InferQ/analysis/finetuned_rdbms_162/qpy/02d09e44cd663dfdb499bf55fb1487bc7f570b6c1a0751c7eeeadac029f69190.qpy,3,15,0.14211499108932912,5732,21,5,16,sqlite,small_size,1,success,0.0018885598983615637,8,4131,"{""automatic_index"": true, ""cache_mb"": 64, ""cache_spill"": false, ""db_path"": "":memory:"", ""journal_mode"": ""OFF"", ""locking_mode"": ""EXCLUSIVE"", ""mmap_mb"": 0, ""synchronous"": ""OFF"", ""temp_store"": ""FILE"", ""threads"": 1}",
02d09e44cd663dfdb499bf55fb1487bc7f570b6c1a0751c7eeeadac029f69190,/home/timlittau/Documents/InferQ/analysis/finetuned_rdbms_162/qpy/02d09e44cd663dfdb499bf55fb1487bc7f570b6c1a0751c7eeeadac029f69190.qpy,3,15,0.14211499108932912,5732,21,5,16,duckdb,small_size,0,success,0.020138333085924387,8,9871,"{""max_temp_directory_size"": ""256GB"", ""memory_limit"": ""10780MB"", ""preserve_insertion_order"": false, ""temp_directory"": ""analysis/finetuned/rdbms162_all_engines_120s/tmp/small_size/duckdb"", ""threads"": 2}",
02d09e44cd663dfdb499bf55fb1487bc7f570b6c1a0751c7eeeadac029f69190,/home/timlittau/Documents/InferQ/analysis/finetuned_rdbms_162/qpy/02d09e44cd663dfdb499bf55fb1487bc7f570b6c1a0751c7eeeadac029f69190.qpy,3,15,0.14211499108932912,5732,21,5,16,duckdb,small_size,1,success,0.020300701959058642,8,9399,"{""max_temp_directory_size"": ""256GB"", ""memory_limit"": ""10780MB"", ""preserve_insertion_order"": false, ""temp_directory"": ""analysis/finetuned/rdbms162_all_engines_120s/tmp/small_size/duckdb"", ""threads"": 2}",
02d09e44cd663dfdb499bf55fb1487bc7f570b6c1a0751c7eeeadac029f69190,/home/timlittau/Documents/InferQ/analysis/finetuned_rdbms_162/qpy/02d09e44cd663dfdb499bf55fb1487bc7f570b6c1a0751c7eeeadac029f69190.qpy,3,15,0.14211499108932912,5732,21,5,16,postgres,small_size,0,success,0.0036370940506458282,8,10345,"{""effective_cache_size"": ""8GB"", ""from_collapse_limit"": 1, ""hash_mem_multiplier"": ""2.0"", ""jit"": ""off"", ""join_collapse_limit"": 1, ""max_parallel_workers_per_gather"": 4, ""temp_buffers"": ""128MB"", ""temp_file_limit"": ""-1"", ""work_mem"": ""256MB""}",
02d09e44cd663dfdb499bf55fb1487bc7f570b6c1a0751c7eeeadac029f69190,/home/timlittau/Documents/InferQ/analysis/finetuned_rdbms_162/qpy/02d09e44cd663dfdb499bf55fb1487bc7f570b6c1a0751c7eeeadac029f69190.qpy,3,15,0.14211499108932912,5732,21,5,16,postgres,small_size,1,success,0.003512767143547535,8,10296,"{""effective_cache_size"": ""8GB"", ""from_collapse_limit"": 1, ""hash_mem_multiplier"": ""2.0"", ""jit"": ""off"", ""join_collapse_limit"": 1, ""max_parallel_workers_per_gather"": 4, ""temp_buffers"": ""128MB"", ""temp_file_limit"": ""-1"", ""work_mem"": ""256MB""}",
02d5d2e1ded5595056b3e3e30d7175593177b3ccae45d27d4471f50a02cbbbab,/home/timlittau/Documents/InferQ/analysis/finetuned_rdbms_162/qpy/02d5d2e1ded5595056b3e3e30d7175593177b3ccae45d27d4471f50a02cbbbab.qpy,1,1,0.0054337328765541315,716,2,2,0,sqlite,small_size,0,success,0.00025044986978173256,2,4131,"{""automatic_index"": true, ""cache_mb"": 64, ""cache_spill"": false, ""db_path"": "":memory:"", ""journal_mode"": ""OFF"", ""locking_mode"": ""EXCLUSIVE"", ""mmap_mb"": 0, ""synchronous"": ""OFF"", ""temp_store"": ""FILE"", ""threads"": 1}",
02d5d2e1ded5595056b3e3e30d7175593177b3ccae45d27d4471f50a02cbbbab,/home/timlittau/Documents/InferQ/analysis/finetuned_rdbms_162/qpy/02d5d2e1ded5595056b3e3e30d7175593177b3ccae45d27d4471f50a02cbbbab.qpy,1,1,0.0054337328765541315,716,2,2,0,sqlite,small_size,1,success,0.00016143103130161762,2,4131,"{""automatic_index"": true, ""cache_mb"": 64, ""cache_spill"": false, ""db_path"": "":memory:"", ""journal_mode"": ""OFF"", ""locking_mode"": ""EXCLUSIVE"", ""mmap_mb"": 0, ""synchronous"": ""OFF"", ""temp_store"": ""FILE"", ""threads"": 1}",
02d5d2e1ded5595056b3e3e30d7175593177b3ccae45d27d4471f50a02cbbbab,/home/timlittau/Documents/InferQ/analysis/finetuned_rdbms_162/qpy/02d5d2e1ded5595056b3e3e30d7175593177b3ccae45d27d4471f50a02cbbbab.qpy,1,1,0.0054337328765541315,716,2,2,0,duckdb,small_size,0,success,0.001779685029760003,2,4507,"{""max_temp_directory_size"": ""256GB"", ""memory_limit"": ""10780MB"", ""preserve_insertion_order"": false, ""temp_directory"": ""analysis/finetuned/rdbms162_all_engines_120s/tmp/small_size/duckdb"", ""threads"": 2}",
02d5d2e1ded5595056b3e3e30d7175593177b3ccae45d27d4471f50a02cbbbab,/home/timlittau/Documents/InferQ/analysis/finetuned_rdbms_162/qpy/02d5d2e1ded5595056b3e3e30d7175593177b3ccae45d27d4471f50a02cbbbab.qpy,1,1,0.0054337328765541315,716,2,2,0,duckdb,small_size,1,success,0.0019338219426572323,2,4383,"{""max_temp_directory_size"": ""256GB"", ""memory_limit"": ""10780MB"", ""preserve_insertion_order"": false, ""temp_directory"": ""analysis/finetuned/rdbms162_all_engines_120s/tmp/small_size/duckdb"", ""threads"": 2}",
02d5d2e1ded5595056b3e3e30d7175593177b3ccae45d27d4471f50a02cbbbab,/home/timlittau/Documents/InferQ/analysis/finetuned_rdbms_162/qpy/02d5d2e1ded5595056b3e3e30d7175593177b3ccae45d27d4471f50a02cbbbab.qpy,1,1,0.0054337328765541315,716,2,2,0,postgres,small_size,0,success,0.000683181919157505,2,5153,"{""effective_cache_size"": ""8GB"", ""from_collapse_limit"": 1, ""hash_mem_multiplier"": ""2.0"", ""jit"": ""off"", ""join_collapse_limit"": 1, ""max_parallel_workers_per_gather"": 4, ""temp_buffers"": ""128MB"", ""temp_file_limit"": ""-1"", ""work_mem"": ""256MB""}",
02d5d2e1ded5595056b3e3e30d7175593177b3ccae45d27d4471f50a02cbbbab,/home/timlittau/Documents/InferQ/analysis/finetuned_rdbms_162/qpy/02d5d2e1ded5595056b3e3e30d7175593177b3ccae45d27d4471f50a02cbbbab.qpy,1,1,0.0054337328765541315,716,2,2,0,postgres,small_size,1,success,0.0006754507776349783,2,5313,"{""effective_cache_size"": ""8GB"", ""from_collapse_limit"": 1, ""hash_mem_multiplier"": ""2.0"", ""jit"": ""off"", ""join_collapse_limit"": 1, ""max_parallel_workers_per_gather"": 4, ""temp_buffers"": ""128MB"", ""temp_file_limit"": ""-1"", ""work_mem"": ""256MB""}",
02ddd9d2f75a47bf94b6b8a454261f31d6c55759159e226bbb0c58dd23741920,/home/timlittau/Documents/InferQ/analysis/finetuned_rdbms_162/qpy/02ddd9d2f75a47bf94b6b8a454261f31d6c55759159e226bbb0c58dd23741920.qpy,2,22,0.17822531308047473,8059,29,7,22,sqlite,small_size,0,success,0.002878013998270035,4,4131,"{""automatic_index"": true, ""cache_mb"": 64, ""cache_spill"": false, ""db_path"": "":memory:"", ""journal_mode"": ""OFF"", ""locking_mode"": ""EXCLUSIVE"", ""mmap_mb"": 0, ""synchronous"": ""OFF"", ""temp_store"": ""FILE"", ""threads"": 1}",
02ddd9d2f75a47bf94b6b8a454261f31d6c55759159e226bbb0c58dd23741920,/home/timlittau/Documents/InferQ/analysis/finetuned_rdbms_162/qpy/02ddd9d2f75a47bf94b6b8a454261f31d6c55759159e226bbb0c58dd23741920.qpy,2,22,0.17822531308047473,8059,29,7,22,sqlite,small_size,1,success,0.0019737109541893005,4,4131,"{""automatic_index"": true, ""cache_mb"": 64, ""cache_spill"": false, ""db_path"": "":memory:"", ""journal_mode"": ""OFF"", ""locking_mode"": ""EXCLUSIVE"", ""mmap_mb"": 0, ""synchronous"": ""OFF"", ""temp_store"": ""FILE"", ""threads"": 1}",
02ddd9d2f75a47bf94b6b8a454261f31d6c55759159e226bbb0c58dd23741920,/home/timlittau/Documents/InferQ/analysis/finetuned_rdbms_162/qpy/02ddd9d2f75a47bf94b6b8a454261f31d6c55759159e226bbb0c58dd23741920.qpy,2,22,0.17822531308047473,8059,29,7,22,duckdb,small_size,0,success,0.054160155821591616,4,11664,"{""max_temp_directory_size"": ""256GB"", ""memory_limit"": ""10780MB"", ""preserve_insertion_order"": false, ""temp_directory"": ""analysis/finetuned/rdbms162_all_engines_120s/tmp/small_size/duckdb"", ""threads"": 2}",
02ddd9d2f75a47bf94b6b8a454261f31d6c55759159e226bbb0c58dd23741920,/home/timlittau/Documents/InferQ/analysis/finetuned_rdbms_162/qpy/02ddd9d2f75a47bf94b6b8a454261f31d6c55759159e226bbb0c58dd23741920.qpy,2,22,0.17822531308047473,8059,29,7,22,duckdb,small_size,1,success,0.05332076200284064,4,11664,"{""max_temp_directory_size"": ""256GB"", ""memory_limit"": ""10780MB"", ""preserve_insertion_order"": false, ""temp_directory"": ""analysis/finetuned/rdbms162_all_engines_120s/tmp/small_size/duckdb"", ""threads"": 2}",
02ddd9d2f75a47bf94b6b8a454261f31d6c55759159e226bbb0c58dd23741920,/home/timlittau/Documents/InferQ/analysis/finetuned_rdbms_162/qpy/02ddd9d2f75a47bf94b6b8a454261f31d6c55759159e226bbb0c58dd23741920.qpy,2,22,0.17822531308047473,8059,29,7,22,postgres,small_size,0,success,0.004838516004383564,4,12695,"{""effective_cache_size"": ""8GB"", ""from_collapse_limit"": 1, ""hash_mem_multiplier"": ""2.0"", ""jit"": ""off"", ""join_collapse_limit"": 1, ""max_parallel_workers_per_gather"": 4, ""temp_buffers"": ""128MB"", ""temp_file_limit"": ""-1"", ""work_mem"": ""256MB""}",
02ddd9d2f75a47bf94b6b8a454261f31d6c55759159e226bbb0c58dd23741920,/home/timlittau/Documents/InferQ/analysis/finetuned_rdbms_162/qpy/02ddd9d2f75a47bf94b6b8a454261f31d6c55759159e226bbb0c58dd23741920.qpy,2,22,0.17822531308047473,8059,29,7,22,postgres,small_size,1,success,0.0048136350233107805,4,12584,"{""effective_cache_size"": ""8GB"", ""from_collapse_limit"": 1, ""hash_mem_multiplier"": ""2.0"", ""jit"": ""off"", ""join_collapse_limit"": 1, ""max_parallel_workers_per_gather"": 4, ""temp_buffers"": ""128MB"", ""temp_file_limit"": ""-1"", ""work_mem"": ""256MB""}",
02ec071893c33c49f2265333261fa4ac92e8533d621f75dd82fa055b049c94fe,/home/timlittau/Documents/InferQ/analysis/finetuned_rdbms_162/qpy/02ec071893c33c49f2265333261fa4ac92e8533d621f75dd82fa055b049c94fe.qpy,6,18,0.14122232096269727,7355,27,5,22,sqlite,large_size,0,success,0.002760667121037841,64,4875,"{""automatic_index"": true, ""cache_mb"": 64, ""cache_spill"": false, ""db_path"": "":memory:"", ""journal_mode"": ""OFF"", ""locking_mode"": ""EXCLUSIVE"", ""mmap_mb"": 0, ""synchronous"": ""OFF"", ""temp_store"": ""FILE"", ""threads"": 1}",
02ec071893c33c49f2265333261fa4ac92e8533d621f75dd82fa055b049c94fe,/home/timlittau/Documents/InferQ/analysis/finetuned_rdbms_162/qpy/02ec071893c33c49f2265333261fa4ac92e8533d621f75dd82fa055b049c94fe.qpy,6,18,0.14122232096269727,7355,27,5,22,sqlite,large_size,1,success,0.001930867088958621,64,4875,"{""automatic_index"": true, ""cache_mb"": 64, ""cache_spill"": false, ""db_path"": "":memory:"", ""journal_mode"": ""OFF"", ""locking_mode"": ""EXCLUSIVE"", ""mmap_mb"": 0, ""synchronous"": ""OFF"", ""temp_store"": ""FILE"", ""threads"": 1}",
02ec071893c33c49f2265333261fa4ac92e8533d621f75dd82fa055b049c94fe,/home/timlittau/Documents/InferQ/analysis/finetuned_rdbms_162/qpy/02ec071893c33c49f2265333261fa4ac92e8533d621f75dd82fa055b049c94fe.qpy,6,18,0.14122232096269727,7355,27,5,22,duckdb,large_size,0,success,0.02716563385911286,64,11642,"{""max_temp_directory_size"": ""128GB"", ""memory_limit"": ""7409MB"", ""preserve_insertion_order"": true, ""temp_directory"": ""analysis/finetuned/rdbms162_all_engines_120s/tmp/large_size/duckdb"", ""threads"": 1}",
02ec071893c33c49f2265333261fa4ac92e8533d621f75dd82fa055b049c94fe,/home/timlittau/Documents/InferQ/analysis/finetuned_rdbms_162/qpy/02ec071893c33c49f2265333261fa4ac92e8533d621f75dd82fa055b049c94fe.qpy,6,18,0.14122232096269727,7355,27,5,22,duckdb,large_size,1,success,0.02579130488447845,64,11744,"{""max_temp_directory_size"": ""128GB"", ""memory_limit"": ""7409MB"", ""preserve_insertion_order"": true, ""temp_directory"": ""analysis/finetuned/rdbms162_all_engines_120s/tmp/large_size/duckdb"", ""threads"": 1}",
02ec071893c33c49f2265333261fa4ac92e8533d621f75dd82fa055b049c94fe,/home/timlittau/Documents/InferQ/analysis/finetuned_rdbms_162/qpy/02ec071893c33c49f2265333261fa4ac92e8533d621f75dd82fa055b049c94fe.qpy,6,18,0.14122232096269727,7355,27,5,22,postgres,large_size,0,success,0.008687916910275817,64,13383,"{""effective_cache_size"": ""2GB"", ""from_collapse_limit"": 1, ""hash_mem_multiplier"": ""1.94"", ""jit"": ""off"", ""join_collapse_limit"": 4, ""max_parallel_workers_per_gather"": 0, ""temp_buffers"": ""65MB"", ""temp_file_limit"": ""-1"", ""work_mem"": ""55MB""}",
02ec071893c33c49f2265333261fa4ac92e8533d621f75dd82fa055b049c94fe,/home/timlittau/Documents/InferQ/analysis/finetuned_rdbms_162/qpy/02ec071893c33c49f2265333261fa4ac92e8533d621f75dd82fa055b049c94fe.qpy,6,18,0.14122232096269727,7355,27,5,22,postgres,large_size,1,success,0.010648529976606369,64,13383,"{""effective_cache_size"": ""2GB"", ""from_collapse_limit"": 1, ""hash_mem_multiplier"": ""1.94"", ""jit"": ""off"", ""join_collapse_limit"": 4, ""max_parallel_workers_per_gather"": 0, ""temp_buffers"": ""65MB"", ""temp_file_limit"": ""-1"", ""work_mem"": ""55MB""}",
02efc89a5621cb5b17f1ed8f1d3a52ae6fee3dcb6fad7efffcd9b0e467e70f24,/home/timlittau/Documents/InferQ/analysis/finetuned_rdbms_162/qpy/02efc89a5621cb5b17f1ed8f1d3a52ae6fee3dcb6fad7efffcd9b0e467e70f24.qpy,12,49,0.5405962590593845,17315,64,5,59,sqlite,small_size,0,success,0.007882757112383842,16,4131,"{""automatic_index"": true, ""cache_mb"": 64, ""cache_spill"": false, ""db_path"": "":memory:"", ""journal_mode"": ""OFF"", ""locking_mode"": ""EXCLUSIVE"", ""mmap_mb"": 0, ""synchronous"": ""OFF"", ""temp_store"": ""FILE"", ""threads"": 1}",
02efc89a5621cb5b17f1ed8f1d3a52ae6fee3dcb6fad7efffcd9b0e467e70f24,/home/timlittau/Documents/InferQ/analysis/finetuned_rdbms_162/qpy/02efc89a5621cb5b17f1ed8f1d3a52ae6fee3dcb6fad7efffcd9b0e467e70f24.qpy,12,49,0.5405962590593845,17315,64,5,59,sqlite,small_size,1,success,0.005191620904952288,16,4131,"{""automatic_index"": true, ""cache_mb"": 64, ""cache_spill"": false, ""db_path"": "":memory:"", ""journal_mode"": ""OFF"", ""locking_mode"": ""EXCLUSIVE"", ""mmap_mb"": 0, ""synchronous"": ""OFF"", ""temp_store"": ""FILE"", ""threads"": 1}",
02efc89a5621cb5b17f1ed8f1d3a52ae6fee3dcb6fad7efffcd9b0e467e70f24,/home/timlittau/Documents/InferQ/analysis/finetuned_rdbms_162/qpy/02efc89a5621cb5b17f1ed8f1d3a52ae6fee3dcb6fad7efffcd9b0e467e70f24.qpy,12,49,0.5405962590593845,17315,64,5,59,duckdb,small_size,0,success,4.787387887015939,16,21324,"{""max_temp_directory_size"": ""256GB"", ""memory_limit"": ""10780MB"", ""preserve_insertion_order"": false, ""temp_directory"": ""analysis/finetuned/rdbms162_all_engines_120s/tmp/small_size/duckdb"", ""threads"": 2}",
02efc89a5621cb5b17f1ed8f1d3a52ae6fee3dcb6fad7efffcd9b0e467e70f24,/home/timlittau/Documents/InferQ/analysis/finetuned_rdbms_162/qpy/02efc89a5621cb5b17f1ed8f1d3a52ae6fee3dcb6fad7efffcd9b0e467e70f24.qpy,12,49,0.5405962590593845,17315,64,5,59,duckdb,small_size,1,success,4.801605076994747,16,21044,"{""max_temp_directory_size"": ""256GB"", ""memory_limit"": ""10780MB"", ""preserve_insertion_order"": false, ""temp_directory"": ""analysis/finetuned/rdbms162_all_engines_120s/tmp/small_size/duckdb"", ""threads"": 2}",
02efc89a5621cb5b17f1ed8f1d3a52ae6fee3dcb6fad7efffcd9b0e467e70f24,/home/timlittau/Documents/InferQ/analysis/finetuned_rdbms_162/qpy/02efc89a5621cb5b17f1ed8f1d3a52ae6fee3dcb6fad7efffcd9b0e467e70f24.qpy,12,49,0.5405962590593845,17315,64,5,59,postgres,small_size,0,success,0.015673330053687096,16,22767,"{""effective_cache_size"": ""8GB"", ""from_collapse_limit"": 1, ""hash_mem_multiplier"": ""2.0"", ""jit"": ""off"", ""join_collapse_limit"": 1, ""max_parallel_workers_per_gather"": 4, ""temp_buffers"": ""128MB"", ""temp_file_limit"": ""-1"", ""work_mem"": ""256MB""}",
02efc89a5621cb5b17f1ed8f1d3a52ae6fee3dcb6fad7efffcd9b0e467e70f24,/home/timlittau/Documents/InferQ/analysis/finetuned_rdbms_162/qpy/02efc89a5621cb5b17f1ed8f1d3a52ae6fee3dcb6fad7efffcd9b0e467e70f24.qpy,12,49,0.5405962590593845,17315,64,5,59,postgres,small_size,1,success,0.01533384108915925,16,22767,"{""effective_cache_size"": ""8GB"", ""from_collapse_limit"": 1, ""hash_mem_multiplier"": ""2.0"", ""jit"": ""off"", ""join_collapse_limit"": 1, ""max_parallel_workers_per_gather"": 4, ""temp_buffers"": ""128MB"", ""temp_file_limit"": ""-1"", ""work_mem"": ""256MB""}",
02f72cee61dca1cb221b33c858c81985f6d9cecb655769d806e92c8b44b76ce6,/home/timlittau/Documents/InferQ/analysis/finetuned_rdbms_162/qpy/02f72cee61dca1cb221b33c858c81985f6d9cecb655769d806e92c8b44b76ce6.qpy,7,16,0.18008635705336928,6458,25,4,21,sqlite,small_size,0,success,0.003787222085520625,128,8425,"{""automatic_index"": true, ""cache_mb"": 64, ""cache_spill"": false, ""db_path"": "":memory:"", ""journal_mode"": ""OFF"", ""locking_mode"": ""EXCLUSIVE"", ""mmap_mb"": 0, ""synchronous"": ""OFF"", ""temp_store"": ""FILE"", ""threads"": 1}",
02f72cee61dca1cb221b33c858c81985f6d9cecb655769d806e92c8b44b76ce6,/home/timlittau/Documents/InferQ/analysis/finetuned_rdbms_162/qpy/02f72cee61dca1cb221b33c858c81985f6d9cecb655769d806e92c8b44b76ce6.qpy,7,16,0.18008635705336928,6458,25,4,21,sqlite,small_size,1,success,0.0022504611406475306,128,8401,"{""automatic_index"": true, ""cache_mb"": 64, ""cache_spill"": false, ""db_path"": "":memory:"", ""journal_mode"": ""OFF"", ""locking_mode"": ""EXCLUSIVE"", ""mmap_mb"": 0, ""synchronous"": ""OFF"", ""temp_store"": ""FILE"", ""threads"": 1}",
02f72cee61dca1cb221b33c858c81985f6d9cecb655769d806e92c8b44b76ce6,/home/timlittau/Documents/InferQ/analysis/finetuned_rdbms_162/qpy/02f72cee61dca1cb221b33c858c81985f6d9cecb655769d806e92c8b44b76ce6.qpy,7,16,0.18008635705336928,6458,25,4,21,duckdb,small_size,0,success,0.020331840962171555,128,10245,"{""max_temp_directory_size"": ""256GB"", ""memory_limit"": ""10780MB"", ""preserve_insertion_order"": false, ""temp_directory"": ""analysis/finetuned/rdbms162_all_engines_120s/tmp/small_size/duckdb"", ""threads"": 2}",
02f72cee61dca1cb221b33c858c81985f6d9cecb655769d806e92c8b44b76ce6,/home/timlittau/Documents/InferQ/analysis/finetuned_rdbms_162/qpy/02f72cee61dca1cb221b33c858c81985f6d9cecb655769d806e92c8b44b76ce6.qpy,7,16,0.18008635705336928,6458,25,4,21,duckdb,small_size,1,success,0.017236291896551847,128,10249,"{""max_temp_directory_size"": ""256GB"", ""memory_limit"": ""10780MB"", ""preserve_insertion_order"": false, ""temp_directory"": ""analysis/finetuned/rdbms162_all_engines_120s/tmp/small_size/duckdb"", ""threads"": 2}",
02f72cee61dca1cb221b33c858c81985f6d9cecb655769d806e92c8b44b76ce6,/home/timlittau/Documents/InferQ/analysis/finetuned_rdbms_162/qpy/02f72cee61dca1cb221b33c858c81985f6d9cecb655769d806e92c8b44b76ce6.qpy,7,16,0.18008635705336928,6458,25,4,21,postgres,small_size,0,success,0.004881313070654869,128,16133,"{""effective_cache_size"": ""8GB"", ""from_collapse_limit"": 1, ""hash_mem_multiplier"": ""2.0"", ""jit"": ""off"", ""join_collapse_limit"": 1, ""max_parallel_workers_per_gather"": 4, ""temp_buffers"": ""128MB"", ""temp_file_limit"": ""-1"", ""work_mem"": ""256MB""}",
02f72cee61dca1cb221b33c858c81985f6d9cecb655769d806e92c8b44b76ce6,/home/timlittau/Documents/InferQ/analysis/finetuned_rdbms_162/qpy/02f72cee61dca1cb221b33c858c81985f6d9cecb655769d806e92c8b44b76ce6.qpy,7,16,0.18008635705336928,6458,25,4,21,postgres,small_size,1,success,0.004993628012016416,128,16293,"{""effective_cache_size"": ""8GB"", ""from_collapse_limit"": 1, ""hash_mem_multiplier"": ""2.0"", ""jit"": ""off"", ""join_collapse_limit"": 1, ""max_parallel_workers_per_gather"": 4, ""temp_buffers"": ""128MB"", ""temp_file_limit"": ""-1"", ""work_mem"": ""256MB""}",
02f832b8769623ad1158c9b002c1dfbdcfc38d016baecc9c8a0df4aad0e6f628,/home/timlittau/Documents/InferQ/analysis/finetuned_rdbms_162/qpy/02f832b8769623ad1158c9b002c1dfbdcfc38d016baecc9c8a0df4aad0e6f628.qpy,9,69,0.7452140760142356,23308,81,5,76,sqlite,large_size,0,success,0.024459982989355922,512,30029,"{""automatic_index"": true, ""cache_mb"": 64, ""cache_spill"": false, ""db_path"": "":memory:"", ""journal_mode"": ""OFF"", ""locking_mode"": ""EXCLUSIVE"", ""mmap_mb"": 0, ""synchronous"": ""OFF"", ""temp_store"": ""FILE"", ""threads"": 1}",
02f832b8769623ad1158c9b002c1dfbdcfc38d016baecc9c8a0df4aad0e6f628,/home/timlittau/Documents/InferQ/analysis/finetuned_rdbms_162/qpy/02f832b8769623ad1158c9b002c1dfbdcfc38d016baecc9c8a0df4aad0e6f628.qpy,9,69,0.7452140760142356,23308,81,5,76,sqlite,large_size,1,success,0.020784243009984493,512,30029,"{""automatic_index"": true, ""cache_mb"": 64, ""cache_spill"": false, ""db_path"": "":memory:"", ""journal_mode"": ""OFF"", ""locking_mode"": ""EXCLUSIVE"", ""mmap_mb"": 0, ""synchronous"": ""OFF"", ""temp_store"": ""FILE"", ""threads"": 1}",
02f832b8769623ad1158c9b002c1dfbdcfc38d016baecc9c8a0df4aad0e6f628,/home/timlittau/Documents/InferQ/analysis/finetuned_rdbms_162/qpy/02f832b8769623ad1158c9b002c1dfbdcfc38d016baecc9c8a0df4aad0e6f628.qpy,9,69,0.7452140760142356,23308,81,5,76,duckdb,large_size,0,success,3.114138978999108,512,30300,"{""max_temp_directory_size"": ""128GB"", ""memory_limit"": ""7409MB"", ""preserve_insertion_order"": true, ""temp_directory"": ""analysis/finetuned/rdbms162_all_engines_120s/tmp/large_size/duckdb"", ""threads"": 1}",
02f832b8769623ad1158c9b002c1dfbdcfc38d016baecc9c8a0df4aad0e6f628,/home/timlittau/Documents/InferQ/analysis/finetuned_rdbms_162/qpy/02f832b8769623ad1158c9b002c1dfbdcfc38d016baecc9c8a0df4aad0e6f628.qpy,9,69,0.7452140760142356,23308,81,5,76,duckdb,large_size,1,success,3.124305600998923,512,30300,"{""max_temp_directory_size"": ""128GB"", ""memory_limit"": ""7409MB"", ""preserve_insertion_order"": true, ""temp_directory"": ""analysis/finetuned/rdbms162_all_engines_120s/tmp/large_size/duckdb"", ""threads"": 1}",
02f832b8769623ad1158c9b002c1dfbdcfc38d016baecc9c8a0df4aad0e6f628,/home/timlittau/Documents/InferQ/analysis/finetuned_rdbms_162/qpy/02f832b8769623ad1158c9b002c1dfbdcfc38d016baecc9c8a0df4aad0e6f628.qpy,9,69,0.7452140760142356,23308,81,5,76,postgres,large_size,0,success,0.06726675713434815,512,54848,"{""effective_cache_size"": ""2GB"", ""from_collapse_limit"": 1, ""hash_mem_multiplier"": ""1.94"", ""jit"": ""off"", ""join_collapse_limit"": 4, ""max_parallel_workers_per_gather"": 0, ""temp_buffers"": ""65MB"", ""temp_file_limit"": ""-1"", ""work_mem"": ""55MB""}",
02f832b8769623ad1158c9b002c1dfbdcfc38d016baecc9c8a0df4aad0e6f628,/home/timlittau/Documents/InferQ/analysis/finetuned_rdbms_162/qpy/02f832b8769623ad1158c9b002c1dfbdcfc38d016baecc9c8a0df4aad0e6f628.qpy,9,69,0.7452140760142356,23308,81,5,76,postgres,large_size,1,success,0.06824764981865883,512,54688,"{""effective_cache_size"": ""2GB"", ""from_collapse_limit"": 1, ""hash_mem_multiplier"": ""1.94"", ""jit"": ""off"", ""join_collapse_limit"": 4, ""max_parallel_workers_per_gather"": 0, ""temp_buffers"": ""65MB"", ""temp_file_limit"": ""-1"", ""work_mem"": ""55MB""}",
0315679e5797d61084465dbfdf808df96c39bf3b720c54b6bf95b21d23c39e41,/home/timlittau/Documents/InferQ/analysis/finetuned_rdbms_162/qpy/0315679e5797d61084465dbfdf808df96c39bf3b720c54b6bf95b21d23c39e41.qpy,4,13,0.11338246101513505,5513,20,5,15,sqlite,small_size,0,success,0.0019461859483271837,16,4131,"{""automatic_index"": true, ""cache_mb"": 64, ""cache_spill"": false, ""db_path"": "":memory:"", ""journal_mode"": ""OFF"", ""locking_mode"": ""EXCLUSIVE"", ""mmap_mb"": 0, ""synchronous"": ""OFF"", ""temp_store"": ""FILE"", ""threads"": 1}",
0315679e5797d61084465dbfdf808df96c39bf3b720c54b6bf95b21d23c39e41,/home/timlittau/Documents/InferQ/analysis/finetuned_rdbms_162/qpy/0315679e5797d61084465dbfdf808df96c39bf3b720c54b6bf95b21d23c39e41.qpy,4,13,0.11338246101513505,5513,20,5,15,sqlite,small_size,1,success,0.0013172549661248922,16,4131,"{""automatic_index"": true, ""cache_mb"": 64, ""cache_spill"": false, ""db_path"": "":memory:"", ""journal_mode"": ""OFF"", ""locking_mode"": ""EXCLUSIVE"", ""mmap_mb"": 0, ""synchronous"": ""OFF"", ""temp_store"": ""FILE"", ""threads"": 1}",
0315679e5797d61084465dbfdf808df96c39bf3b720c54b6bf95b21d23c39e41,/home/timlittau/Documents/InferQ/analysis/finetuned_rdbms_162/qpy/0315679e5797d61084465dbfdf808df96c39bf3b720c54b6bf95b21d23c39e41.qpy,4,13,0.11338246101513505,5513,20,5,15,duckdb,small_size,0,success,0.010697955032810569,16,9366,"{""max_temp_directory_size"": ""256GB"", ""memory_limit"": ""10780MB"", ""preserve_insertion_order"": false, ""temp_directory"": ""analysis/finetuned/rdbms162_all_engines_120s/tmp/small_size/duckdb"", ""threads"": 2}",
0315679e5797d61084465dbfdf808df96c39bf3b720c54b6bf95b21d23c39e41,/home/timlittau/Documents/InferQ/analysis/finetuned_rdbms_162/qpy/0315679e5797d61084465dbfdf808df96c39bf3b720c54b6bf95b21d23c39e41.qpy,4,13,0.11338246101513505,5513,20,5,15,duckdb,small_size,1,success,0.010752815986052155,16,9402,"{""max_temp_directory_size"": ""256GB"", ""memory_limit"": ""10780MB"", ""preserve_insertion_order"": false, ""temp_directory"": ""analysis/finetuned/rdbms162_all_engines_120s/tmp/small_size/duckdb"", ""threads"": 2}",
0315679e5797d61084465dbfdf808df96c39bf3b720c54b6bf95b21d23c39e41,/home/timlittau/Documents/InferQ/analysis/finetuned_rdbms_162/qpy/0315679e5797d61084465dbfdf808df96c39bf3b720c54b6bf95b21d23c39e41.qpy,4,13,0.11338246101513505,5513,20,5,15,postgres,small_size,0,success,0.003410266013815999,16,10261,"{""effective_cache_size"": ""8GB"", ""from_collapse_limit"": 1, ""hash_mem_multiplier"": ""2.0"", ""jit"": ""off"", ""join_collapse_limit"": 1, ""max_parallel_workers_per_gather"": 4, ""temp_buffers"": ""128MB"", ""temp_file_limit"": ""-1"", ""work_mem"": ""256MB""}",
0315679e5797d61084465dbfdf808df96c39bf3b720c54b6bf95b21d23c39e41,/home/timlittau/Documents/InferQ/analysis/finetuned_rdbms_162/qpy/0315679e5797d61084465dbfdf808df96c39bf3b720c54b6bf95b21d23c39e41.qpy,4,13,0.11338246101513505,5513,20,5,15,postgres,small_size,1,success,0.0029344968497753143,16,10261,"{""effective_cache_size"": ""8GB"", ""from_collapse_limit"": 1, ""hash_mem_multiplier"": ""2.0"", ""jit"": ""off"", ""join_collapse_limit"": 1, ""max_parallel_workers_per_gather"": 4, ""temp_buffers"": ""128MB"", ""temp_file_limit"": ""-1"", ""work_mem"": ""256MB""}",
036459b40f763ff2f1cc635a35f4ac1726843428c2036f9eb95b4a6cb2c1e8e7,/home/timlittau/Documents/InferQ/analysis/finetuned_rdbms_162/qpy/036459b40f763ff2f1cc635a35f4ac1726843428c2036f9eb95b4a6cb2c1e8e7.qpy,14,52,0.5385447440203279,19526,72,8,64,sqlite,small_size,0,success,0.0073574320413172245,16,4131,"{""automatic_index"": true, ""cache_mb"": 64, ""cache_spill"": false, ""db_path"": "":memory:"", ""journal_mode"": ""OFF"", ""locking_mode"": ""EXCLUSIVE"", ""mmap_mb"": 0, ""synchronous"": ""OFF"", ""temp_store"": ""FILE"", ""threads"": 1}",
036459b40f763ff2f1cc635a35f4ac1726843428c2036f9eb95b4a6cb2c1e8e7,/home/timlittau/Documents/InferQ/analysis/finetuned_rdbms_162/qpy/036459b40f763ff2f1cc635a35f4ac1726843428c2036f9eb95b4a6cb2c1e8e7.qpy,14,52,0.5385447440203279,19526,72,8,64,sqlite,small_size,1,success,0.0055314828641712666,16,4131,"{""automatic_index"": true, ""cache_mb"": 64, ""cache_spill"": false, ""db_path"": "":memory:"", ""journal_mode"": ""OFF"", ""locking_mode"": ""EXCLUSIVE"", ""mmap_mb"": 0, ""synchronous"": ""OFF"", ""temp_store"": ""FILE"", ""threads"": 1}",
036459b40f763ff2f1cc635a35f4ac1726843428c2036f9eb95b4a6cb2c1e8e7,/home/timlittau/Documents/InferQ/analysis/finetuned_rdbms_162/qpy/036459b40f763ff2f1cc635a35f4ac1726843428c2036f9eb95b4a6cb2c1e8e7.qpy,14,52,0.5385447440203279,19526,72,8,64,duckdb,small_size,0,success,0.6318742351140827,16,23659,"{""max_temp_directory_size"": ""256GB"", ""memory_limit"": ""10780MB"", ""preserve_insertion_order"": false, ""temp_directory"": ""analysis/finetuned/rdbms162_all_engines_120s/tmp/small_size/duckdb"", ""threads"": 2}",
036459b40f763ff2f1cc635a35f4ac1726843428c2036f9eb95b4a6cb2c1e8e7,/home/timlittau/Documents/InferQ/analysis/finetuned_rdbms_162/qpy/036459b40f763ff2f1cc635a35f4ac1726843428c2036f9eb95b4a6cb2c1e8e7.qpy,14,52,0.5385447440203279,19526,72,8,64,duckdb,small_size,1,success,0.6324717220850289,16,23313,"{""max_temp_directory_size"": ""256GB"", ""memory_limit"": ""10780MB"", ""preserve_insertion_order"": false, ""temp_directory"": ""analysis/finetuned/rdbms162_all_engines_120s/tmp/small_size/duckdb"", ""threads"": 2}",
036459b40f763ff2f1cc635a35f4ac1726843428c2036f9eb95b4a6cb2c1e8e7,/home/timlittau/Documents/InferQ/analysis/finetuned_rdbms_162/qpy/036459b40f763ff2f1cc635a35f4ac1726843428c2036f9eb95b4a6cb2c1e8e7.qpy,14,52,0.5385447440203279,19526,72,8,64,postgres,small_size,0,success,0.018077587010338902,16,25154,"{""effective_cache_size"": ""8GB"", ""from_collapse_limit"": 1, ""hash_mem_multiplier"": ""2.0"", ""jit"": ""off"", ""join_collapse_limit"": 1, ""max_parallel_workers_per_gather"": 4, ""temp_buffers"": ""128MB"", ""temp_file_limit"": ""-1"", ""work_mem"": ""256MB""}",
036459b40f763ff2f1cc635a35f4ac1726843428c2036f9eb95b4a6cb2c1e8e7,/home/timlittau/Documents/InferQ/analysis/finetuned_rdbms_162/qpy/036459b40f763ff2f1cc635a35f4ac1726843428c2036f9eb95b4a6cb2c1e8e7.qpy,14,52,0.5385447440203279,19526,72,8,64,postgres,small_size,1,success,0.01749023306183517,16,25154,"{""effective_cache_size"": ""8GB"", ""from_collapse_limit"": 1, ""hash_mem_multiplier"": ""2.0"", ""jit"": ""off"", ""join_collapse_limit"": 1, ""max_parallel_workers_per_gather"": 4, ""temp_buffers"": ""128MB"", ""temp_file_limit"": ""-1"", ""work_mem"": ""256MB""}",
