circuit_hash,qpy_path,num_qubits,num_gates,query_gen_time_s,query_bytes,total_ctes,tensor_ctes,contraction_ctes,engine,profile,run_idx,status,wall_time_s,rows_consumed,tracemalloc_peak_bytes,tuning,error_msg
0002f03d8800974fa0082d17c88c60c429f4c89b6ecc6e7e8ecb6eb579d86ed8,/home/timlittau/Documents/InferQ/analysis/finetuned_rdbms_162/qpy/0002f03d8800974fa0082d17c88c60c429f4c89b6ecc6e7e8ecb6eb579d86ed8.qpy,12,72,0.8612954849377275,25825,90,8,82,sqlite,large_size,0,success,0.06993331690318882,4096,853223,"{""cache_mb"": 128, ""db_path"": ""analysis/finetuned_rdbms_162_baseline_min_floor_100ms_contraction_all_engines/tmp/large_size/sqlite/bench.db"", ""mmap_mb"": 128, ""temp_store"": ""MEMORY"", ""threads"": 1}",
0002f03d8800974fa0082d17c88c60c429f4c89b6ecc6e7e8ecb6eb579d86ed8,/home/timlittau/Documents/InferQ/analysis/finetuned_rdbms_162/qpy/0002f03d8800974fa0082d17c88c60c429f4c89b6ecc6e7e8ecb6eb579d86ed8.qpy,12,72,0.8612954849377275,25825,90,8,82,sqlite,large_size,1,success,0.06164508080109954,4096,549199,"{""cache_mb"": 128, ""db_path"": ""analysis/finetuned_rdbms_162_baseline_min_floor_100ms_contraction_all_engines/tmp/large_size/sqlite/bench.db"", ""mmap_mb"": 128, ""temp_store"": ""MEMORY"", ""threads"": 1}",
0002f03d8800974fa0082d17c88c60c429f4c89b6ecc6e7e8ecb6eb579d86ed8,/home/timlittau/Documents/InferQ/analysis/finetuned_rdbms_162/qpy/0002f03d8800974fa0082d17c88c60c429f4c89b6ecc6e7e8ecb6eb579d86ed8.qpy,12,72,0.8612954849377275,25825,90,8,82,duckdb,large_size,0,timeout,0.10744209215044975,0,35872,"{""max_temp_directory_size"": ""128GB"", ""memory_limit"": ""7409MB"", ""preserve_insertion_order"": true, ""temp_directory"": ""analysis/finetuned_rdbms_162_baseline_min_floor_100ms_contraction_all_engines/tmp/large_size/duckdb"", ""threads"": 1}",duckdb timed out after 0.1s
0002f03d8800974fa0082d17c88c60c429f4c89b6ecc6e7e8ecb6eb579d86ed8,/home/timlittau/Documents/InferQ/analysis/finetuned_rdbms_162/qpy/0002f03d8800974fa0082d17c88c60c429f4c89b6ecc6e7e8ecb6eb579d86ed8.qpy,12,72,0.8612954849377275,25825,90,8,82,duckdb,large_size,1,timeout,0.10749720106832683,0,30597,"{""max_temp_directory_size"": ""128GB"", ""memory_limit"": ""7409MB"", ""preserve_insertion_order"": true, ""temp_directory"": ""analysis/finetuned_rdbms_162_baseline_min_floor_100ms_contraction_all_engines/tmp/large_size/duckdb"", ""threads"": 1}",duckdb timed out after 0.1s
0002f03d8800974fa0082d17c88c60c429f4c89b6ecc6e7e8ecb6eb579d86ed8,/home/timlittau/Documents/InferQ/analysis/finetuned_rdbms_162/qpy/0002f03d8800974fa0082d17c88c60c429f4c89b6ecc6e7e8ecb6eb579d86ed8.qpy,12,72,0.8612954849377275,25825,90,8,82,postgres,large_size,0,timeout,0.13505167397670448,0,1224606,"{""effective_cache_size"": ""2GB"", ""from_collapse_limit"": 1, ""hash_mem_multiplier"": ""1.94"", ""jit"": ""off"", ""join_collapse_limit"": 4, ""max_parallel_workers_per_gather"": 0, ""temp_buffers"": ""65MB"", ""temp_file_limit"": ""-1"", ""work_mem"": ""55MB""}",postgres timed out after 0.1s
0002f03d8800974fa0082d17c88c60c429f4c89b6ecc6e7e8ecb6eb579d86ed8,/home/timlittau/Documents/InferQ/analysis/finetuned_rdbms_162/qpy/0002f03d8800974fa0082d17c88c60c429f4c89b6ecc6e7e8ecb6eb579d86ed8.qpy,12,72,0.8612954849377275,25825,90,8,82,postgres,large_size,1,timeout,0.1257593568880111,0,1610115,"{""effective_cache_size"": ""2GB"", ""from_collapse_limit"": 1, ""hash_mem_multiplier"": ""1.94"", ""jit"": ""off"", ""join_collapse_limit"": 4, ""max_parallel_workers_per_gather"": 0, ""temp_buffers"": ""65MB"", ""temp_file_limit"": ""-1"", ""work_mem"": ""55MB""}",postgres timed out after 0.1s
000859b011a971cec40d9751ea0663cdb41e0df3d8e956d0d85536a1dd497b3f,/home/timlittau/Documents/InferQ/analysis/finetuned_rdbms_162/qpy/000859b011a971cec40d9751ea0663cdb41e0df3d8e956d0d85536a1dd497b3f.qpy,4,37,0.3472993499599397,12663,44,5,39,sqlite,small_size,0,success,0.004621726227924228,16,5463,"{""cache_mb"": 64, ""db_path"": "":memory:"", ""mmap_mb"": 0, ""temp_store"": ""MEMORY"", ""threads"": 1}",
000859b011a971cec40d9751ea0663cdb41e0df3d8e956d0d85536a1dd497b3f,/home/timlittau/Documents/InferQ/analysis/finetuned_rdbms_162/qpy/000859b011a971cec40d9751ea0663cdb41e0df3d8e956d0d85536a1dd497b3f.qpy,4,37,0.3472993499599397,12663,44,5,39,sqlite,small_size,1,success,0.0038278920110315084,16,3807,"{""cache_mb"": 64, ""db_path"": "":memory:"", ""mmap_mb"": 0, ""temp_store"": ""MEMORY"", ""threads"": 1}",
000859b011a971cec40d9751ea0663cdb41e0df3d8e956d0d85536a1dd497b3f,/home/timlittau/Documents/InferQ/analysis/finetuned_rdbms_162/qpy/000859b011a971cec40d9751ea0663cdb41e0df3d8e956d0d85536a1dd497b3f.qpy,4,37,0.3472993499599397,12663,44,5,39,duckdb,small_size,0,success,0.05750885186716914,16,17399,"{""max_temp_directory_size"": ""256GB"", ""memory_limit"": ""10780MB"", ""preserve_insertion_order"": false, ""temp_directory"": ""analysis/finetuned_rdbms_162_baseline_min_floor_100ms_contraction_all_engines/tmp/small_size/duckdb"", ""threads"": 2}",
000859b011a971cec40d9751ea0663cdb41e0df3d8e956d0d85536a1dd497b3f,/home/timlittau/Documents/InferQ/analysis/finetuned_rdbms_162/qpy/000859b011a971cec40d9751ea0663cdb41e0df3d8e956d0d85536a1dd497b3f.qpy,4,37,0.3472993499599397,12663,44,5,39,duckdb,small_size,1,success,0.058494586031883955,16,17431,"{""max_temp_directory_size"": ""256GB"", ""memory_limit"": ""10780MB"", ""preserve_insertion_order"": false, ""temp_directory"": ""analysis/finetuned_rdbms_162_baseline_min_floor_100ms_contraction_all_engines/tmp/small_size/duckdb"", ""threads"": 2}",
000859b011a971cec40d9751ea0663cdb41e0df3d8e956d0d85536a1dd497b3f,/home/timlittau/Documents/InferQ/analysis/finetuned_rdbms_162/qpy/000859b011a971cec40d9751ea0663cdb41e0df3d8e956d0d85536a1dd497b3f.qpy,4,37,0.3472993499599397,12663,44,5,39,postgres,small_size,0,success,0.008502742974087596,16,17793,"{""effective_cache_size"": ""8GB"", ""from_collapse_limit"": 1, ""hash_mem_multiplier"": ""2.0"", ""jit"": ""off"", ""join_collapse_limit"": 1, ""max_parallel_workers_per_gather"": 4, ""temp_buffers"": ""128MB"", ""temp_file_limit"": ""-1"", ""work_mem"": ""256MB""}",
000859b011a971cec40d9751ea0663cdb41e0df3d8e956d0d85536a1dd497b3f,/home/timlittau/Documents/InferQ/analysis/finetuned_rdbms_162/qpy/000859b011a971cec40d9751ea0663cdb41e0df3d8e956d0d85536a1dd497b3f.qpy,4,37,0.3472993499599397,12663,44,5,39,postgres,small_size,1,success,0.008195905946195126,16,17673,"{""effective_cache_size"": ""8GB"", ""from_collapse_limit"": 1, ""hash_mem_multiplier"": ""2.0"", ""jit"": ""off"", ""join_collapse_limit"": 1, ""max_parallel_workers_per_gather"": 4, ""temp_buffers"": ""128MB"", ""temp_file_limit"": ""-1"", ""work_mem"": ""256MB""}",
000c74623b1dde87feb64ff68d69e6625b126dfd9fd3070b1669d44fcff77e00,/home/timlittau/Documents/InferQ/analysis/finetuned_rdbms_162/qpy/000c74623b1dde87feb64ff68d69e6625b126dfd9fd3070b1669d44fcff77e00.qpy,10,13,0.1276647779159248,6360,25,4,21,sqlite,small_size,0,success,0.0019936158787459135,32,8599,"{""cache_mb"": 64, ""db_path"": "":memory:"", ""mmap_mb"": 0, ""temp_store"": ""MEMORY"", ""threads"": 1}",
000c74623b1dde87feb64ff68d69e6625b126dfd9fd3070b1669d44fcff77e00,/home/timlittau/Documents/InferQ/analysis/finetuned_rdbms_162/qpy/000c74623b1dde87feb64ff68d69e6625b126dfd9fd3070b1669d44fcff77e00.qpy,10,13,0.1276647779159248,6360,25,4,21,sqlite,small_size,1,success,0.001752742100507021,32,3807,"{""cache_mb"": 64, ""db_path"": "":memory:"", ""mmap_mb"": 0, ""temp_store"": ""MEMORY"", ""threads"": 1}",
000c74623b1dde87feb64ff68d69e6625b126dfd9fd3070b1669d44fcff77e00,/home/timlittau/Documents/InferQ/analysis/finetuned_rdbms_162/qpy/000c74623b1dde87feb64ff68d69e6625b126dfd9fd3070b1669d44fcff77e00.qpy,10,13,0.1276647779159248,6360,25,4,21,duckdb,small_size,0,success,0.013956325128674507,32,11168,"{""max_temp_directory_size"": ""256GB"", ""memory_limit"": ""10780MB"", ""preserve_insertion_order"": false, ""temp_directory"": ""analysis/finetuned_rdbms_162_baseline_min_floor_100ms_contraction_all_engines/tmp/small_size/duckdb"", ""threads"": 2}",
000c74623b1dde87feb64ff68d69e6625b126dfd9fd3070b1669d44fcff77e00,/home/timlittau/Documents/InferQ/analysis/finetuned_rdbms_162/qpy/000c74623b1dde87feb64ff68d69e6625b126dfd9fd3070b1669d44fcff77e00.qpy,10,13,0.1276647779159248,6360,25,4,21,duckdb,small_size,1,success,0.015042620012536645,32,11105,"{""max_temp_directory_size"": ""256GB"", ""memory_limit"": ""10780MB"", ""preserve_insertion_order"": false, ""temp_directory"": ""analysis/finetuned_rdbms_162_baseline_min_floor_100ms_contraction_all_engines/tmp/small_size/duckdb"", ""threads"": 2}",
000c74623b1dde87feb64ff68d69e6625b126dfd9fd3070b1669d44fcff77e00,/home/timlittau/Documents/InferQ/analysis/finetuned_rdbms_162/qpy/000c74623b1dde87feb64ff68d69e6625b126dfd9fd3070b1669d44fcff77e00.qpy,10,13,0.1276647779159248,6360,25,4,21,postgres,small_size,0,success,0.004071459174156189,32,12045,"{""effective_cache_size"": ""8GB"", ""from_collapse_limit"": 1, ""hash_mem_multiplier"": ""2.0"", ""jit"": ""off"", ""join_collapse_limit"": 1, ""max_parallel_workers_per_gather"": 4, ""temp_buffers"": ""128MB"", ""temp_file_limit"": ""-1"", ""work_mem"": ""256MB""}",
000c74623b1dde87feb64ff68d69e6625b126dfd9fd3070b1669d44fcff77e00,/home/timlittau/Documents/InferQ/analysis/finetuned_rdbms_162/qpy/000c74623b1dde87feb64ff68d69e6625b126dfd9fd3070b1669d44fcff77e00.qpy,10,13,0.1276647779159248,6360,25,4,21,postgres,small_size,1,success,0.003990710945799947,32,11877,"{""effective_cache_size"": ""8GB"", ""from_collapse_limit"": 1, ""hash_mem_multiplier"": ""2.0"", ""jit"": ""off"", ""join_collapse_limit"": 1, ""max_parallel_workers_per_gather"": 4, ""temp_buffers"": ""128MB"", ""temp_file_limit"": ""-1"", ""work_mem"": ""256MB""}",
000cff934cb3e2da10f6e6aed87cf30c4aab597619b0ff20097ade0330ce0d89,/home/timlittau/Documents/InferQ/analysis/finetuned_rdbms_162/qpy/000cff934cb3e2da10f6e6aed87cf30c4aab597619b0ff20097ade0330ce0d89.qpy,11,11,0.058056527050212026,5989,24,4,20,sqlite,large_size,0,success,0.0012380871921777725,1,3669,"{""cache_mb"": 128, ""db_path"": ""analysis/finetuned_rdbms_162_baseline_min_floor_100ms_contraction_all_engines/tmp/large_size/sqlite/bench.db"", ""mmap_mb"": 128, ""temp_store"": ""MEMORY"", ""threads"": 1}",
000cff934cb3e2da10f6e6aed87cf30c4aab597619b0ff20097ade0330ce0d89,/home/timlittau/Documents/InferQ/analysis/finetuned_rdbms_162/qpy/000cff934cb3e2da10f6e6aed87cf30c4aab597619b0ff20097ade0330ce0d89.qpy,11,11,0.058056527050212026,5989,24,4,20,sqlite,large_size,1,success,0.0011207000352442265,1,3669,"{""cache_mb"": 128, ""db_path"": ""analysis/finetuned_rdbms_162_baseline_min_floor_100ms_contraction_all_engines/tmp/large_size/sqlite/bench.db"", ""mmap_mb"": 128, ""temp_store"": ""MEMORY"", ""threads"": 1}",
000cff934cb3e2da10f6e6aed87cf30c4aab597619b0ff20097ade0330ce0d89,/home/timlittau/Documents/InferQ/analysis/finetuned_rdbms_162/qpy/000cff934cb3e2da10f6e6aed87cf30c4aab597619b0ff20097ade0330ce0d89.qpy,11,11,0.058056527050212026,5989,24,4,20,duckdb,large_size,0,success,0.00962102017365396,1,10346,"{""max_temp_directory_size"": ""128GB"", ""memory_limit"": ""7409MB"", ""preserve_insertion_order"": true, ""temp_directory"": ""analysis/finetuned_rdbms_162_baseline_min_floor_100ms_contraction_all_engines/tmp/large_size/duckdb"", ""threads"": 1}",
000cff934cb3e2da10f6e6aed87cf30c4aab597619b0ff20097ade0330ce0d89,/home/timlittau/Documents/InferQ/analysis/finetuned_rdbms_162/qpy/000cff934cb3e2da10f6e6aed87cf30c4aab597619b0ff20097ade0330ce0d89.qpy,11,11,0.058056527050212026,5989,24,4,20,duckdb,large_size,1,success,0.009738191030919552,1,10330,"{""max_temp_directory_size"": ""128GB"", ""memory_limit"": ""7409MB"", ""preserve_insertion_order"": true, ""temp_directory"": ""analysis/finetuned_rdbms_162_baseline_min_floor_100ms_contraction_all_engines/tmp/large_size/duckdb"", ""threads"": 1}",
000cff934cb3e2da10f6e6aed87cf30c4aab597619b0ff20097ade0330ce0d89,/home/timlittau/Documents/InferQ/analysis/finetuned_rdbms_162/qpy/000cff934cb3e2da10f6e6aed87cf30c4aab597619b0ff20097ade0330ce0d89.qpy,11,11,0.058056527050212026,5989,24,4,20,postgres,large_size,0,success,0.003002203069627285,1,11440,"{""effective_cache_size"": ""2GB"", ""from_collapse_limit"": 1, ""hash_mem_multiplier"": ""1.94"", ""jit"": ""off"", ""join_collapse_limit"": 4, ""max_parallel_workers_per_gather"": 0, ""temp_buffers"": ""65MB"", ""temp_file_limit"": ""-1"", ""work_mem"": ""55MB""}",
000cff934cb3e2da10f6e6aed87cf30c4aab597619b0ff20097ade0330ce0d89,/home/timlittau/Documents/InferQ/analysis/finetuned_rdbms_162/qpy/000cff934cb3e2da10f6e6aed87cf30c4aab597619b0ff20097ade0330ce0d89.qpy,11,11,0.058056527050212026,5989,24,4,20,postgres,large_size,1,success,0.003023196943104267,1,11497,"{""effective_cache_size"": ""2GB"", ""from_collapse_limit"": 1, ""hash_mem_multiplier"": ""1.94"", ""jit"": ""off"", ""join_collapse_limit"": 4, ""max_parallel_workers_per_gather"": 0, ""temp_buffers"": ""65MB"", ""temp_file_limit"": ""-1"", ""work_mem"": ""55MB""}",
000dd14e82c044be2a132faa2837244683336a3ba01c3cad25f96c25280686c3,/home/timlittau/Documents/InferQ/analysis/finetuned_rdbms_162/qpy/000dd14e82c044be2a132faa2837244683336a3ba01c3cad25f96c25280686c3.qpy,10,67,0.7678124909289181,23398,80,5,75,sqlite,large_size,0,success,0.03880139603279531,1024,192503,"{""cache_mb"": 128, ""db_path"": ""analysis/finetuned_rdbms_162_baseline_min_floor_100ms_contraction_all_engines/tmp/large_size/sqlite/bench.db"", ""mmap_mb"": 128, ""temp_store"": ""MEMORY"", ""threads"": 1}",
000dd14e82c044be2a132faa2837244683336a3ba01c3cad25f96c25280686c3,/home/timlittau/Documents/InferQ/analysis/finetuned_rdbms_162/qpy/000dd14e82c044be2a132faa2837244683336a3ba01c3cad25f96c25280686c3.qpy,10,67,0.7678124909289181,23398,80,5,75,sqlite,large_size,1,success,0.03611559816636145,1024,58783,"{""cache_mb"": 128, ""db_path"": ""analysis/finetuned_rdbms_162_baseline_min_floor_100ms_contraction_all_engines/tmp/large_size/sqlite/bench.db"", ""mmap_mb"": 128, ""temp_store"": ""MEMORY"", ""threads"": 1}",
000dd14e82c044be2a132faa2837244683336a3ba01c3cad25f96c25280686c3,/home/timlittau/Documents/InferQ/analysis/finetuned_rdbms_162/qpy/000dd14e82c044be2a132faa2837244683336a3ba01c3cad25f96c25280686c3.qpy,10,67,0.7678124909289181,23398,80,5,75,duckdb,large_size,0,timeout,0.10645497613586485,0,27699,"{""max_temp_directory_size"": ""128GB"", ""memory_limit"": ""7409MB"", ""preserve_insertion_order"": true, ""temp_directory"": ""analysis/finetuned_rdbms_162_baseline_min_floor_100ms_contraction_all_engines/tmp/large_size/duckdb"", ""threads"": 1}",duckdb timed out after 0.1s
000dd14e82c044be2a132faa2837244683336a3ba01c3cad25f96c25280686c3,/home/timlittau/Documents/InferQ/analysis/finetuned_rdbms_162/qpy/000dd14e82c044be2a132faa2837244683336a3ba01c3cad25f96c25280686c3.qpy,10,67,0.7678124909289181,23398,80,5,75,duckdb,large_size,1,timeout,0.10682755499146879,0,27691,"{""max_temp_directory_size"": ""128GB"", ""memory_limit"": ""7409MB"", ""preserve_insertion_order"": true, ""temp_directory"": ""analysis/finetuned_rdbms_162_baseline_min_floor_100ms_contraction_all_engines/tmp/large_size/duckdb"", ""threads"": 1}",duckdb timed out after 0.1s
000dd14e82c044be2a132faa2837244683336a3ba01c3cad25f96c25280686c3,/home/timlittau/Documents/InferQ/analysis/finetuned_rdbms_162/qpy/000dd14e82c044be2a132faa2837244683336a3ba01c3cad25f96c25280686c3.qpy,10,67,0.7678124909289181,23398,80,5,75,postgres,large_size,0,success,0.09054756304249167,1024,84002,"{""effective_cache_size"": ""2GB"", ""from_collapse_limit"": 1, ""hash_mem_multiplier"": ""1.94"", ""jit"": ""off"", ""join_collapse_limit"": 4, ""max_parallel_workers_per_gather"": 0, ""temp_buffers"": ""65MB"", ""temp_file_limit"": ""-1"", ""work_mem"": ""55MB""}",
000dd14e82c044be2a132faa2837244683336a3ba01c3cad25f96c25280686c3,/home/timlittau/Documents/InferQ/analysis/finetuned_rdbms_162/qpy/000dd14e82c044be2a132faa2837244683336a3ba01c3cad25f96c25280686c3.qpy,10,67,0.7678124909289181,23398,80,5,75,postgres,large_size,1,success,0.09013982489705086,1024,83522,"{""effective_cache_size"": ""2GB"", ""from_collapse_limit"": 1, ""hash_mem_multiplier"": ""1.94"", ""jit"": ""off"", ""join_collapse_limit"": 4, ""max_parallel_workers_per_gather"": 0, ""temp_buffers"": ""65MB"", ""temp_file_limit"": ""-1"", ""work_mem"": ""55MB""}",
00100b4430ca54efbc592eaeb6abbf1d19f7012742041e24e8072be2d03db4cb,/home/timlittau/Documents/InferQ/analysis/finetuned_rdbms_162/qpy/00100b4430ca54efbc592eaeb6abbf1d19f7012742041e24e8072be2d03db4cb.qpy,7,118,1.3669934200588614,38471,128,5,123,sqlite,small_size,0,success,0.01905469293706119,128,22301,"{""cache_mb"": 64, ""db_path"": "":memory:"", ""mmap_mb"": 0, ""temp_store"": ""MEMORY"", ""threads"": 1}",
00100b4430ca54efbc592eaeb6abbf1d19f7012742041e24e8072be2d03db4cb,/home/timlittau/Documents/InferQ/analysis/finetuned_rdbms_162/qpy/00100b4430ca54efbc592eaeb6abbf1d19f7012742041e24e8072be2d03db4cb.qpy,7,118,1.3669934200588614,38471,128,5,123,sqlite,small_size,1,success,0.017387046944350004,128,8077,"{""cache_mb"": 64, ""db_path"": "":memory:"", ""mmap_mb"": 0, ""temp_store"": ""MEMORY"", ""threads"": 1}",
00100b4430ca54efbc592eaeb6abbf1d19f7012742041e24e8072be2d03db4cb,/home/timlittau/Documents/InferQ/analysis/finetuned_rdbms_162/qpy/00100b4430ca54efbc592eaeb6abbf1d19f7012742041e24e8072be2d03db4cb.qpy,7,118,1.3669934200588614,38471,128,5,123,duckdb,small_size,0,timeout,0.10667286207899451,0,42638,"{""max_temp_directory_size"": ""256GB"", ""memory_limit"": ""10780MB"", ""preserve_insertion_order"": false, ""temp_directory"": ""analysis/finetuned_rdbms_162_baseline_min_floor_100ms_contraction_all_engines/tmp/small_size/duckdb"", ""threads"": 2}",duckdb timed out after 0.1s
00100b4430ca54efbc592eaeb6abbf1d19f7012742041e24e8072be2d03db4cb,/home/timlittau/Documents/InferQ/analysis/finetuned_rdbms_162/qpy/00100b4430ca54efbc592eaeb6abbf1d19f7012742041e24e8072be2d03db4cb.qpy,7,118,1.3669934200588614,38471,128,5,123,duckdb,small_size,1,timeout,0.1067499069031328,0,42888,"{""max_temp_directory_size"": ""256GB"", ""memory_limit"": ""10780MB"", ""preserve_insertion_order"": false, ""temp_directory"": ""analysis/finetuned_rdbms_162_baseline_min_floor_100ms_contraction_all_engines/tmp/small_size/duckdb"", ""threads"": 2}",duckdb timed out after 0.1s
00100b4430ca54efbc592eaeb6abbf1d19f7012742041e24e8072be2d03db4cb,/home/timlittau/Documents/InferQ/analysis/finetuned_rdbms_162/qpy/00100b4430ca54efbc592eaeb6abbf1d19f7012742041e24e8072be2d03db4cb.qpy,7,118,1.3669934200588614,38471,128,5,123,postgres,small_size,0,success,0.05932660982944071,128,48299,"{""effective_cache_size"": ""8GB"", ""from_collapse_limit"": 1, ""hash_mem_multiplier"": ""2.0"", ""jit"": ""off"", ""join_collapse_limit"": 1, ""max_parallel_workers_per_gather"": 4, ""temp_buffers"": ""128MB"", ""temp_file_limit"": ""-1"", ""work_mem"": ""256MB""}",
00100b4430ca54efbc592eaeb6abbf1d19f7012742041e24e8072be2d03db4cb,/home/timlittau/Documents/InferQ/analysis/finetuned_rdbms_162/qpy/00100b4430ca54efbc592eaeb6abbf1d19f7012742041e24e8072be2d03db4cb.qpy,7,118,1.3669934200588614,38471,128,5,123,postgres,small_size,1,success,0.05431185197085142,128,48090,"{""effective_cache_size"": ""8GB"", ""from_collapse_limit"": 1, ""hash_mem_multiplier"": ""2.0"", ""jit"": ""off"", ""join_collapse_limit"": 1, ""max_parallel_workers_per_gather"": 4, ""temp_buffers"": ""128MB"", ""temp_file_limit"": ""-1"", ""work_mem"": ""256MB""}",
001017a6a10b03e39c96abbf7190c277c04b1cc83fb7a8078a7b56bbe84d0806,/home/timlittau/Documents/InferQ/analysis/finetuned_rdbms_162/qpy/001017a6a10b03e39c96abbf7190c277c04b1cc83fb7a8078a7b56bbe84d0806.qpy,15,70,1.1694330021273345,25602,88,5,83,sqlite,large_size,0,timeout,0.1453979390207678,0,4008,"{""cache_mb"": 128, ""db_path"": ""analysis/finetuned_rdbms_162_baseline_min_floor_100ms_contraction_all_engines/tmp/large_size/sqlite/bench.db"", ""mmap_mb"": 128, ""temp_store"": ""MEMORY"", ""threads"": 1}",sqlite timed out after 0.1s
001017a6a10b03e39c96abbf7190c277c04b1cc83fb7a8078a7b56bbe84d0806,/home/timlittau/Documents/InferQ/analysis/finetuned_rdbms_162/qpy/001017a6a10b03e39c96abbf7190c277c04b1cc83fb7a8078a7b56bbe84d0806.qpy,15,70,1.1694330021273345,25602,88,5,83,sqlite,large_size,1,timeout,0.13985175592824817,0,3894,"{""cache_mb"": 128, ""db_path"": ""analysis/finetuned_rdbms_162_baseline_min_floor_100ms_contraction_all_engines/tmp/large_size/sqlite/bench.db"", ""mmap_mb"": 128, ""temp_store"": ""MEMORY"", ""threads"": 1}",sqlite timed out after 0.1s
001017a6a10b03e39c96abbf7190c277c04b1cc83fb7a8078a7b56bbe84d0806,/home/timlittau/Documents/InferQ/analysis/finetuned_rdbms_162/qpy/001017a6a10b03e39c96abbf7190c277c04b1cc83fb7a8078a7b56bbe84d0806.qpy,15,70,1.1694330021273345,25602,88,5,83,duckdb,large_size,0,timeout,0.10679264296777546,0,29769,"{""max_temp_directory_size"": ""128GB"", ""memory_limit"": ""7409MB"", ""preserve_insertion_order"": true, ""temp_directory"": ""analysis/finetuned_rdbms_162_baseline_min_floor_100ms_contraction_all_engines/tmp/large_size/duckdb"", ""threads"": 1}",duckdb timed out after 0.1s
001017a6a10b03e39c96abbf7190c277c04b1cc83fb7a8078a7b56bbe84d0806,/home/timlittau/Documents/InferQ/analysis/finetuned_rdbms_162/qpy/001017a6a10b03e39c96abbf7190c277c04b1cc83fb7a8078a7b56bbe84d0806.qpy,15,70,1.1694330021273345,25602,88,5,83,duckdb,large_size,1,timeout,0.11101800878532231,0,29983,"{""max_temp_directory_size"": ""128GB"", ""memory_limit"": ""7409MB"", ""preserve_insertion_order"": true, ""temp_directory"": ""analysis/finetuned_rdbms_162_baseline_min_floor_100ms_contraction_all_engines/tmp/large_size/duckdb"", ""threads"": 1}",duckdb timed out after 0.1s
001017a6a10b03e39c96abbf7190c277c04b1cc83fb7a8078a7b56bbe84d0806,/home/timlittau/Documents/InferQ/analysis/finetuned_rdbms_162/qpy/001017a6a10b03e39c96abbf7190c277c04b1cc83fb7a8078a7b56bbe84d0806.qpy,15,70,1.1694330021273345,25602,88,5,83,postgres,large_size,0,timeout,0.10967269819229841,0,31455,"{""effective_cache_size"": ""2GB"", ""from_collapse_limit"": 1, ""hash_mem_multiplier"": ""1.94"", ""jit"": ""off"", ""join_collapse_limit"": 4, ""max_parallel_workers_per_gather"": 0, ""temp_buffers"": ""65MB"", ""temp_file_limit"": ""-1"", ""work_mem"": ""55MB""}",postgres timed out after 0.1s
001017a6a10b03e39c96abbf7190c277c04b1cc83fb7a8078a7b56bbe84d0806,/home/timlittau/Documents/InferQ/analysis/finetuned_rdbms_162/qpy/001017a6a10b03e39c96abbf7190c277c04b1cc83fb7a8078a7b56bbe84d0806.qpy,15,70,1.1694330021273345,25602,88,5,83,postgres,large_size,1,timeout,0.10996361216530204,0,31455,"{""effective_cache_size"": ""2GB"", ""from_collapse_limit"": 1, ""hash_mem_multiplier"": ""1.94"", ""jit"": ""off"", ""join_collapse_limit"": 4, ""max_parallel_workers_per_gather"": 0, ""temp_buffers"": ""65MB"", ""temp_file_limit"": ""-1"", ""work_mem"": ""55MB""}",postgres timed out after 0.1s
00107fe9f0ea025bfd391064f72e89503d1e11edd5a1e4c6dcc9d7f61a6c4c82,/home/timlittau/Documents/InferQ/analysis/finetuned_rdbms_162/qpy/00107fe9f0ea025bfd391064f72e89503d1e11edd5a1e4c6dcc9d7f61a6c4c82.qpy,6,16,0.14434448606334627,6643,25,5,20,sqlite,small_size,0,success,0.006432118127122521,64,9543,"{""cache_mb"": 64, ""db_path"": "":memory:"", ""mmap_mb"": 0, ""temp_store"": ""MEMORY"", ""threads"": 1}",
00107fe9f0ea025bfd391064f72e89503d1e11edd5a1e4c6dcc9d7f61a6c4c82,/home/timlittau/Documents/InferQ/analysis/finetuned_rdbms_162/qpy/00107fe9f0ea025bfd391064f72e89503d1e11edd5a1e4c6dcc9d7f61a6c4c82.qpy,6,16,0.14434448606334627,6643,25,5,20,sqlite,small_size,1,success,0.0055585510563105345,64,4551,"{""cache_mb"": 64, ""db_path"": "":memory:"", ""mmap_mb"": 0, ""temp_store"": ""MEMORY"", ""threads"": 1}",
00107fe9f0ea025bfd391064f72e89503d1e11edd5a1e4c6dcc9d7f61a6c4c82,/home/timlittau/Documents/InferQ/analysis/finetuned_rdbms_162/qpy/00107fe9f0ea025bfd391064f72e89503d1e11edd5a1e4c6dcc9d7f61a6c4c82.qpy,6,16,0.14434448606334627,6643,25,5,20,duckdb,small_size,0,success,0.03257735003717244,64,11180,"{""max_temp_directory_size"": ""256GB"", ""memory_limit"": ""10780MB"", ""preserve_insertion_order"": false, ""temp_directory"": ""analysis/finetuned_rdbms_162_baseline_min_floor_100ms_contraction_all_engines/tmp/small_size/duckdb"", ""threads"": 2}",
00107fe9f0ea025bfd391064f72e89503d1e11edd5a1e4c6dcc9d7f61a6c4c82,/home/timlittau/Documents/InferQ/analysis/finetuned_rdbms_162/qpy/00107fe9f0ea025bfd391064f72e89503d1e11edd5a1e4c6dcc9d7f61a6c4c82.qpy,6,16,0.14434448606334627,6643,25,5,20,duckdb,small_size,1,success,0.015973947942256927,64,11180,"{""max_temp_directory_size"": ""256GB"", ""memory_limit"": ""10780MB"", ""preserve_insertion_order"": false, ""temp_directory"": ""analysis/finetuned_rdbms_162_baseline_min_floor_100ms_contraction_all_engines/tmp/small_size/duckdb"", ""threads"": 2}",
00107fe9f0ea025bfd391064f72e89503d1e11edd5a1e4c6dcc9d7f61a6c4c82,/home/timlittau/Documents/InferQ/analysis/finetuned_rdbms_162/qpy/00107fe9f0ea025bfd391064f72e89503d1e11edd5a1e4c6dcc9d7f61a6c4c82.qpy,6,16,0.14434448606334627,6643,25,5,20,postgres,small_size,0,success,0.011523670982569456,64,12744,"{""effective_cache_size"": ""8GB"", ""from_collapse_limit"": 1, ""hash_mem_multiplier"": ""2.0"", ""jit"": ""off"", ""join_collapse_limit"": 1, ""max_parallel_workers_per_gather"": 4, ""temp_buffers"": ""128MB"", ""temp_file_limit"": ""-1"", ""work_mem"": ""256MB""}",
00107fe9f0ea025bfd391064f72e89503d1e11edd5a1e4c6dcc9d7f61a6c4c82,/home/timlittau/Documents/InferQ/analysis/finetuned_rdbms_162/qpy/00107fe9f0ea025bfd391064f72e89503d1e11edd5a1e4c6dcc9d7f61a6c4c82.qpy,6,16,0.14434448606334627,6643,25,5,20,postgres,small_size,1,success,0.011750611942261457,64,12640,"{""effective_cache_size"": ""8GB"", ""from_collapse_limit"": 1, ""hash_mem_multiplier"": ""2.0"", ""jit"": ""off"", ""join_collapse_limit"": 1, ""max_parallel_workers_per_gather"": 4, ""temp_buffers"": ""128MB"", ""temp_file_limit"": ""-1"", ""work_mem"": ""256MB""}",
001489773282c79e4f60ee635e7671a50f87ed7c4dc151bc69eab9439f179803,/home/timlittau/Documents/InferQ/analysis/finetuned_rdbms_162/qpy/001489773282c79e4f60ee635e7671a50f87ed7c4dc151bc69eab9439f179803.qpy,8,64,0.7005532740149647,20611,75,5,70,sqlite,large_size,0,success,0.012694000033661723,32,7509,"{""cache_mb"": 128, ""db_path"": ""analysis/finetuned_rdbms_162_baseline_min_floor_100ms_contraction_all_engines/tmp/large_size/sqlite/bench.db"", ""mmap_mb"": 128, ""temp_store"": ""MEMORY"", ""threads"": 1}",
001489773282c79e4f60ee635e7671a50f87ed7c4dc151bc69eab9439f179803,/home/timlittau/Documents/InferQ/analysis/finetuned_rdbms_162/qpy/001489773282c79e4f60ee635e7671a50f87ed7c4dc151bc69eab9439f179803.qpy,8,64,0.7005532740149647,20611,75,5,70,sqlite,large_size,1,success,0.012266490841284394,32,3669,"{""cache_mb"": 128, ""db_path"": ""analysis/finetuned_rdbms_162_baseline_min_floor_100ms_contraction_all_engines/tmp/large_size/sqlite/bench.db"", ""mmap_mb"": 128, ""temp_store"": ""MEMORY"", ""threads"": 1}",
001489773282c79e4f60ee635e7671a50f87ed7c4dc151bc69eab9439f179803,/home/timlittau/Documents/InferQ/analysis/finetuned_rdbms_162/qpy/001489773282c79e4f60ee635e7671a50f87ed7c4dc151bc69eab9439f179803.qpy,8,64,0.7005532740149647,20611,75,5,70,duckdb,large_size,0,timeout,0.1140996590256691,0,24992,"{""max_temp_directory_size"": ""128GB"", ""memory_limit"": ""7409MB"", ""preserve_insertion_order"": true, ""temp_directory"": ""analysis/finetuned_rdbms_162_baseline_min_floor_100ms_contraction_all_engines/tmp/large_size/duckdb"", ""threads"": 1}",duckdb timed out after 0.1s
001489773282c79e4f60ee635e7671a50f87ed7c4dc151bc69eab9439f179803,/home/timlittau/Documents/InferQ/analysis/finetuned_rdbms_162/qpy/001489773282c79e4f60ee635e7671a50f87ed7c4dc151bc69eab9439f179803.qpy,8,64,0.7005532740149647,20611,75,5,70,duckdb,large_size,1,timeout,0.12139127310365438,0,24868,"{""max_temp_directory_size"": ""128GB"", ""memory_limit"": ""7409MB"", ""preserve_insertion_order"": true, ""temp_directory"": ""analysis/finetuned_rdbms_162_baseline_min_floor_100ms_contraction_all_engines/tmp/large_size/duckdb"", ""threads"": 1}",duckdb timed out after 0.1s
001489773282c79e4f60ee635e7671a50f87ed7c4dc151bc69eab9439f179803,/home/timlittau/Documents/InferQ/analysis/finetuned_rdbms_162/qpy/001489773282c79e4f60ee635e7671a50f87ed7c4dc151bc69eab9439f179803.qpy,8,64,0.7005532740149647,20611,75,5,70,postgres,large_size,0,success,0.06246747588738799,32,25927,"{""effective_cache_size"": ""2GB"", ""from_collapse_limit"": 1, ""hash_mem_multiplier"": ""1.94"", ""jit"": ""off"", ""join_collapse_limit"": 4, ""max_parallel_workers_per_gather"": 0, ""temp_buffers"": ""65MB"", ""temp_file_limit"": ""-1"", ""work_mem"": ""55MB""}",
001489773282c79e4f60ee635e7671a50f87ed7c4dc151bc69eab9439f179803,/home/timlittau/Documents/InferQ/analysis/finetuned_rdbms_162/qpy/001489773282c79e4f60ee635e7671a50f87ed7c4dc151bc69eab9439f179803.qpy,8,64,0.7005532740149647,20611,75,5,70,postgres,large_size,1,success,0.06447495589964092,32,25807,"{""effective_cache_size"": ""2GB"", ""from_collapse_limit"": 1, ""hash_mem_multiplier"": ""1.94"", ""jit"": ""off"", ""join_collapse_limit"": 4, ""max_parallel_workers_per_gather"": 0, ""temp_buffers"": ""65MB"", ""temp_file_limit"": ""-1"", ""work_mem"": ""55MB""}",
001642dd034fdcdb145e218efddedcf91b427d8e39b642649b9ade2248c01a44,/home/timlittau/Documents/InferQ/analysis/finetuned_rdbms_162/qpy/001642dd034fdcdb145e218efddedcf91b427d8e39b642649b9ade2248c01a44.qpy,12,41,0.6576132508926094,14773,54,3,51,sqlite,large_size,0,timeout,0.12325172103010118,0,2924893,"{""cache_mb"": 128, ""db_path"": ""analysis/finetuned_rdbms_162_baseline_min_floor_100ms_contraction_all_engines/tmp/large_size/sqlite/bench.db"", ""mmap_mb"": 128, ""temp_store"": ""MEMORY"", ""threads"": 1}",sqlite timed out after 0.1s
001642dd034fdcdb145e218efddedcf91b427d8e39b642649b9ade2248c01a44,/home/timlittau/Documents/InferQ/analysis/finetuned_rdbms_162/qpy/001642dd034fdcdb145e218efddedcf91b427d8e39b642649b9ade2248c01a44.qpy,12,41,0.6576132508926094,14773,54,3,51,sqlite,large_size,1,timeout,0.1341489830520004,0,5169687,"{""cache_mb"": 128, ""db_path"": ""analysis/finetuned_rdbms_162_baseline_min_floor_100ms_contraction_all_engines/tmp/large_size/sqlite/bench.db"", ""mmap_mb"": 128, ""temp_store"": ""MEMORY"", ""threads"": 1}",sqlite timed out after 0.1s
001642dd034fdcdb145e218efddedcf91b427d8e39b642649b9ade2248c01a44,/home/timlittau/Documents/InferQ/analysis/finetuned_rdbms_162/qpy/001642dd034fdcdb145e218efddedcf91b427d8e39b642649b9ade2248c01a44.qpy,12,41,0.6576132508926094,14773,54,3,51,duckdb,large_size,0,timeout,0.11691855802200735,0,3421546,"{""max_temp_directory_size"": ""128GB"", ""memory_limit"": ""7409MB"", ""preserve_insertion_order"": true, ""temp_directory"": ""analysis/finetuned_rdbms_162_baseline_min_floor_100ms_contraction_all_engines/tmp/large_size/duckdb"", ""threads"": 1}",duckdb timed out after 0.1s
001642dd034fdcdb145e218efddedcf91b427d8e39b642649b9ade2248c01a44,/home/timlittau/Documents/InferQ/analysis/finetuned_rdbms_162/qpy/001642dd034fdcdb145e218efddedcf91b427d8e39b642649b9ade2248c01a44.qpy,12,41,0.6576132508926094,14773,54,3,51,duckdb,large_size,1,timeout,0.11462340480647981,0,59924,"{""max_temp_directory_size"": ""128GB"", ""memory_limit"": ""7409MB"", ""preserve_insertion_order"": true, ""temp_directory"": ""analysis/finetuned_rdbms_162_baseline_min_floor_100ms_contraction_all_engines/tmp/large_size/duckdb"", ""threads"": 1}",duckdb timed out after 0.1s
001642dd034fdcdb145e218efddedcf91b427d8e39b642649b9ade2248c01a44,/home/timlittau/Documents/InferQ/analysis/finetuned_rdbms_162/qpy/001642dd034fdcdb145e218efddedcf91b427d8e39b642649b9ade2248c01a44.qpy,12,41,0.6576132508926094,14773,54,3,51,postgres,large_size,0,success,0.06274780514650047,4096,567008,"{""effective_cache_size"": ""2GB"", ""from_collapse_limit"": 1, ""hash_mem_multiplier"": ""1.94"", ""jit"": ""off"", ""join_collapse_limit"": 4, ""max_parallel_workers_per_gather"": 0, ""temp_buffers"": ""65MB"", ""temp_file_limit"": ""-1"", ""work_mem"": ""55MB""}",
001642dd034fdcdb145e218efddedcf91b427d8e39b642649b9ade2248c01a44,/home/timlittau/Documents/InferQ/analysis/finetuned_rdbms_162/qpy/001642dd034fdcdb145e218efddedcf91b427d8e39b642649b9ade2248c01a44.qpy,12,41,0.6576132508926094,14773,54,3,51,postgres,large_size,1,success,0.06156694213859737,4096,566552,"{""effective_cache_size"": ""2GB"", ""from_collapse_limit"": 1, ""hash_mem_multiplier"": ""1.94"", ""jit"": ""off"", ""join_collapse_limit"": 4, ""max_parallel_workers_per_gather"": 0, ""temp_buffers"": ""65MB"", ""temp_file_limit"": ""-1"", ""work_mem"": ""55MB""}",
0019664d2e63114681e2254d1344dfea89a73d35a871303714956fdd9c88c8f6,/home/timlittau/Documents/InferQ/analysis/finetuned_rdbms_162/qpy/0019664d2e63114681e2254d1344dfea89a73d35a871303714956fdd9c88c8f6.qpy,10,87,1.1264364689122885,29640,100,5,95,sqlite,small_size,0,success,0.06661701807752252,512,29705,"{""cache_mb"": 64, ""db_path"": "":memory:"", ""mmap_mb"": 0, ""temp_store"": ""MEMORY"", ""threads"": 1}",
0019664d2e63114681e2254d1344dfea89a73d35a871303714956fdd9c88c8f6,/home/timlittau/Documents/InferQ/analysis/finetuned_rdbms_162/qpy/0019664d2e63114681e2254d1344dfea89a73d35a871303714956fdd9c88c8f6.qpy,10,87,1.1264364689122885,29640,100,5,95,sqlite,small_size,1,success,0.0499227992258966,512,29705,"{""cache_mb"": 64, ""db_path"": "":memory:"", ""mmap_mb"": 0, ""temp_store"": ""MEMORY"", ""threads"": 1}",
0019664d2e63114681e2254d1344dfea89a73d35a871303714956fdd9c88c8f6,/home/timlittau/Documents/InferQ/analysis/finetuned_rdbms_162/qpy/0019664d2e63114681e2254d1344dfea89a73d35a871303714956fdd9c88c8f6.qpy,10,87,1.1264364689122885,29640,100,5,95,duckdb,small_size,0,timeout,0.10714415204711258,0,34057,"{""max_temp_directory_size"": ""256GB"", ""memory_limit"": ""10780MB"", ""preserve_insertion_order"": false, ""temp_directory"": ""analysis/finetuned_rdbms_162_baseline_min_floor_100ms_contraction_all_engines/tmp/small_size/duckdb"", ""threads"": 2}",duckdb timed out after 0.1s
0019664d2e63114681e2254d1344dfea89a73d35a871303714956fdd9c88c8f6,/home/timlittau/Documents/InferQ/analysis/finetuned_rdbms_162/qpy/0019664d2e63114681e2254d1344dfea89a73d35a871303714956fdd9c88c8f6.qpy,10,87,1.1264364689122885,29640,100,5,95,duckdb,small_size,1,timeout,0.10923970001749694,0,34057,"{""max_temp_directory_size"": ""256GB"", ""memory_limit"": ""10780MB"", ""preserve_insertion_order"": false, ""temp_directory"": ""analysis/finetuned_rdbms_162_baseline_min_floor_100ms_contraction_all_engines/tmp/small_size/duckdb"", ""threads"": 2}",duckdb timed out after 0.1s
0019664d2e63114681e2254d1344dfea89a73d35a871303714956fdd9c88c8f6,/home/timlittau/Documents/InferQ/analysis/finetuned_rdbms_162/qpy/0019664d2e63114681e2254d1344dfea89a73d35a871303714956fdd9c88c8f6.qpy,10,87,1.1264364689122885,29640,100,5,95,postgres,small_size,0,timeout,0.10836620698682964,0,35444,"{""effective_cache_size"": ""8GB"", ""from_collapse_limit"": 1, ""hash_mem_multiplier"": ""2.0"", ""jit"": ""off"", ""join_collapse_limit"": 1, ""max_parallel_workers_per_gather"": 4, ""temp_buffers"": ""128MB"", ""temp_file_limit"": ""-1"", ""work_mem"": ""256MB""}",postgres timed out after 0.1s
0019664d2e63114681e2254d1344dfea89a73d35a871303714956fdd9c88c8f6,/home/timlittau/Documents/InferQ/analysis/finetuned_rdbms_162/qpy/0019664d2e63114681e2254d1344dfea89a73d35a871303714956fdd9c88c8f6.qpy,10,87,1.1264364689122885,29640,100,5,95,postgres,small_size,1,timeout,0.11043113912455738,0,35493,"{""effective_cache_size"": ""8GB"", ""from_collapse_limit"": 1, ""hash_mem_multiplier"": ""2.0"", ""jit"": ""off"", ""join_collapse_limit"": 1, ""max_parallel_workers_per_gather"": 4, ""temp_buffers"": ""128MB"", ""temp_file_limit"": ""-1"", ""work_mem"": ""256MB""}",postgres timed out after 0.1s
001b8d0524a637ee3105337ea65167c232d2e568358a4372b833e12afc0ee32f,/home/timlittau/Documents/InferQ/analysis/finetuned_rdbms_162/qpy/001b8d0524a637ee3105337ea65167c232d2e568358a4372b833e12afc0ee32f.qpy,10,86,1.174471874954179,29493,99,5,94,sqlite,small_size,0,timeout,0.11155145708471537,0,855519,"{""cache_mb"": 64, ""db_path"": "":memory:"", ""mmap_mb"": 0, ""temp_store"": ""MEMORY"", ""threads"": 1}",sqlite timed out after 0.1s
001b8d0524a637ee3105337ea65167c232d2e568358a4372b833e12afc0ee32f,/home/timlittau/Documents/InferQ/analysis/finetuned_rdbms_162/qpy/001b8d0524a637ee3105337ea65167c232d2e568358a4372b833e12afc0ee32f.qpy,10,86,1.174471874954179,29493,99,5,94,sqlite,small_size,1,timeout,0.1010015388019383,0,4158,"{""cache_mb"": 64, ""db_path"": "":memory:"", ""mmap_mb"": 0, ""temp_store"": ""MEMORY"", ""threads"": 1}",sqlite timed out after 0.1s
001b8d0524a637ee3105337ea65167c232d2e568358a4372b833e12afc0ee32f,/home/timlittau/Documents/InferQ/analysis/finetuned_rdbms_162/qpy/001b8d0524a637ee3105337ea65167c232d2e568358a4372b833e12afc0ee32f.qpy,10,86,1.174471874954179,29493,99,5,94,duckdb,small_size,0,timeout,0.11244494607672095,0,34030,"{""max_temp_directory_size"": ""256GB"", ""memory_limit"": ""10780MB"", ""preserve_insertion_order"": false, ""temp_directory"": ""analysis/finetuned_rdbms_162_baseline_min_floor_100ms_contraction_all_engines/tmp/small_size/duckdb"", ""threads"": 2}",duckdb timed out after 0.1s
001b8d0524a637ee3105337ea65167c232d2e568358a4372b833e12afc0ee32f,/home/timlittau/Documents/InferQ/analysis/finetuned_rdbms_162/qpy/001b8d0524a637ee3105337ea65167c232d2e568358a4372b833e12afc0ee32f.qpy,10,86,1.174471874954179,29493,99,5,94,duckdb,small_size,1,timeout,0.1175735229626298,0,33910,"{""max_temp_directory_size"": ""256GB"", ""memory_limit"": ""10780MB"", ""preserve_insertion_order"": false, ""temp_directory"": ""analysis/finetuned_rdbms_162_baseline_min_floor_100ms_contraction_all_engines/tmp/small_size/duckdb"", ""threads"": 2}",duckdb timed out after 0.1s
001b8d0524a637ee3105337ea65167c232d2e568358a4372b833e12afc0ee32f,/home/timlittau/Documents/InferQ/analysis/finetuned_rdbms_162/qpy/001b8d0524a637ee3105337ea65167c232d2e568358a4372b833e12afc0ee32f.qpy,10,86,1.174471874954179,29493,99,5,94,postgres,small_size,0,timeout,0.1092086669523269,0,35346,"{""effective_cache_size"": ""8GB"", ""from_collapse_limit"": 1, ""hash_mem_multiplier"": ""2.0"", ""jit"": ""off"", ""join_collapse_limit"": 1, ""max_parallel_workers_per_gather"": 4, ""temp_buffers"": ""128MB"", ""temp_file_limit"": ""-1"", ""work_mem"": ""256MB""}",postgres timed out after 0.1s
001b8d0524a637ee3105337ea65167c232d2e568358a4372b833e12afc0ee32f,/home/timlittau/Documents/InferQ/analysis/finetuned_rdbms_162/qpy/001b8d0524a637ee3105337ea65167c232d2e568358a4372b833e12afc0ee32f.qpy,10,86,1.174471874954179,29493,99,5,94,postgres,small_size,1,timeout,0.11055848398245871,0,35346,"{""effective_cache_size"": ""8GB"", ""from_collapse_limit"": 1, ""hash_mem_multiplier"": ""2.0"", ""jit"": ""off"", ""join_collapse_limit"": 1, ""max_parallel_workers_per_gather"": 4, ""temp_buffers"": ""128MB"", ""temp_file_limit"": ""-1"", ""work_mem"": ""256MB""}",postgres timed out after 0.1s
001d0de74af978f70d1d8f2a829a24a09a06fed26268a9ec89312035216b63b8,/home/timlittau/Documents/InferQ/analysis/finetuned_rdbms_162/qpy/001d0de74af978f70d1d8f2a829a24a09a06fed26268a9ec89312035216b63b8.qpy,7,118,1.3793841730803251,38472,128,5,123,sqlite,small_size,0,success,0.01894013211131096,128,8077,"{""cache_mb"": 64, ""db_path"": "":memory:"", ""mmap_mb"": 0, ""temp_store"": ""MEMORY"", ""threads"": 1}",
001d0de74af978f70d1d8f2a829a24a09a06fed26268a9ec89312035216b63b8,/home/timlittau/Documents/InferQ/analysis/finetuned_rdbms_162/qpy/001d0de74af978f70d1d8f2a829a24a09a06fed26268a9ec89312035216b63b8.qpy,7,118,1.3793841730803251,38472,128,5,123,sqlite,small_size,1,success,0.01704513211734593,128,8077,"{""cache_mb"": 64, ""db_path"": "":memory:"", ""mmap_mb"": 0, ""temp_store"": ""MEMORY"", ""threads"": 1}",
001d0de74af978f70d1d8f2a829a24a09a06fed26268a9ec89312035216b63b8,/home/timlittau/Documents/InferQ/analysis/finetuned_rdbms_162/qpy/001d0de74af978f70d1d8f2a829a24a09a06fed26268a9ec89312035216b63b8.qpy,7,118,1.3793841730803251,38472,128,5,123,duckdb,small_size,0,timeout,0.1115353130735457,0,43009,"{""max_temp_directory_size"": ""256GB"", ""memory_limit"": ""10780MB"", ""preserve_insertion_order"": false, ""temp_directory"": ""analysis/finetuned_rdbms_162_baseline_min_floor_100ms_contraction_all_engines/tmp/small_size/duckdb"", ""threads"": 2}",duckdb timed out after 0.1s
001d0de74af978f70d1d8f2a829a24a09a06fed26268a9ec89312035216b63b8,/home/timlittau/Documents/InferQ/analysis/finetuned_rdbms_162/qpy/001d0de74af978f70d1d8f2a829a24a09a06fed26268a9ec89312035216b63b8.qpy,7,118,1.3793841730803251,38472,128,5,123,duckdb,small_size,1,timeout,0.11834738007746637,0,43009,"{""max_temp_directory_size"": ""256GB"", ""memory_limit"": ""10780MB"", ""preserve_insertion_order"": false, ""temp_directory"": ""analysis/finetuned_rdbms_162_baseline_min_floor_100ms_contraction_all_engines/tmp/small_size/duckdb"", ""threads"": 2}",duckdb timed out after 0.1s
001d0de74af978f70d1d8f2a829a24a09a06fed26268a9ec89312035216b63b8,/home/timlittau/Documents/InferQ/analysis/finetuned_rdbms_162/qpy/001d0de74af978f70d1d8f2a829a24a09a06fed26268a9ec89312035216b63b8.qpy,7,118,1.3793841730803251,38472,128,5,123,postgres,small_size,0,success,0.08470298000611365,128,49292,"{""effective_cache_size"": ""8GB"", ""from_collapse_limit"": 1, ""hash_mem_multiplier"": ""2.0"", ""jit"": ""off"", ""join_collapse_limit"": 1, ""max_parallel_workers_per_gather"": 4, ""temp_buffers"": ""128MB"", ""temp_file_limit"": ""-1"", ""work_mem"": ""256MB""}",
001d0de74af978f70d1d8f2a829a24a09a06fed26268a9ec89312035216b63b8,/home/timlittau/Documents/InferQ/analysis/finetuned_rdbms_162/qpy/001d0de74af978f70d1d8f2a829a24a09a06fed26268a9ec89312035216b63b8.qpy,7,118,1.3793841730803251,38472,128,5,123,postgres,small_size,1,success,0.08468700805678964,128,48140,"{""effective_cache_size"": ""8GB"", ""from_collapse_limit"": 1, ""hash_mem_multiplier"": ""2.0"", ""jit"": ""off"", ""join_collapse_limit"": 1, ""max_parallel_workers_per_gather"": 4, ""temp_buffers"": ""128MB"", ""temp_file_limit"": ""-1"", ""work_mem"": ""256MB""}",
0028a557b2cd80eb61bf9d1dbddba7ebc7011bc2f454c29a24b35ccec052ef01,/home/timlittau/Documents/InferQ/analysis/finetuned_rdbms_162/qpy/0028a557b2cd80eb61bf9d1dbddba7ebc7011bc2f454c29a24b35ccec052ef01.qpy,8,43,0.7400308989454061,16381,57,8,49,sqlite,large_size,0,success,0.010635556885972619,256,45923,"{""cache_mb"": 128, ""db_path"": ""analysis/finetuned_rdbms_162_baseline_min_floor_100ms_contraction_all_engines/tmp/large_size/sqlite/bench.db"", ""mmap_mb"": 128, ""temp_store"": ""MEMORY"", ""threads"": 1}",
0028a557b2cd80eb61bf9d1dbddba7ebc7011bc2f454c29a24b35ccec052ef01,/home/timlittau/Documents/InferQ/analysis/finetuned_rdbms_162/qpy/0028a557b2cd80eb61bf9d1dbddba7ebc7011bc2f454c29a24b35ccec052ef01.qpy,8,43,0.7400308989454061,16381,57,8,49,sqlite,large_size,1,success,0.009732733014971018,256,15203,"{""cache_mb"": 128, ""db_path"": ""analysis/finetuned_rdbms_162_baseline_min_floor_100ms_contraction_all_engines/tmp/large_size/sqlite/bench.db"", ""mmap_mb"": 128, ""temp_store"": ""MEMORY"", ""threads"": 1}",
0028a557b2cd80eb61bf9d1dbddba7ebc7011bc2f454c29a24b35ccec052ef01,/home/timlittau/Documents/InferQ/analysis/finetuned_rdbms_162/qpy/0028a557b2cd80eb61bf9d1dbddba7ebc7011bc2f454c29a24b35ccec052ef01.qpy,8,43,0.7400308989454061,16381,57,8,49,duckdb,large_size,0,timeout,0.11455447389744222,0,20762,"{""max_temp_directory_size"": ""128GB"", ""memory_limit"": ""7409MB"", ""preserve_insertion_order"": true, ""temp_directory"": ""analysis/finetuned_rdbms_162_baseline_min_floor_100ms_contraction_all_engines/tmp/large_size/duckdb"", ""threads"": 1}",duckdb timed out after 0.1s
0028a557b2cd80eb61bf9d1dbddba7ebc7011bc2f454c29a24b35ccec052ef01,/home/timlittau/Documents/InferQ/analysis/finetuned_rdbms_162/qpy/0028a557b2cd80eb61bf9d1dbddba7ebc7011bc2f454c29a24b35ccec052ef01.qpy,8,43,0.7400308989454061,16381,57,8,49,duckdb,large_size,1,timeout,0.11224398016929626,0,20266,"{""max_temp_directory_size"": ""128GB"", ""memory_limit"": ""7409MB"", ""preserve_insertion_order"": true, ""temp_directory"": ""analysis/finetuned_rdbms_162_baseline_min_floor_100ms_contraction_all_engines/tmp/large_size/duckdb"", ""threads"": 1}",duckdb timed out after 0.1s
0028a557b2cd80eb61bf9d1dbddba7ebc7011bc2f454c29a24b35ccec052ef01,/home/timlittau/Documents/InferQ/analysis/finetuned_rdbms_162/qpy/0028a557b2cd80eb61bf9d1dbddba7ebc7011bc2f454c29a24b35ccec052ef01.qpy,8,43,0.7400308989454061,16381,57,8,49,postgres,large_size,0,success,0.022216747980564833,256,35754,"{""effective_cache_size"": ""2GB"", ""from_collapse_limit"": 1, ""hash_mem_multiplier"": ""1.94"", ""jit"": ""off"", ""join_collapse_limit"": 4, ""max_parallel_workers_per_gather"": 0, ""temp_buffers"": ""65MB"", ""temp_file_limit"": ""-1"", ""work_mem"": ""55MB""}",
0028a557b2cd80eb61bf9d1dbddba7ebc7011bc2f454c29a24b35ccec052ef01,/home/timlittau/Documents/InferQ/analysis/finetuned_rdbms_162/qpy/0028a557b2cd80eb61bf9d1dbddba7ebc7011bc2f454c29a24b35ccec052ef01.qpy,8,43,0.7400308989454061,16381,57,8,49,postgres,large_size,1,success,0.02088905102573335,256,33306,"{""effective_cache_size"": ""2GB"", ""from_collapse_limit"": 1, ""hash_mem_multiplier"": ""1.94"", ""jit"": ""off"", ""join_collapse_limit"": 4, ""max_parallel_workers_per_gather"": 0, ""temp_buffers"": ""65MB"", ""temp_file_limit"": ""-1"", ""work_mem"": ""55MB""}",
0029461aa3cf3bf250ec3d326ae6554743b8568fcd19b1d104f36e35aadf8cdf,/home/timlittau/Documents/InferQ/analysis/finetuned_rdbms_162/qpy/0029461aa3cf3bf250ec3d326ae6554743b8568fcd19b1d104f36e35aadf8cdf.qpy,1,1,0.009300387930124998,710,2,2,0,sqlite,small_size,0,success,0.00019158422946929932,2,3807,"{""cache_mb"": 64, ""db_path"": "":memory:"", ""mmap_mb"": 0, ""temp_store"": ""MEMORY"", ""threads"": 1}",
0029461aa3cf3bf250ec3d326ae6554743b8568fcd19b1d104f36e35aadf8cdf,/home/timlittau/Documents/InferQ/analysis/finetuned_rdbms_162/qpy/0029461aa3cf3bf250ec3d326ae6554743b8568fcd19b1d104f36e35aadf8cdf.qpy,1,1,0.009300387930124998,710,2,2,0,sqlite,small_size,1,success,0.00016032392159104347,2,3807,"{""cache_mb"": 64, ""db_path"": "":memory:"", ""mmap_mb"": 0, ""temp_store"": ""MEMORY"", ""threads"": 1}",
0029461aa3cf3bf250ec3d326ae6554743b8568fcd19b1d104f36e35aadf8cdf,/home/timlittau/Documents/InferQ/analysis/finetuned_rdbms_162/qpy/0029461aa3cf3bf250ec3d326ae6554743b8568fcd19b1d104f36e35aadf8cdf.qpy,1,1,0.009300387930124998,710,2,2,0,duckdb,small_size,0,success,0.0031648599542677402,2,4533,"{""max_temp_directory_size"": ""256GB"", ""memory_limit"": ""10780MB"", ""preserve_insertion_order"": false, ""temp_directory"": ""analysis/finetuned_rdbms_162_baseline_min_floor_100ms_contraction_all_engines/tmp/small_size/duckdb"", ""threads"": 2}",
0029461aa3cf3bf250ec3d326ae6554743b8568fcd19b1d104f36e35aadf8cdf,/home/timlittau/Documents/InferQ/analysis/finetuned_rdbms_162/qpy/0029461aa3cf3bf250ec3d326ae6554743b8568fcd19b1d104f36e35aadf8cdf.qpy,1,1,0.009300387930124998,710,2,2,0,duckdb,small_size,1,success,0.002918562851846218,2,4657,"{""max_temp_directory_size"": ""256GB"", ""memory_limit"": ""10780MB"", ""preserve_insertion_order"": false, ""temp_directory"": ""analysis/finetuned_rdbms_162_baseline_min_floor_100ms_contraction_all_engines/tmp/small_size/duckdb"", ""threads"": 2}",
0029461aa3cf3bf250ec3d326ae6554743b8568fcd19b1d104f36e35aadf8cdf,/home/timlittau/Documents/InferQ/analysis/finetuned_rdbms_162/qpy/0029461aa3cf3bf250ec3d326ae6554743b8568fcd19b1d104f36e35aadf8cdf.qpy,1,1,0.009300387930124998,710,2,2,0,postgres,small_size,0,success,0.0010538508649915457,2,5114,"{""effective_cache_size"": ""8GB"", ""from_collapse_limit"": 1, ""hash_mem_multiplier"": ""2.0"", ""jit"": ""off"", ""join_collapse_limit"": 1, ""max_parallel_workers_per_gather"": 4, ""temp_buffers"": ""128MB"", ""temp_file_limit"": ""-1"", ""work_mem"": ""256MB""}",
0029461aa3cf3bf250ec3d326ae6554743b8568fcd19b1d104f36e35aadf8cdf,/home/timlittau/Documents/InferQ/analysis/finetuned_rdbms_162/qpy/0029461aa3cf3bf250ec3d326ae6554743b8568fcd19b1d104f36e35aadf8cdf.qpy,1,1,0.009300387930124998,710,2,2,0,postgres,small_size,1,success,0.0010738680139183998,2,5114,"{""effective_cache_size"": ""8GB"", ""from_collapse_limit"": 1, ""hash_mem_multiplier"": ""2.0"", ""jit"": ""off"", ""join_collapse_limit"": 1, ""max_parallel_workers_per_gather"": 4, ""temp_buffers"": ""128MB"", ""temp_file_limit"": ""-1"", ""work_mem"": ""256MB""}",
002bf1eb5e259f7380a150993d9a97e1dda3399b209a8e6a43f9b077a7f2c90d,/home/timlittau/Documents/InferQ/analysis/finetuned_rdbms_162/qpy/002bf1eb5e259f7380a150993d9a97e1dda3399b209a8e6a43f9b077a7f2c90d.qpy,4,37,0.5867622799705714,12648,44,5,39,sqlite,small_size,0,success,0.00614433316513896,16,3807,"{""cache_mb"": 64, ""db_path"": "":memory:"", ""mmap_mb"": 0, ""temp_store"": ""MEMORY"", ""threads"": 1}",
002bf1eb5e259f7380a150993d9a97e1dda3399b209a8e6a43f9b077a7f2c90d,/home/timlittau/Documents/InferQ/analysis/finetuned_rdbms_162/qpy/002bf1eb5e259f7380a150993d9a97e1dda3399b209a8e6a43f9b077a7f2c90d.qpy,4,37,0.5867622799705714,12648,44,5,39,sqlite,small_size,1,success,0.00595507794059813,16,3807,"{""cache_mb"": 64, ""db_path"": "":memory:"", ""mmap_mb"": 0, ""temp_store"": ""MEMORY"", ""threads"": 1}",
002bf1eb5e259f7380a150993d9a97e1dda3399b209a8e6a43f9b077a7f2c90d,/home/timlittau/Documents/InferQ/analysis/finetuned_rdbms_162/qpy/002bf1eb5e259f7380a150993d9a97e1dda3399b209a8e6a43f9b077a7f2c90d.qpy,4,37,0.5867622799705714,12648,44,5,39,duckdb,small_size,0,timeout,0.1147678098641336,0,47761,"{""max_temp_directory_size"": ""256GB"", ""memory_limit"": ""10780MB"", ""preserve_insertion_order"": false, ""temp_directory"": ""analysis/finetuned_rdbms_162_baseline_min_floor_100ms_contraction_all_engines/tmp/small_size/duckdb"", ""threads"": 2}",duckdb timed out after 0.1s
002bf1eb5e259f7380a150993d9a97e1dda3399b209a8e6a43f9b077a7f2c90d,/home/timlittau/Documents/InferQ/analysis/finetuned_rdbms_162/qpy/002bf1eb5e259f7380a150993d9a97e1dda3399b209a8e6a43f9b077a7f2c90d.qpy,4,37,0.5867622799705714,12648,44,5,39,duckdb,small_size,1,timeout,0.11600888497196138,0,17061,"{""max_temp_directory_size"": ""256GB"", ""memory_limit"": ""10780MB"", ""preserve_insertion_order"": false, ""temp_directory"": ""analysis/finetuned_rdbms_162_baseline_min_floor_100ms_contraction_all_engines/tmp/small_size/duckdb"", ""threads"": 2}",duckdb timed out after 0.1s
002bf1eb5e259f7380a150993d9a97e1dda3399b209a8e6a43f9b077a7f2c90d,/home/timlittau/Documents/InferQ/analysis/finetuned_rdbms_162/qpy/002bf1eb5e259f7380a150993d9a97e1dda3399b209a8e6a43f9b077a7f2c90d.qpy,4,37,0.5867622799705714,12648,44,5,39,postgres,small_size,0,success,0.01422674604691565,16,17363,"{""effective_cache_size"": ""8GB"", ""from_collapse_limit"": 1, ""hash_mem_multiplier"": ""2.0"", ""jit"": ""off"", ""join_collapse_limit"": 1, ""max_parallel_workers_per_gather"": 4, ""temp_buffers"": ""128MB"", ""temp_file_limit"": ""-1"", ""work_mem"": ""256MB""}",
002bf1eb5e259f7380a150993d9a97e1dda3399b209a8e6a43f9b077a7f2c90d,/home/timlittau/Documents/InferQ/analysis/finetuned_rdbms_162/qpy/002bf1eb5e259f7380a150993d9a97e1dda3399b209a8e6a43f9b077a7f2c90d.qpy,4,37,0.5867622799705714,12648,44,5,39,postgres,small_size,1,success,0.012969748815521598,16,17363,"{""effective_cache_size"": ""8GB"", ""from_collapse_limit"": 1, ""hash_mem_multiplier"": ""2.0"", ""jit"": ""off"", ""join_collapse_limit"": 1, ""max_parallel_workers_per_gather"": 4, ""temp_buffers"": ""128MB"", ""temp_file_limit"": ""-1"", ""work_mem"": ""256MB""}",
002f18e3797e6468af60c79c0e0d26c733341ce6392a2e09f9b1c00ab1bd57ec,/home/timlittau/Documents/InferQ/analysis/finetuned_rdbms_162/qpy/002f18e3797e6468af60c79c0e0d26c733341ce6392a2e09f9b1c00ab1bd57ec.qpy,5,59,1.0120707950554788,19385,67,5,62,sqlite,small_size,0,success,0.01331836893223226,32,58951,"{""cache_mb"": 64, ""db_path"": "":memory:"", ""mmap_mb"": 0, ""temp_store"": ""MEMORY"", ""threads"": 1}",
002f18e3797e6468af60c79c0e0d26c733341ce6392a2e09f9b1c00ab1bd57ec,/home/timlittau/Documents/InferQ/analysis/finetuned_rdbms_162/qpy/002f18e3797e6468af60c79c0e0d26c733341ce6392a2e09f9b1c00ab1bd57ec.qpy,5,59,1.0120707950554788,19385,67,5,62,sqlite,small_size,1,success,0.010533422930166125,32,3807,"{""cache_mb"": 64, ""db_path"": "":memory:"", ""mmap_mb"": 0, ""temp_store"": ""MEMORY"", ""threads"": 1}",
002f18e3797e6468af60c79c0e0d26c733341ce6392a2e09f9b1c00ab1bd57ec,/home/timlittau/Documents/InferQ/analysis/finetuned_rdbms_162/qpy/002f18e3797e6468af60c79c0e0d26c733341ce6392a2e09f9b1c00ab1bd57ec.qpy,5,59,1.0120707950554788,19385,67,5,62,duckdb,small_size,0,timeout,0.11170215788297355,0,23708,"{""max_temp_directory_size"": ""256GB"", ""memory_limit"": ""10780MB"", ""preserve_insertion_order"": false, ""temp_directory"": ""analysis/finetuned_rdbms_162_baseline_min_floor_100ms_contraction_all_engines/tmp/small_size/duckdb"", ""threads"": 2}",duckdb timed out after 0.1s
002f18e3797e6468af60c79c0e0d26c733341ce6392a2e09f9b1c00ab1bd57ec,/home/timlittau/Documents/InferQ/analysis/finetuned_rdbms_162/qpy/002f18e3797e6468af60c79c0e0d26c733341ce6392a2e09f9b1c00ab1bd57ec.qpy,5,59,1.0120707950554788,19385,67,5,62,duckdb,small_size,1,timeout,0.11217590887099504,0,59634,"{""max_temp_directory_size"": ""256GB"", ""memory_limit"": ""10780MB"", ""preserve_insertion_order"": false, ""temp_directory"": ""analysis/finetuned_rdbms_162_baseline_min_floor_100ms_contraction_all_engines/tmp/small_size/duckdb"", ""threads"": 2}",duckdb timed out after 0.1s
002f18e3797e6468af60c79c0e0d26c733341ce6392a2e09f9b1c00ab1bd57ec,/home/timlittau/Documents/InferQ/analysis/finetuned_rdbms_162/qpy/002f18e3797e6468af60c79c0e0d26c733341ce6392a2e09f9b1c00ab1bd57ec.qpy,5,59,1.0120707950554788,19385,67,5,62,postgres,small_size,0,success,0.025662784930318594,32,24316,"{""effective_cache_size"": ""8GB"", ""from_collapse_limit"": 1, ""hash_mem_multiplier"": ""2.0"", ""jit"": ""off"", ""join_collapse_limit"": 1, ""max_parallel_workers_per_gather"": 4, ""temp_buffers"": ""128MB"", ""temp_file_limit"": ""-1"", ""work_mem"": ""256MB""}",
002f18e3797e6468af60c79c0e0d26c733341ce6392a2e09f9b1c00ab1bd57ec,/home/timlittau/Documents/InferQ/analysis/finetuned_rdbms_162/qpy/002f18e3797e6468af60c79c0e0d26c733341ce6392a2e09f9b1c00ab1bd57ec.qpy,5,59,1.0120707950554788,19385,67,5,62,postgres,small_size,1,success,0.025855167070403695,32,24316,"{""effective_cache_size"": ""8GB"", ""from_collapse_limit"": 1, ""hash_mem_multiplier"": ""2.0"", ""jit"": ""off"", ""join_collapse_limit"": 1, ""max_parallel_workers_per_gather"": 4, ""temp_buffers"": ""128MB"", ""temp_file_limit"": ""-1"", ""work_mem"": ""256MB""}",
002fcb17d1bda87c17a0264f8f5e8c98337c99946aa28ad1b296d1ba6886cd54,/home/timlittau/Documents/InferQ/analysis/finetuned_rdbms_162/qpy/002fcb17d1bda87c17a0264f8f5e8c98337c99946aa28ad1b296d1ba6886cd54.qpy,2,11,0.1447110529989004,4518,16,5,11,sqlite,small_size,0,success,0.00155993876978755,4,3807,"{""cache_mb"": 64, ""db_path"": "":memory:"", ""mmap_mb"": 0, ""temp_store"": ""MEMORY"", ""threads"": 1}",
002fcb17d1bda87c17a0264f8f5e8c98337c99946aa28ad1b296d1ba6886cd54,/home/timlittau/Documents/InferQ/analysis/finetuned_rdbms_162/qpy/002fcb17d1bda87c17a0264f8f5e8c98337c99946aa28ad1b296d1ba6886cd54.qpy,2,11,0.1447110529989004,4518,16,5,11,sqlite,small_size,1,success,0.0014948570169508457,4,3807,"{""cache_mb"": 64, ""db_path"": "":memory:"", ""mmap_mb"": 0, ""temp_store"": ""MEMORY"", ""threads"": 1}",
002fcb17d1bda87c17a0264f8f5e8c98337c99946aa28ad1b296d1ba6886cd54,/home/timlittau/Documents/InferQ/analysis/finetuned_rdbms_162/qpy/002fcb17d1bda87c17a0264f8f5e8c98337c99946aa28ad1b296d1ba6886cd54.qpy,2,11,0.1447110529989004,4518,16,5,11,duckdb,small_size,0,success,0.02212565205991268,4,8585,"{""max_temp_directory_size"": ""256GB"", ""memory_limit"": ""10780MB"", ""preserve_insertion_order"": false, ""temp_directory"": ""analysis/finetuned_rdbms_162_baseline_min_floor_100ms_contraction_all_engines/tmp/small_size/duckdb"", ""threads"": 2}",
002fcb17d1bda87c17a0264f8f5e8c98337c99946aa28ad1b296d1ba6886cd54,/home/timlittau/Documents/InferQ/analysis/finetuned_rdbms_162/qpy/002fcb17d1bda87c17a0264f8f5e8c98337c99946aa28ad1b296d1ba6886cd54.qpy,2,11,0.1447110529989004,4518,16,5,11,duckdb,small_size,1,success,0.02307515195570886,4,8585,"{""max_temp_directory_size"": ""256GB"", ""memory_limit"": ""10780MB"", ""preserve_insertion_order"": false, ""temp_directory"": ""analysis/finetuned_rdbms_162_baseline_min_floor_100ms_contraction_all_engines/tmp/small_size/duckdb"", ""threads"": 2}",
002fcb17d1bda87c17a0264f8f5e8c98337c99946aa28ad1b296d1ba6886cd54,/home/timlittau/Documents/InferQ/analysis/finetuned_rdbms_162/qpy/002fcb17d1bda87c17a0264f8f5e8c98337c99946aa28ad1b296d1ba6886cd54.qpy,2,11,0.1447110529989004,4518,16,5,11,postgres,small_size,0,success,0.0042756590992212296,4,9010,"{""effective_cache_size"": ""8GB"", ""from_collapse_limit"": 1, ""hash_mem_multiplier"": ""2.0"", ""jit"": ""off"", ""join_collapse_limit"": 1, ""max_parallel_workers_per_gather"": 4, ""temp_buffers"": ""128MB"", ""temp_file_limit"": ""-1"", ""work_mem"": ""256MB""}",
002fcb17d1bda87c17a0264f8f5e8c98337c99946aa28ad1b296d1ba6886cd54,/home/timlittau/Documents/InferQ/analysis/finetuned_rdbms_162/qpy/002fcb17d1bda87c17a0264f8f5e8c98337c99946aa28ad1b296d1ba6886cd54.qpy,2,11,0.1447110529989004,4518,16,5,11,postgres,small_size,1,success,0.003750300034880638,4,9010,"{""effective_cache_size"": ""8GB"", ""from_collapse_limit"": 1, ""hash_mem_multiplier"": ""2.0"", ""jit"": ""off"", ""join_collapse_limit"": 1, ""max_parallel_workers_per_gather"": 4, ""temp_buffers"": ""128MB"", ""temp_file_limit"": ""-1"", ""work_mem"": ""256MB""}",
0031b353b73c891e8dbb9f04381cd2d24f643d65d2c00178ad9196734606d69c,/home/timlittau/Documents/InferQ/analysis/finetuned_rdbms_162/qpy/0031b353b73c891e8dbb9f04381cd2d24f643d65d2c00178ad9196734606d69c.qpy,4,40,0.4199542810674757,13638,47,5,42,sqlite,small_size,0,success,0.005197660997509956,16,3807,"{""cache_mb"": 64, ""db_path"": "":memory:"", ""mmap_mb"": 0, ""temp_store"": ""MEMORY"", ""threads"": 1}",
0031b353b73c891e8dbb9f04381cd2d24f643d65d2c00178ad9196734606d69c,/home/timlittau/Documents/InferQ/analysis/finetuned_rdbms_162/qpy/0031b353b73c891e8dbb9f04381cd2d24f643d65d2c00178ad9196734606d69c.qpy,4,40,0.4199542810674757,13638,47,5,42,sqlite,small_size,1,success,0.00407955190166831,16,3807,"{""cache_mb"": 64, ""db_path"": "":memory:"", ""mmap_mb"": 0, ""temp_store"": ""MEMORY"", ""threads"": 1}",
0031b353b73c891e8dbb9f04381cd2d24f643d65d2c00178ad9196734606d69c,/home/timlittau/Documents/InferQ/analysis/finetuned_rdbms_162/qpy/0031b353b73c891e8dbb9f04381cd2d24f643d65d2c00178ad9196734606d69c.qpy,4,40,0.4199542810674757,13638,47,5,42,duckdb,small_size,0,timeout,0.10812325216829777,0,17799,"{""max_temp_directory_size"": ""256GB"", ""memory_limit"": ""10780MB"", ""preserve_insertion_order"": false, ""temp_directory"": ""analysis/finetuned_rdbms_162_baseline_min_floor_100ms_contraction_all_engines/tmp/small_size/duckdb"", ""threads"": 2}",duckdb timed out after 0.1s
0031b353b73c891e8dbb9f04381cd2d24f643d65d2c00178ad9196734606d69c,/home/timlittau/Documents/InferQ/analysis/finetuned_rdbms_162/qpy/0031b353b73c891e8dbb9f04381cd2d24f643d65d2c00178ad9196734606d69c.qpy,4,40,0.4199542810674757,13638,47,5,42,duckdb,small_size,1,timeout,0.11554079386405647,0,18113,"{""max_temp_directory_size"": ""256GB"", ""memory_limit"": ""10780MB"", ""preserve_insertion_order"": false, ""temp_directory"": ""analysis/finetuned_rdbms_162_baseline_min_floor_100ms_contraction_all_engines/tmp/small_size/duckdb"", ""threads"": 2}",duckdb timed out after 0.1s
0031b353b73c891e8dbb9f04381cd2d24f643d65d2c00178ad9196734606d69c,/home/timlittau/Documents/InferQ/analysis/finetuned_rdbms_162/qpy/0031b353b73c891e8dbb9f04381cd2d24f643d65d2c00178ad9196734606d69c.qpy,4,40,0.4199542810674757,13638,47,5,42,postgres,small_size,0,success,0.016285008052363992,16,18352,"{""effective_cache_size"": ""8GB"", ""from_collapse_limit"": 1, ""hash_mem_multiplier"": ""2.0"", ""jit"": ""off"", ""join_collapse_limit"": 1, ""max_parallel_workers_per_gather"": 4, ""temp_buffers"": ""128MB"", ""temp_file_limit"": ""-1"", ""work_mem"": ""256MB""}",
0031b353b73c891e8dbb9f04381cd2d24f643d65d2c00178ad9196734606d69c,/home/timlittau/Documents/InferQ/analysis/finetuned_rdbms_162/qpy/0031b353b73c891e8dbb9f04381cd2d24f643d65d2c00178ad9196734606d69c.qpy,4,40,0.4199542810674757,13638,47,5,42,postgres,small_size,1,success,0.016043965937569737,16,19456,"{""effective_cache_size"": ""8GB"", ""from_collapse_limit"": 1, ""hash_mem_multiplier"": ""2.0"", ""jit"": ""off"", ""join_collapse_limit"": 1, ""max_parallel_workers_per_gather"": 4, ""temp_buffers"": ""128MB"", ""temp_file_limit"": ""-1"", ""work_mem"": ""256MB""}",
0032a5cb791669d5f950bb3b6533d654de70ea4044fccfd9ce1e8d8e1946f1b0,/home/timlittau/Documents/InferQ/analysis/finetuned_rdbms_162/qpy/0032a5cb791669d5f950bb3b6533d654de70ea4044fccfd9ce1e8d8e1946f1b0.qpy,11,88,1.2396469439845532,30672,102,5,97,sqlite,large_size,0,timeout,0.10305807692930102,0,4008,"{""cache_mb"": 128, ""db_path"": ""analysis/finetuned_rdbms_162_baseline_min_floor_100ms_contraction_all_engines/tmp/large_size/sqlite/bench.db"", ""mmap_mb"": 128, ""temp_store"": ""MEMORY"", ""threads"": 1}",sqlite timed out after 0.1s
0032a5cb791669d5f950bb3b6533d654de70ea4044fccfd9ce1e8d8e1946f1b0,/home/timlittau/Documents/InferQ/analysis/finetuned_rdbms_162/qpy/0032a5cb791669d5f950bb3b6533d654de70ea4044fccfd9ce1e8d8e1946f1b0.qpy,11,88,1.2396469439845532,30672,102,5,97,sqlite,large_size,1,timeout,0.10343527281656861,0,3894,"{""cache_mb"": 128, ""db_path"": ""analysis/finetuned_rdbms_162_baseline_min_floor_100ms_contraction_all_engines/tmp/large_size/sqlite/bench.db"", ""mmap_mb"": 128, ""temp_store"": ""MEMORY"", ""threads"": 1}",sqlite timed out after 0.1s
0032a5cb791669d5f950bb3b6533d654de70ea4044fccfd9ce1e8d8e1946f1b0,/home/timlittau/Documents/InferQ/analysis/finetuned_rdbms_162/qpy/0032a5cb791669d5f950bb3b6533d654de70ea4044fccfd9ce1e8d8e1946f1b0.qpy,11,88,1.2396469439845532,30672,102,5,97,duckdb,large_size,0,timeout,0.10736311203800142,0,34557,"{""max_temp_directory_size"": ""128GB"", ""memory_limit"": ""7409MB"", ""preserve_insertion_order"": true, ""temp_directory"": ""analysis/finetuned_rdbms_162_baseline_min_floor_100ms_contraction_all_engines/tmp/large_size/duckdb"", ""threads"": 1}",duckdb timed out after 0.1s
0032a5cb791669d5f950bb3b6533d654de70ea4044fccfd9ce1e8d8e1946f1b0,/home/timlittau/Documents/InferQ/analysis/finetuned_rdbms_162/qpy/0032a5cb791669d5f950bb3b6533d654de70ea4044fccfd9ce1e8d8e1946f1b0.qpy,11,88,1.2396469439845532,30672,102,5,97,duckdb,large_size,1,timeout,0.11702815699391067,0,34677,"{""max_temp_directory_size"": ""128GB"", ""memory_limit"": ""7409MB"", ""preserve_insertion_order"": true, ""temp_directory"": ""analysis/finetuned_rdbms_162_baseline_min_floor_100ms_contraction_all_engines/tmp/large_size/duckdb"", ""threads"": 1}",duckdb timed out after 0.1s
0032a5cb791669d5f950bb3b6533d654de70ea4044fccfd9ce1e8d8e1946f1b0,/home/timlittau/Documents/InferQ/analysis/finetuned_rdbms_162/qpy/0032a5cb791669d5f950bb3b6533d654de70ea4044fccfd9ce1e8d8e1946f1b0.qpy,11,88,1.2396469439845532,30672,102,5,97,postgres,large_size,0,timeout,0.11134611093439162,0,36525,"{""effective_cache_size"": ""2GB"", ""from_collapse_limit"": 1, ""hash_mem_multiplier"": ""1.94"", ""jit"": ""off"", ""join_collapse_limit"": 4, ""max_parallel_workers_per_gather"": 0, ""temp_buffers"": ""65MB"", ""temp_file_limit"": ""-1"", ""work_mem"": ""55MB""}",postgres timed out after 0.1s
0032a5cb791669d5f950bb3b6533d654de70ea4044fccfd9ce1e8d8e1946f1b0,/home/timlittau/Documents/InferQ/analysis/finetuned_rdbms_162/qpy/0032a5cb791669d5f950bb3b6533d654de70ea4044fccfd9ce1e8d8e1946f1b0.qpy,11,88,1.2396469439845532,30672,102,5,97,postgres,large_size,1,timeout,0.11111616692505777,0,36525,"{""effective_cache_size"": ""2GB"", ""from_collapse_limit"": 1, ""hash_mem_multiplier"": ""1.94"", ""jit"": ""off"", ""join_collapse_limit"": 4, ""max_parallel_workers_per_gather"": 0, ""temp_buffers"": ""65MB"", ""temp_file_limit"": ""-1"", ""work_mem"": ""55MB""}",postgres timed out after 0.1s
0032ffff396adf452a359664c3603ec529f0582879da43dd69aa66e4b2780fe5,/home/timlittau/Documents/InferQ/analysis/finetuned_rdbms_162/qpy/0032ffff396adf452a359664c3603ec529f0582879da43dd69aa66e4b2780fe5.qpy,4,36,0.611077148001641,11683,42,4,38,sqlite,large_size,0,success,0.006774319102987647,16,3669,"{""cache_mb"": 128, ""db_path"": ""analysis/finetuned_rdbms_162_baseline_min_floor_100ms_contraction_all_engines/tmp/large_size/sqlite/bench.db"", ""mmap_mb"": 128, ""temp_store"": ""MEMORY"", ""threads"": 1}",
0032ffff396adf452a359664c3603ec529f0582879da43dd69aa66e4b2780fe5,/home/timlittau/Documents/InferQ/analysis/finetuned_rdbms_162/qpy/0032ffff396adf452a359664c3603ec529f0582879da43dd69aa66e4b2780fe5.qpy,4,36,0.611077148001641,11683,42,4,38,sqlite,large_size,1,success,0.006109297974035144,16,3669,"{""cache_mb"": 128, ""db_path"": ""analysis/finetuned_rdbms_162_baseline_min_floor_100ms_contraction_all_engines/tmp/large_size/sqlite/bench.db"", ""mmap_mb"": 128, ""temp_store"": ""MEMORY"", ""threads"": 1}",
0032ffff396adf452a359664c3603ec529f0582879da43dd69aa66e4b2780fe5,/home/timlittau/Documents/InferQ/analysis/finetuned_rdbms_162/qpy/0032ffff396adf452a359664c3603ec529f0582879da43dd69aa66e4b2780fe5.qpy,4,36,0.611077148001641,11683,42,4,38,duckdb,large_size,0,timeout,0.11419941787607968,0,15658,"{""max_temp_directory_size"": ""128GB"", ""memory_limit"": ""7409MB"", ""preserve_insertion_order"": true, ""temp_directory"": ""analysis/finetuned_rdbms_162_baseline_min_floor_100ms_contraction_all_engines/tmp/large_size/duckdb"", ""threads"": 1}",duckdb timed out after 0.1s
0032ffff396adf452a359664c3603ec529f0582879da43dd69aa66e4b2780fe5,/home/timlittau/Documents/InferQ/analysis/finetuned_rdbms_162/qpy/0032ffff396adf452a359664c3603ec529f0582879da43dd69aa66e4b2780fe5.qpy,4,36,0.611077148001641,11683,42,4,38,duckdb,large_size,1,timeout,0.11260694195516407,0,15568,"{""max_temp_directory_size"": ""128GB"", ""memory_limit"": ""7409MB"", ""preserve_insertion_order"": true, ""temp_directory"": ""analysis/finetuned_rdbms_162_baseline_min_floor_100ms_contraction_all_engines/tmp/large_size/duckdb"", ""threads"": 1}",duckdb timed out after 0.1s
0032ffff396adf452a359664c3603ec529f0582879da43dd69aa66e4b2780fe5,/home/timlittau/Documents/InferQ/analysis/finetuned_rdbms_162/qpy/0032ffff396adf452a359664c3603ec529f0582879da43dd69aa66e4b2780fe5.qpy,4,36,0.611077148001641,11683,42,4,38,postgres,large_size,0,success,0.015094886999577284,16,16398,"{""effective_cache_size"": ""2GB"", ""from_collapse_limit"": 1, ""hash_mem_multiplier"": ""1.94"", ""jit"": ""off"", ""join_collapse_limit"": 4, ""max_parallel_workers_per_gather"": 0, ""temp_buffers"": ""65MB"", ""temp_file_limit"": ""-1"", ""work_mem"": ""55MB""}",
0032ffff396adf452a359664c3603ec529f0582879da43dd69aa66e4b2780fe5,/home/timlittau/Documents/InferQ/analysis/finetuned_rdbms_162/qpy/0032ffff396adf452a359664c3603ec529f0582879da43dd69aa66e4b2780fe5.qpy,4,36,0.611077148001641,11683,42,4,38,postgres,large_size,1,success,0.015239621046930552,16,16398,"{""effective_cache_size"": ""2GB"", ""from_collapse_limit"": 1, ""hash_mem_multiplier"": ""1.94"", ""jit"": ""off"", ""join_collapse_limit"": 4, ""max_parallel_workers_per_gather"": 0, ""temp_buffers"": ""65MB"", ""temp_file_limit"": ""-1"", ""work_mem"": ""55MB""}",
003378d47280b3a61bf1ea1ee44f151f010ddac6d35dde31a9538c6fbfc22ae2,/home/timlittau/Documents/InferQ/analysis/finetuned_rdbms_162/qpy/003378d47280b3a61bf1ea1ee44f151f010ddac6d35dde31a9538c6fbfc22ae2.qpy,7,118,2.2389286910183728,38422,128,5,123,sqlite,small_size,0,success,0.03505366784520447,128,8077,"{""cache_mb"": 64, ""db_path"": "":memory:"", ""mmap_mb"": 0, ""temp_store"": ""MEMORY"", ""threads"": 1}",
003378d47280b3a61bf1ea1ee44f151f010ddac6d35dde31a9538c6fbfc22ae2,/home/timlittau/Documents/InferQ/analysis/finetuned_rdbms_162/qpy/003378d47280b3a61bf1ea1ee44f151f010ddac6d35dde31a9538c6fbfc22ae2.qpy,7,118,2.2389286910183728,38422,128,5,123,sqlite,small_size,1,success,0.03211785200983286,128,8077,"{""cache_mb"": 64, ""db_path"": "":memory:"", ""mmap_mb"": 0, ""temp_store"": ""MEMORY"", ""threads"": 1}",
003378d47280b3a61bf1ea1ee44f151f010ddac6d35dde31a9538c6fbfc22ae2,/home/timlittau/Documents/InferQ/analysis/finetuned_rdbms_162/qpy/003378d47280b3a61bf1ea1ee44f151f010ddac6d35dde31a9538c6fbfc22ae2.qpy,7,118,2.2389286910183728,38422,128,5,123,duckdb,small_size,0,timeout,0.11673489096574485,0,823610,"{""max_temp_directory_size"": ""256GB"", ""memory_limit"": ""10780MB"", ""preserve_insertion_order"": false, ""temp_directory"": ""analysis/finetuned_rdbms_162_baseline_min_floor_100ms_contraction_all_engines/tmp/small_size/duckdb"", ""threads"": 2}",duckdb timed out after 0.1s
003378d47280b3a61bf1ea1ee44f151f010ddac6d35dde31a9538c6fbfc22ae2,/home/timlittau/Documents/InferQ/analysis/finetuned_rdbms_162/qpy/003378d47280b3a61bf1ea1ee44f151f010ddac6d35dde31a9538c6fbfc22ae2.qpy,7,118,2.2389286910183728,38422,128,5,123,duckdb,small_size,1,timeout,0.11404084390960634,0,42651,"{""max_temp_directory_size"": ""256GB"", ""memory_limit"": ""10780MB"", ""preserve_insertion_order"": false, ""temp_directory"": ""analysis/finetuned_rdbms_162_baseline_min_floor_100ms_contraction_all_engines/tmp/small_size/duckdb"", ""threads"": 2}",duckdb timed out after 0.1s
003378d47280b3a61bf1ea1ee44f151f010ddac6d35dde31a9538c6fbfc22ae2,/home/timlittau/Documents/InferQ/analysis/finetuned_rdbms_162/qpy/003378d47280b3a61bf1ea1ee44f151f010ddac6d35dde31a9538c6fbfc22ae2.qpy,7,118,2.2389286910183728,38422,128,5,123,postgres,small_size,0,success,0.08641684195026755,128,48114,"{""effective_cache_size"": ""8GB"", ""from_collapse_limit"": 1, ""hash_mem_multiplier"": ""2.0"", ""jit"": ""off"", ""join_collapse_limit"": 1, ""max_parallel_workers_per_gather"": 4, ""temp_buffers"": ""128MB"", ""temp_file_limit"": ""-1"", ""work_mem"": ""256MB""}",
003378d47280b3a61bf1ea1ee44f151f010ddac6d35dde31a9538c6fbfc22ae2,/home/timlittau/Documents/InferQ/analysis/finetuned_rdbms_162/qpy/003378d47280b3a61bf1ea1ee44f151f010ddac6d35dde31a9538c6fbfc22ae2.qpy,7,118,2.2389286910183728,38422,128,5,123,postgres,small_size,1,success,0.08733086404390633,128,48090,"{""effective_cache_size"": ""8GB"", ""from_collapse_limit"": 1, ""hash_mem_multiplier"": ""2.0"", ""jit"": ""off"", ""join_collapse_limit"": 1, ""max_parallel_workers_per_gather"": 4, ""temp_buffers"": ""128MB"", ""temp_file_limit"": ""-1"", ""work_mem"": ""256MB""}",
0033fc046ce093bcf7948bc7f7f81db8dcd59d9f925fd002b0a908fd64ddb76c,/home/timlittau/Documents/InferQ/analysis/finetuned_rdbms_162/qpy/0033fc046ce093bcf7948bc7f7f81db8dcd59d9f925fd002b0a908fd64ddb76c.qpy,13,138,3.3474925220943987,45539,155,6,149,sqlite,large_size,0,timeout,0.10303569887764752,0,4008,"{""cache_mb"": 128, ""db_path"": ""analysis/finetuned_rdbms_162_baseline_min_floor_100ms_contraction_all_engines/tmp/large_size/sqlite/bench.db"", ""mmap_mb"": 128, ""temp_store"": ""MEMORY"", ""threads"": 1}",sqlite timed out after 0.1s
0033fc046ce093bcf7948bc7f7f81db8dcd59d9f925fd002b0a908fd64ddb76c,/home/timlittau/Documents/InferQ/analysis/finetuned_rdbms_162/qpy/0033fc046ce093bcf7948bc7f7f81db8dcd59d9f925fd002b0a908fd64ddb76c.qpy,13,138,3.3474925220943987,45539,155,6,149,sqlite,large_size,1,timeout,0.1033609420992434,0,3894,"{""cache_mb"": 128, ""db_path"": ""analysis/finetuned_rdbms_162_baseline_min_floor_100ms_contraction_all_engines/tmp/large_size/sqlite/bench.db"", ""mmap_mb"": 128, ""temp_store"": ""MEMORY"", ""threads"": 1}",sqlite timed out after 0.1s
0033fc046ce093bcf7948bc7f7f81db8dcd59d9f925fd002b0a908fd64ddb76c,/home/timlittau/Documents/InferQ/analysis/finetuned_rdbms_162/qpy/0033fc046ce093bcf7948bc7f7f81db8dcd59d9f925fd002b0a908fd64ddb76c.qpy,13,138,3.3474925220943987,45539,155,6,149,duckdb,large_size,0,timeout,0.12051025917753577,0,49732,"{""max_temp_directory_size"": ""128GB"", ""memory_limit"": ""7409MB"", ""preserve_insertion_order"": true, ""temp_directory"": ""analysis/finetuned_rdbms_162_baseline_min_floor_100ms_contraction_all_engines/tmp/large_size/duckdb"", ""threads"": 1}",duckdb timed out after 0.1s
0033fc046ce093bcf7948bc7f7f81db8dcd59d9f925fd002b0a908fd64ddb76c,/home/timlittau/Documents/InferQ/analysis/finetuned_rdbms_162/qpy/0033fc046ce093bcf7948bc7f7f81db8dcd59d9f925fd002b0a908fd64ddb76c.qpy,13,138,3.3474925220943987,45539,155,6,149,duckdb,large_size,1,timeout,0.11230032704770565,0,49612,"{""max_temp_directory_size"": ""128GB"", ""memory_limit"": ""7409MB"", ""preserve_insertion_order"": true, ""temp_directory"": ""analysis/finetuned_rdbms_162_baseline_min_floor_100ms_contraction_all_engines/tmp/large_size/duckdb"", ""threads"": 1}",duckdb timed out after 0.1s
0033fc046ce093bcf7948bc7f7f81db8dcd59d9f925fd002b0a908fd64ddb76c,/home/timlittau/Documents/InferQ/analysis/finetuned_rdbms_162/qpy/0033fc046ce093bcf7948bc7f7f81db8dcd59d9f925fd002b0a908fd64ddb76c.qpy,13,138,3.3474925220943987,45539,155,6,149,postgres,large_size,0,timeout,0.11184212099760771,0,51392,"{""effective_cache_size"": ""2GB"", ""from_collapse_limit"": 1, ""hash_mem_multiplier"": ""1.94"", ""jit"": ""off"", ""join_collapse_limit"": 4, ""max_parallel_workers_per_gather"": 0, ""temp_buffers"": ""65MB"", ""temp_file_limit"": ""-1"", ""work_mem"": ""55MB""}",postgres timed out after 0.1s
0033fc046ce093bcf7948bc7f7f81db8dcd59d9f925fd002b0a908fd64ddb76c,/home/timlittau/Documents/InferQ/analysis/finetuned_rdbms_162/qpy/0033fc046ce093bcf7948bc7f7f81db8dcd59d9f925fd002b0a908fd64ddb76c.qpy,13,138,3.3474925220943987,45539,155,6,149,postgres,large_size,1,timeout,0.11118861986324191,0,51392,"{""effective_cache_size"": ""2GB"", ""from_collapse_limit"": 1, ""hash_mem_multiplier"": ""1.94"", ""jit"": ""off"", ""join_collapse_limit"": 4, ""max_parallel_workers_per_gather"": 0, ""temp_buffers"": ""65MB"", ""temp_file_limit"": ""-1"", ""work_mem"": ""55MB""}",postgres timed out after 0.1s
003812c232aa67ced3665eed14a8ee7e0ecae4229f5f64bdfa43de92bdabea84,/home/timlittau/Documents/InferQ/analysis/finetuned_rdbms_162/qpy/003812c232aa67ced3665eed14a8ee7e0ecae4229f5f64bdfa43de92bdabea84.qpy,10,61,1.1458870021160692,22638,77,8,69,sqlite,large_size,0,success,0.04105477803386748,1024,58807,"{""cache_mb"": 128, ""db_path"": ""analysis/finetuned_rdbms_162_baseline_min_floor_100ms_contraction_all_engines/tmp/large_size/sqlite/bench.db"", ""mmap_mb"": 128, ""temp_store"": ""MEMORY"", ""threads"": 1}",
003812c232aa67ced3665eed14a8ee7e0ecae4229f5f64bdfa43de92bdabea84,/home/timlittau/Documents/InferQ/analysis/finetuned_rdbms_162/qpy/003812c232aa67ced3665eed14a8ee7e0ecae4229f5f64bdfa43de92bdabea84.qpy,10,61,1.1458870021160692,22638,77,8,69,sqlite,large_size,1,success,0.03954767808318138,1024,58807,"{""cache_mb"": 128, ""db_path"": ""analysis/finetuned_rdbms_162_baseline_min_floor_100ms_contraction_all_engines/tmp/large_size/sqlite/bench.db"", ""mmap_mb"": 128, ""temp_store"": ""MEMORY"", ""threads"": 1}",
003812c232aa67ced3665eed14a8ee7e0ecae4229f5f64bdfa43de92bdabea84,/home/timlittau/Documents/InferQ/analysis/finetuned_rdbms_162/qpy/003812c232aa67ced3665eed14a8ee7e0ecae4229f5f64bdfa43de92bdabea84.qpy,10,61,1.1458870021160692,22638,77,8,69,duckdb,large_size,0,timeout,0.1155735719949007,0,27019,"{""max_temp_directory_size"": ""128GB"", ""memory_limit"": ""7409MB"", ""preserve_insertion_order"": true, ""temp_directory"": ""analysis/finetuned_rdbms_162_baseline_min_floor_100ms_contraction_all_engines/tmp/large_size/duckdb"", ""threads"": 1}",duckdb timed out after 0.1s
003812c232aa67ced3665eed14a8ee7e0ecae4229f5f64bdfa43de92bdabea84,/home/timlittau/Documents/InferQ/analysis/finetuned_rdbms_162/qpy/003812c232aa67ced3665eed14a8ee7e0ecae4229f5f64bdfa43de92bdabea84.qpy,10,61,1.1458870021160692,22638,77,8,69,duckdb,large_size,1,timeout,0.11593346297740936,0,26957,"{""max_temp_directory_size"": ""128GB"", ""memory_limit"": ""7409MB"", ""preserve_insertion_order"": true, ""temp_directory"": ""analysis/finetuned_rdbms_162_baseline_min_floor_100ms_contraction_all_engines/tmp/large_size/duckdb"", ""threads"": 1}",duckdb timed out after 0.1s
003812c232aa67ced3665eed14a8ee7e0ecae4229f5f64bdfa43de92bdabea84,/home/timlittau/Documents/InferQ/analysis/finetuned_rdbms_162/qpy/003812c232aa67ced3665eed14a8ee7e0ecae4229f5f64bdfa43de92bdabea84.qpy,10,61,1.1458870021160692,22638,77,8,69,postgres,large_size,0,success,0.06766222580336034,1024,85024,"{""effective_cache_size"": ""2GB"", ""from_collapse_limit"": 1, ""hash_mem_multiplier"": ""1.94"", ""jit"": ""off"", ""join_collapse_limit"": 4, ""max_parallel_workers_per_gather"": 0, ""temp_buffers"": ""65MB"", ""temp_file_limit"": ""-1"", ""work_mem"": ""55MB""}",
003812c232aa67ced3665eed14a8ee7e0ecae4229f5f64bdfa43de92bdabea84,/home/timlittau/Documents/InferQ/analysis/finetuned_rdbms_162/qpy/003812c232aa67ced3665eed14a8ee7e0ecae4229f5f64bdfa43de92bdabea84.qpy,10,61,1.1458870021160692,22638,77,8,69,postgres,large_size,1,success,0.076678381068632,1024,82746,"{""effective_cache_size"": ""2GB"", ""from_collapse_limit"": 1, ""hash_mem_multiplier"": ""1.94"", ""jit"": ""off"", ""join_collapse_limit"": 4, ""max_parallel_workers_per_gather"": 0, ""temp_buffers"": ""65MB"", ""temp_file_limit"": ""-1"", ""work_mem"": ""55MB""}",
0038713dd6823e32001e0a083ff7ef0155e96934fcecf4aee15b86c8df9b3374,/home/timlittau/Documents/InferQ/analysis/finetuned_rdbms_162/qpy/0038713dd6823e32001e0a083ff7ef0155e96934fcecf4aee15b86c8df9b3374.qpy,14,13,0.2271323441527784,7281,29,4,25,sqlite,small_size,0,success,0.003305362071841955,32,52063,"{""cache_mb"": 64, ""db_path"": "":memory:"", ""mmap_mb"": 0, ""temp_store"": ""MEMORY"", ""threads"": 1}",
0038713dd6823e32001e0a083ff7ef0155e96934fcecf4aee15b86c8df9b3374,/home/timlittau/Documents/InferQ/analysis/finetuned_rdbms_162/qpy/0038713dd6823e32001e0a083ff7ef0155e96934fcecf4aee15b86c8df9b3374.qpy,14,13,0.2271323441527784,7281,29,4,25,sqlite,small_size,1,success,0.0038377270102500916,32,3807,"{""cache_mb"": 64, ""db_path"": "":memory:"", ""mmap_mb"": 0, ""temp_store"": ""MEMORY"", ""threads"": 1}",
0038713dd6823e32001e0a083ff7ef0155e96934fcecf4aee15b86c8df9b3374,/home/timlittau/Documents/InferQ/analysis/finetuned_rdbms_162/qpy/0038713dd6823e32001e0a083ff7ef0155e96934fcecf4aee15b86c8df9b3374.qpy,14,13,0.2271323441527784,7281,29,4,25,duckdb,small_size,0,success,0.051250162068754435,32,11386,"{""max_temp_directory_size"": ""256GB"", ""memory_limit"": ""10780MB"", ""preserve_insertion_order"": false, ""temp_directory"": ""analysis/finetuned_rdbms_162_baseline_min_floor_100ms_contraction_all_engines/tmp/small_size/duckdb"", ""threads"": 2}",
0038713dd6823e32001e0a083ff7ef0155e96934fcecf4aee15b86c8df9b3374,/home/timlittau/Documents/InferQ/analysis/finetuned_rdbms_162/qpy/0038713dd6823e32001e0a083ff7ef0155e96934fcecf4aee15b86c8df9b3374.qpy,14,13,0.2271323441527784,7281,29,4,25,duckdb,small_size,1,success,0.04971235990524292,32,11228,"{""max_temp_directory_size"": ""256GB"", ""memory_limit"": ""10780MB"", ""preserve_insertion_order"": false, ""temp_directory"": ""analysis/finetuned_rdbms_162_baseline_min_floor_100ms_contraction_all_engines/tmp/small_size/duckdb"", ""threads"": 2}",
0038713dd6823e32001e0a083ff7ef0155e96934fcecf4aee15b86c8df9b3374,/home/timlittau/Documents/InferQ/analysis/finetuned_rdbms_162/qpy/0038713dd6823e32001e0a083ff7ef0155e96934fcecf4aee15b86c8df9b3374.qpy,14,13,0.2271323441527784,7281,29,4,25,postgres,small_size,0,success,0.007661652052775025,32,13174,"{""effective_cache_size"": ""8GB"", ""from_collapse_limit"": 1, ""hash_mem_multiplier"": ""2.0"", ""jit"": ""off"", ""join_collapse_limit"": 1, ""max_parallel_workers_per_gather"": 4, ""temp_buffers"": ""128MB"", ""temp_file_limit"": ""-1"", ""work_mem"": ""256MB""}",
0038713dd6823e32001e0a083ff7ef0155e96934fcecf4aee15b86c8df9b3374,/home/timlittau/Documents/InferQ/analysis/finetuned_rdbms_162/qpy/0038713dd6823e32001e0a083ff7ef0155e96934fcecf4aee15b86c8df9b3374.qpy,14,13,0.2271323441527784,7281,29,4,25,postgres,small_size,1,success,0.007485921029001474,32,14111,"{""effective_cache_size"": ""8GB"", ""from_collapse_limit"": 1, ""hash_mem_multiplier"": ""2.0"", ""jit"": ""off"", ""join_collapse_limit"": 1, ""max_parallel_workers_per_gather"": 4, ""temp_buffers"": ""128MB"", ""temp_file_limit"": ""-1"", ""work_mem"": ""256MB""}",
003d951857a77f5ddd1609499fe3ef092e2d5b95ee427f94c0ae740eade55d68,/home/timlittau/Documents/InferQ/analysis/finetuned_rdbms_162/qpy/003d951857a77f5ddd1609499fe3ef092e2d5b95ee427f94c0ae740eade55d68.qpy,3,12,0.16466731298714876,5022,18,5,13,sqlite,small_size,0,success,0.0018661110661923885,8,3807,"{""cache_mb"": 64, ""db_path"": "":memory:"", ""mmap_mb"": 0, ""temp_store"": ""MEMORY"", ""threads"": 1}",
003d951857a77f5ddd1609499fe3ef092e2d5b95ee427f94c0ae740eade55d68,/home/timlittau/Documents/InferQ/analysis/finetuned_rdbms_162/qpy/003d951857a77f5ddd1609499fe3ef092e2d5b95ee427f94c0ae740eade55d68.qpy,3,12,0.16466731298714876,5022,18,5,13,sqlite,small_size,1,success,0.00179371889680624,8,3807,"{""cache_mb"": 64, ""db_path"": "":memory:"", ""mmap_mb"": 0, ""temp_store"": ""MEMORY"", ""threads"": 1}",
003d951857a77f5ddd1609499fe3ef092e2d5b95ee427f94c0ae740eade55d68,/home/timlittau/Documents/InferQ/analysis/finetuned_rdbms_162/qpy/003d951857a77f5ddd1609499fe3ef092e2d5b95ee427f94c0ae740eade55d68.qpy,3,12,0.16466731298714876,5022,18,5,13,duckdb,small_size,0,success,0.022431990830227733,8,9378,"{""max_temp_directory_size"": ""256GB"", ""memory_limit"": ""10780MB"", ""preserve_insertion_order"": false, ""temp_directory"": ""analysis/finetuned_rdbms_162_baseline_min_floor_100ms_contraction_all_engines/tmp/small_size/duckdb"", ""threads"": 2}",
003d951857a77f5ddd1609499fe3ef092e2d5b95ee427f94c0ae740eade55d68,/home/timlittau/Documents/InferQ/analysis/finetuned_rdbms_162/qpy/003d951857a77f5ddd1609499fe3ef092e2d5b95ee427f94c0ae740eade55d68.qpy,3,12,0.16466731298714876,5022,18,5,13,duckdb,small_size,1,success,0.0168667018879205,8,435105,"{""max_temp_directory_size"": ""256GB"", ""memory_limit"": ""10780MB"", ""preserve_insertion_order"": false, ""temp_directory"": ""analysis/finetuned_rdbms_162_baseline_min_floor_100ms_contraction_all_engines/tmp/small_size/duckdb"", ""threads"": 2}",
003d951857a77f5ddd1609499fe3ef092e2d5b95ee427f94c0ae740eade55d68,/home/timlittau/Documents/InferQ/analysis/finetuned_rdbms_162/qpy/003d951857a77f5ddd1609499fe3ef092e2d5b95ee427f94c0ae740eade55d68.qpy,3,12,0.16466731298714876,5022,18,5,13,postgres,small_size,0,success,0.0030245869420468807,8,544787,"{""effective_cache_size"": ""8GB"", ""from_collapse_limit"": 1, ""hash_mem_multiplier"": ""2.0"", ""jit"": ""off"", ""join_collapse_limit"": 1, ""max_parallel_workers_per_gather"": 4, ""temp_buffers"": ""128MB"", ""temp_file_limit"": ""-1"", ""work_mem"": ""256MB""}",
003d951857a77f5ddd1609499fe3ef092e2d5b95ee427f94c0ae740eade55d68,/home/timlittau/Documents/InferQ/analysis/finetuned_rdbms_162/qpy/003d951857a77f5ddd1609499fe3ef092e2d5b95ee427f94c0ae740eade55d68.qpy,3,12,0.16466731298714876,5022,18,5,13,postgres,small_size,1,success,0.004448238993063569,8,813587,"{""effective_cache_size"": ""8GB"", ""from_collapse_limit"": 1, ""hash_mem_multiplier"": ""2.0"", ""jit"": ""off"", ""join_collapse_limit"": 1, ""max_parallel_workers_per_gather"": 4, ""temp_buffers"": ""128MB"", ""temp_file_limit"": ""-1"", ""work_mem"": ""256MB""}",
003ec69648e883eea39aabfcb88ff4812b9d16fe8633ae5711fa4e21d1631461,/home/timlittau/Documents/InferQ/analysis/finetuned_rdbms_162/qpy/003ec69648e883eea39aabfcb88ff4812b9d16fe8633ae5711fa4e21d1631461.qpy,15,58,0.9125861569773406,20732,75,4,71,sqlite,large_size,0,timeout,0.13232446485199034,0,3951,"{""cache_mb"": 128, ""db_path"": ""analysis/finetuned_rdbms_162_baseline_min_floor_100ms_contraction_all_engines/tmp/large_size/sqlite/bench.db"", ""mmap_mb"": 128, ""temp_store"": ""MEMORY"", ""threads"": 1}",sqlite timed out after 0.1s
003ec69648e883eea39aabfcb88ff4812b9d16fe8633ae5711fa4e21d1631461,/home/timlittau/Documents/InferQ/analysis/finetuned_rdbms_162/qpy/003ec69648e883eea39aabfcb88ff4812b9d16fe8633ae5711fa4e21d1631461.qpy,15,58,0.9125861569773406,20732,75,4,71,sqlite,large_size,1,timeout,0.14991152985021472,0,1451965,"{""cache_mb"": 128, ""db_path"": ""analysis/finetuned_rdbms_162_baseline_min_floor_100ms_contraction_all_engines/tmp/large_size/sqlite/bench.db"", ""mmap_mb"": 128, ""temp_store"": ""MEMORY"", ""threads"": 1}",sqlite timed out after 0.1s
003ec69648e883eea39aabfcb88ff4812b9d16fe8633ae5711fa4e21d1631461,/home/timlittau/Documents/InferQ/analysis/finetuned_rdbms_162/qpy/003ec69648e883eea39aabfcb88ff4812b9d16fe8633ae5711fa4e21d1631461.qpy,15,58,0.9125861569773406,20732,75,4,71,duckdb,large_size,0,timeout,0.10821091593243182,0,24994,"{""max_temp_directory_size"": ""128GB"", ""memory_limit"": ""7409MB"", ""preserve_insertion_order"": true, ""temp_directory"": ""analysis/finetuned_rdbms_162_baseline_min_floor_100ms_contraction_all_engines/tmp/large_size/duckdb"", ""threads"": 1}",duckdb timed out after 0.1s
003ec69648e883eea39aabfcb88ff4812b9d16fe8633ae5711fa4e21d1631461,/home/timlittau/Documents/InferQ/analysis/finetuned_rdbms_162/qpy/003ec69648e883eea39aabfcb88ff4812b9d16fe8633ae5711fa4e21d1631461.qpy,15,58,0.9125861569773406,20732,75,4,71,duckdb,large_size,1,timeout,0.1160538699477911,0,26080,"{""max_temp_directory_size"": ""128GB"", ""memory_limit"": ""7409MB"", ""preserve_insertion_order"": true, ""temp_directory"": ""analysis/finetuned_rdbms_162_baseline_min_floor_100ms_contraction_all_engines/tmp/large_size/duckdb"", ""threads"": 1}",duckdb timed out after 0.1s
003ec69648e883eea39aabfcb88ff4812b9d16fe8633ae5711fa4e21d1631461,/home/timlittau/Documents/InferQ/analysis/finetuned_rdbms_162/qpy/003ec69648e883eea39aabfcb88ff4812b9d16fe8633ae5711fa4e21d1631461.qpy,15,58,0.9125861569773406,20732,75,4,71,postgres,large_size,0,timeout,0.11350330687128007,0,866394,"{""effective_cache_size"": ""2GB"", ""from_collapse_limit"": 1, ""hash_mem_multiplier"": ""1.94"", ""jit"": ""off"", ""join_collapse_limit"": 4, ""max_parallel_workers_per_gather"": 0, ""temp_buffers"": ""65MB"", ""temp_file_limit"": ""-1"", ""work_mem"": ""55MB""}",postgres timed out after 0.1s
003ec69648e883eea39aabfcb88ff4812b9d16fe8633ae5711fa4e21d1631461,/home/timlittau/Documents/InferQ/analysis/finetuned_rdbms_162/qpy/003ec69648e883eea39aabfcb88ff4812b9d16fe8633ae5711fa4e21d1631461.qpy,15,58,0.9125861569773406,20732,75,4,71,postgres,large_size,1,timeout,0.11232691491022706,0,3829252,"{""effective_cache_size"": ""2GB"", ""from_collapse_limit"": 1, ""hash_mem_multiplier"": ""1.94"", ""jit"": ""off"", ""join_collapse_limit"": 4, ""max_parallel_workers_per_gather"": 0, ""temp_buffers"": ""65MB"", ""temp_file_limit"": ""-1"", ""work_mem"": ""55MB""}",postgres timed out after 0.1s
003fe33d0d25432577400a77176d8098df30e3d34b4f39657619ed5841a4ab26,/home/timlittau/Documents/InferQ/analysis/finetuned_rdbms_162/qpy/003fe33d0d25432577400a77176d8098df30e3d34b4f39657619ed5841a4ab26.qpy,15,156,2.1838857729453593,51433,176,7,169,sqlite,large_size,0,timeout,0.14971149689517915,0,3894,"{""cache_mb"": 128, ""db_path"": ""analysis/finetuned_rdbms_162_baseline_min_floor_100ms_contraction_all_engines/tmp/large_size/sqlite/bench.db"", ""mmap_mb"": 128, ""temp_store"": ""MEMORY"", ""threads"": 1}",sqlite timed out after 0.1s
003fe33d0d25432577400a77176d8098df30e3d34b4f39657619ed5841a4ab26,/home/timlittau/Documents/InferQ/analysis/finetuned_rdbms_162/qpy/003fe33d0d25432577400a77176d8098df30e3d34b4f39657619ed5841a4ab26.qpy,15,156,2.1838857729453593,51433,176,7,169,sqlite,large_size,1,timeout,0.14391937293112278,0,3894,"{""cache_mb"": 128, ""db_path"": ""analysis/finetuned_rdbms_162_baseline_min_floor_100ms_contraction_all_engines/tmp/large_size/sqlite/bench.db"", ""mmap_mb"": 128, ""temp_store"": ""MEMORY"", ""threads"": 1}",sqlite timed out after 0.1s
003fe33d0d25432577400a77176d8098df30e3d34b4f39657619ed5841a4ab26,/home/timlittau/Documents/InferQ/analysis/finetuned_rdbms_162/qpy/003fe33d0d25432577400a77176d8098df30e3d34b4f39657619ed5841a4ab26.qpy,15,156,2.1838857729453593,51433,176,7,169,duckdb,large_size,0,timeout,0.10817359294742346,0,55633,"{""max_temp_directory_size"": ""128GB"", ""memory_limit"": ""7409MB"", ""preserve_insertion_order"": true, ""temp_directory"": ""analysis/finetuned_rdbms_162_baseline_min_floor_100ms_contraction_all_engines/tmp/large_size/duckdb"", ""threads"": 1}",duckdb timed out after 0.1s
003fe33d0d25432577400a77176d8098df30e3d34b4f39657619ed5841a4ab26,/home/timlittau/Documents/InferQ/analysis/finetuned_rdbms_162/qpy/003fe33d0d25432577400a77176d8098df30e3d34b4f39657619ed5841a4ab26.qpy,15,156,2.1838857729453593,51433,176,7,169,duckdb,large_size,1,timeout,0.11223975010216236,0,55319,"{""max_temp_directory_size"": ""128GB"", ""memory_limit"": ""7409MB"", ""preserve_insertion_order"": true, ""temp_directory"": ""analysis/finetuned_rdbms_162_baseline_min_floor_100ms_contraction_all_engines/tmp/large_size/duckdb"", ""threads"": 1}",duckdb timed out after 0.1s
003fe33d0d25432577400a77176d8098df30e3d34b4f39657619ed5841a4ab26,/home/timlittau/Documents/InferQ/analysis/finetuned_rdbms_162/qpy/003fe33d0d25432577400a77176d8098df30e3d34b4f39657619ed5841a4ab26.qpy,15,156,2.1838857729453593,51433,176,7,169,postgres,large_size,0,timeout,0.11233269888907671,0,57287,"{""effective_cache_size"": ""2GB"", ""from_collapse_limit"": 1, ""hash_mem_multiplier"": ""1.94"", ""jit"": ""off"", ""join_collapse_limit"": 4, ""max_parallel_workers_per_gather"": 0, ""temp_buffers"": ""65MB"", ""temp_file_limit"": ""-1"", ""work_mem"": ""55MB""}",postgres timed out after 0.1s
003fe33d0d25432577400a77176d8098df30e3d34b4f39657619ed5841a4ab26,/home/timlittau/Documents/InferQ/analysis/finetuned_rdbms_162/qpy/003fe33d0d25432577400a77176d8098df30e3d34b4f39657619ed5841a4ab26.qpy,15,156,2.1838857729453593,51433,176,7,169,postgres,large_size,1,timeout,0.11112465988844633,0,57238,"{""effective_cache_size"": ""2GB"", ""from_collapse_limit"": 1, ""hash_mem_multiplier"": ""1.94"", ""jit"": ""off"", ""join_collapse_limit"": 4, ""max_parallel_workers_per_gather"": 0, ""temp_buffers"": ""65MB"", ""temp_file_limit"": ""-1"", ""work_mem"": ""55MB""}",postgres timed out after 0.1s
0040949cdec155051dd0cdefac84b9de5e78e446a488cfb0bd7b9b896d9ef471,/home/timlittau/Documents/InferQ/analysis/finetuned_rdbms_162/qpy/0040949cdec155051dd0cdefac84b9de5e78e446a488cfb0bd7b9b896d9ef471.qpy,9,60,1.1608107001520693,20633,71,4,67,sqlite,large_size,0,success,0.04310617898590863,512,93695,"{""cache_mb"": 128, ""db_path"": ""analysis/finetuned_rdbms_162_baseline_min_floor_100ms_contraction_all_engines/tmp/large_size/sqlite/bench.db"", ""mmap_mb"": 128, ""temp_store"": ""MEMORY"", ""threads"": 1}",
0040949cdec155051dd0cdefac84b9de5e78e446a488cfb0bd7b9b896d9ef471,/home/timlittau/Documents/InferQ/analysis/finetuned_rdbms_162/qpy/0040949cdec155051dd0cdefac84b9de5e78e446a488cfb0bd7b9b896d9ef471.qpy,9,60,1.1608107001520693,20633,71,4,67,sqlite,large_size,1,success,0.04127035290002823,512,29567,"{""cache_mb"": 128, ""db_path"": ""analysis/finetuned_rdbms_162_baseline_min_floor_100ms_contraction_all_engines/tmp/large_size/sqlite/bench.db"", ""mmap_mb"": 128, ""temp_store"": ""MEMORY"", ""threads"": 1}",
0040949cdec155051dd0cdefac84b9de5e78e446a488cfb0bd7b9b896d9ef471,/home/timlittau/Documents/InferQ/analysis/finetuned_rdbms_162/qpy/0040949cdec155051dd0cdefac84b9de5e78e446a488cfb0bd7b9b896d9ef471.qpy,9,60,1.1608107001520693,20633,71,4,67,duckdb,large_size,0,timeout,0.11609422601759434,0,24859,"{""max_temp_directory_size"": ""128GB"", ""memory_limit"": ""7409MB"", ""preserve_insertion_order"": true, ""temp_directory"": ""analysis/finetuned_rdbms_162_baseline_min_floor_100ms_contraction_all_engines/tmp/large_size/duckdb"", ""threads"": 1}",duckdb timed out after 0.1s
0040949cdec155051dd0cdefac84b9de5e78e446a488cfb0bd7b9b896d9ef471,/home/timlittau/Documents/InferQ/analysis/finetuned_rdbms_162/qpy/0040949cdec155051dd0cdefac84b9de5e78e446a488cfb0bd7b9b896d9ef471.qpy,9,60,1.1608107001520693,20633,71,4,67,duckdb,large_size,1,timeout,0.11251750099472702,0,24519,"{""max_temp_directory_size"": ""128GB"", ""memory_limit"": ""7409MB"", ""preserve_insertion_order"": true, ""temp_directory"": ""analysis/finetuned_rdbms_162_baseline_min_floor_100ms_contraction_all_engines/tmp/large_size/duckdb"", ""threads"": 1}",duckdb timed out after 0.1s
0040949cdec155051dd0cdefac84b9de5e78e446a488cfb0bd7b9b896d9ef471,/home/timlittau/Documents/InferQ/analysis/finetuned_rdbms_162/qpy/0040949cdec155051dd0cdefac84b9de5e78e446a488cfb0bd7b9b896d9ef471.qpy,9,60,1.1608107001520693,20633,71,4,67,postgres,large_size,0,success,0.0968629289418459,512,52157,"{""effective_cache_size"": ""2GB"", ""from_collapse_limit"": 1, ""hash_mem_multiplier"": ""1.94"", ""jit"": ""off"", ""join_collapse_limit"": 4, ""max_parallel_workers_per_gather"": 0, ""temp_buffers"": ""65MB"", ""temp_file_limit"": ""-1"", ""work_mem"": ""55MB""}",
0040949cdec155051dd0cdefac84b9de5e78e446a488cfb0bd7b9b896d9ef471,/home/timlittau/Documents/InferQ/analysis/finetuned_rdbms_162/qpy/0040949cdec155051dd0cdefac84b9de5e78e446a488cfb0bd7b9b896d9ef471.qpy,9,60,1.1608107001520693,20633,71,4,67,postgres,large_size,1,success,0.09896900597959757,512,51981,"{""effective_cache_size"": ""2GB"", ""from_collapse_limit"": 1, ""hash_mem_multiplier"": ""1.94"", ""jit"": ""off"", ""join_collapse_limit"": 4, ""max_parallel_workers_per_gather"": 0, ""temp_buffers"": ""65MB"", ""temp_file_limit"": ""-1"", ""work_mem"": ""55MB""}",
0042dc839daaf44136cdfa46ee2ca5df1f36bebb8b9ed53c6b9792dfa2d5b807,/home/timlittau/Documents/InferQ/analysis/finetuned_rdbms_162/qpy/0042dc839daaf44136cdfa46ee2ca5df1f36bebb8b9ed53c6b9792dfa2d5b807.qpy,6,76,0.997521593933925,24759,84,4,80,sqlite,small_size,0,timeout,0.12930652010254562,0,3804120,"{""cache_mb"": 64, ""db_path"": "":memory:"", ""mmap_mb"": 0, ""temp_store"": ""MEMORY"", ""threads"": 1}",sqlite timed out after 0.1s
0042dc839daaf44136cdfa46ee2ca5df1f36bebb8b9ed53c6b9792dfa2d5b807,/home/timlittau/Documents/InferQ/analysis/finetuned_rdbms_162/qpy/0042dc839daaf44136cdfa46ee2ca5df1f36bebb8b9ed53c6b9792dfa2d5b807.qpy,6,76,0.997521593933925,24759,84,4,80,sqlite,small_size,1,success,0.026217204984277487,64,1550935,"{""cache_mb"": 64, ""db_path"": "":memory:"", ""mmap_mb"": 0, ""temp_store"": ""MEMORY"", ""threads"": 1}",
0042dc839daaf44136cdfa46ee2ca5df1f36bebb8b9ed53c6b9792dfa2d5b807,/home/timlittau/Documents/InferQ/analysis/finetuned_rdbms_162/qpy/0042dc839daaf44136cdfa46ee2ca5df1f36bebb8b9ed53c6b9792dfa2d5b807.qpy,6,76,0.997521593933925,24759,84,4,80,duckdb,small_size,0,timeout,0.11400360707193613,0,33193,"{""max_temp_directory_size"": ""256GB"", ""memory_limit"": ""10780MB"", ""preserve_insertion_order"": false, ""temp_directory"": ""analysis/finetuned_rdbms_162_baseline_min_floor_100ms_contraction_all_engines/tmp/small_size/duckdb"", ""threads"": 2}",duckdb timed out after 0.1s
0042dc839daaf44136cdfa46ee2ca5df1f36bebb8b9ed53c6b9792dfa2d5b807,/home/timlittau/Documents/InferQ/analysis/finetuned_rdbms_162/qpy/0042dc839daaf44136cdfa46ee2ca5df1f36bebb8b9ed53c6b9792dfa2d5b807.qpy,6,76,0.997521593933925,24759,84,4,80,duckdb,small_size,1,timeout,0.11719808308407664,0,29297,"{""max_temp_directory_size"": ""256GB"", ""memory_limit"": ""10780MB"", ""preserve_insertion_order"": false, ""temp_directory"": ""analysis/finetuned_rdbms_162_baseline_min_floor_100ms_contraction_all_engines/tmp/small_size/duckdb"", ""threads"": 2}",duckdb timed out after 0.1s
0042dc839daaf44136cdfa46ee2ca5df1f36bebb8b9ed53c6b9792dfa2d5b807,/home/timlittau/Documents/InferQ/analysis/finetuned_rdbms_162/qpy/0042dc839daaf44136cdfa46ee2ca5df1f36bebb8b9ed53c6b9792dfa2d5b807.qpy,6,76,0.997521593933925,24759,84,4,80,postgres,small_size,0,success,0.04290786408819258,64,30779,"{""effective_cache_size"": ""8GB"", ""from_collapse_limit"": 1, ""hash_mem_multiplier"": ""2.0"", ""jit"": ""off"", ""join_collapse_limit"": 1, ""max_parallel_workers_per_gather"": 4, ""temp_buffers"": ""128MB"", ""temp_file_limit"": ""-1"", ""work_mem"": ""256MB""}",
0042dc839daaf44136cdfa46ee2ca5df1f36bebb8b9ed53c6b9792dfa2d5b807,/home/timlittau/Documents/InferQ/analysis/finetuned_rdbms_162/qpy/0042dc839daaf44136cdfa46ee2ca5df1f36bebb8b9ed53c6b9792dfa2d5b807.qpy,6,76,0.997521593933925,24759,84,4,80,postgres,small_size,1,success,0.04302622191607952,64,30755,"{""effective_cache_size"": ""8GB"", ""from_collapse_limit"": 1, ""hash_mem_multiplier"": ""2.0"", ""jit"": ""off"", ""join_collapse_limit"": 1, ""max_parallel_workers_per_gather"": 4, ""temp_buffers"": ""128MB"", ""temp_file_limit"": ""-1"", ""work_mem"": ""256MB""}",
0045406d435915bf33cfa993ac98c50aae24913394498979f9a278097b0c62e8,/home/timlittau/Documents/InferQ/analysis/finetuned_rdbms_162/qpy/0045406d435915bf33cfa993ac98c50aae24913394498979f9a278097b0c62e8.qpy,6,23,0.3418287900276482,8678,32,5,27,sqlite,small_size,0,success,0.004371121060103178,64,5295,"{""cache_mb"": 64, ""db_path"": "":memory:"", ""mmap_mb"": 0, ""temp_store"": ""MEMORY"", ""threads"": 1}",
0045406d435915bf33cfa993ac98c50aae24913394498979f9a278097b0c62e8,/home/timlittau/Documents/InferQ/analysis/finetuned_rdbms_162/qpy/0045406d435915bf33cfa993ac98c50aae24913394498979f9a278097b0c62e8.qpy,6,23,0.3418287900276482,8678,32,5,27,sqlite,small_size,1,success,0.0037675208877772093,64,4551,"{""cache_mb"": 64, ""db_path"": "":memory:"", ""mmap_mb"": 0, ""temp_store"": ""MEMORY"", ""threads"": 1}",
0045406d435915bf33cfa993ac98c50aae24913394498979f9a278097b0c62e8,/home/timlittau/Documents/InferQ/analysis/finetuned_rdbms_162/qpy/0045406d435915bf33cfa993ac98c50aae24913394498979f9a278097b0c62e8.qpy,6,23,0.3418287900276482,8678,32,5,27,duckdb,small_size,0,success,0.03922679694369435,64,12720,"{""max_temp_directory_size"": ""256GB"", ""memory_limit"": ""10780MB"", ""preserve_insertion_order"": false, ""temp_directory"": ""analysis/finetuned_rdbms_162_baseline_min_floor_100ms_contraction_all_engines/tmp/small_size/duckdb"", ""threads"": 2}",
0045406d435915bf33cfa993ac98c50aae24913394498979f9a278097b0c62e8,/home/timlittau/Documents/InferQ/analysis/finetuned_rdbms_162/qpy/0045406d435915bf33cfa993ac98c50aae24913394498979f9a278097b0c62e8.qpy,6,23,0.3418287900276482,8678,32,5,27,duckdb,small_size,1,success,0.03986367001198232,64,13606,"{""max_temp_directory_size"": ""256GB"", ""memory_limit"": ""10780MB"", ""preserve_insertion_order"": false, ""temp_directory"": ""analysis/finetuned_rdbms_162_baseline_min_floor_100ms_contraction_all_engines/tmp/small_size/duckdb"", ""threads"": 2}",
0045406d435915bf33cfa993ac98c50aae24913394498979f9a278097b0c62e8,/home/timlittau/Documents/InferQ/analysis/finetuned_rdbms_162/qpy/0045406d435915bf33cfa993ac98c50aae24913394498979f9a278097b0c62e8.qpy,6,23,0.3418287900276482,8678,32,5,27,postgres,small_size,0,success,0.00831243908032775,64,14673,"{""effective_cache_size"": ""8GB"", ""from_collapse_limit"": 1, ""hash_mem_multiplier"": ""2.0"", ""jit"": ""off"", ""join_collapse_limit"": 1, ""max_parallel_workers_per_gather"": 4, ""temp_buffers"": ""128MB"", ""temp_file_limit"": ""-1"", ""work_mem"": ""256MB""}",
0045406d435915bf33cfa993ac98c50aae24913394498979f9a278097b0c62e8,/home/timlittau/Documents/InferQ/analysis/finetuned_rdbms_162/qpy/0045406d435915bf33cfa993ac98c50aae24913394498979f9a278097b0c62e8.qpy,6,23,0.3418287900276482,8678,32,5,27,postgres,small_size,1,success,0.008163320133462548,64,14673,"{""effective_cache_size"": ""8GB"", ""from_collapse_limit"": 1, ""hash_mem_multiplier"": ""2.0"", ""jit"": ""off"", ""join_collapse_limit"": 1, ""max_parallel_workers_per_gather"": 4, ""temp_buffers"": ""128MB"", ""temp_file_limit"": ""-1"", ""work_mem"": ""256MB""}",
00459eccd8995ada0dde991f94899a176decef34d3c58eb1a6b26aaa0cc895f7,/home/timlittau/Documents/InferQ/analysis/finetuned_rdbms_162/qpy/00459eccd8995ada0dde991f94899a176decef34d3c58eb1a6b26aaa0cc895f7.qpy,10,37,0.8449530829675496,13478,49,4,45,sqlite,large_size,0,success,0.01929028402082622,1024,58783,"{""cache_mb"": 128, ""db_path"": ""analysis/finetuned_rdbms_162_baseline_min_floor_100ms_contraction_all_engines/tmp/large_size/sqlite/bench.db"", ""mmap_mb"": 128, ""temp_store"": ""MEMORY"", ""threads"": 1}",
00459eccd8995ada0dde991f94899a176decef34d3c58eb1a6b26aaa0cc895f7,/home/timlittau/Documents/InferQ/analysis/finetuned_rdbms_162/qpy/00459eccd8995ada0dde991f94899a176decef34d3c58eb1a6b26aaa0cc895f7.qpy,10,37,0.8449530829675496,13478,49,4,45,sqlite,large_size,1,success,0.019621070008724928,1024,58783,"{""cache_mb"": 128, ""db_path"": ""analysis/finetuned_rdbms_162_baseline_min_floor_100ms_contraction_all_engines/tmp/large_size/sqlite/bench.db"", ""mmap_mb"": 128, ""temp_store"": ""MEMORY"", ""threads"": 1}",
00459eccd8995ada0dde991f94899a176decef34d3c58eb1a6b26aaa0cc895f7,/home/timlittau/Documents/InferQ/analysis/finetuned_rdbms_162/qpy/00459eccd8995ada0dde991f94899a176decef34d3c58eb1a6b26aaa0cc895f7.qpy,10,37,0.8449530829675496,13478,49,4,45,duckdb,large_size,0,timeout,0.1119597798679024,0,17364,"{""max_temp_directory_size"": ""128GB"", ""memory_limit"": ""7409MB"", ""preserve_insertion_order"": true, ""temp_directory"": ""analysis/finetuned_rdbms_162_baseline_min_floor_100ms_contraction_all_engines/tmp/large_size/duckdb"", ""threads"": 1}",duckdb timed out after 0.1s
00459eccd8995ada0dde991f94899a176decef34d3c58eb1a6b26aaa0cc895f7,/home/timlittau/Documents/InferQ/analysis/finetuned_rdbms_162/qpy/00459eccd8995ada0dde991f94899a176decef34d3c58eb1a6b26aaa0cc895f7.qpy,10,37,0.8449530829675496,13478,49,4,45,duckdb,large_size,1,timeout,0.11104782996699214,0,17490,"{""max_temp_directory_size"": ""128GB"", ""memory_limit"": ""7409MB"", ""preserve_insertion_order"": true, ""temp_directory"": ""analysis/finetuned_rdbms_162_baseline_min_floor_100ms_contraction_all_engines/tmp/large_size/duckdb"", ""threads"": 1}",duckdb timed out after 0.1s
00459eccd8995ada0dde991f94899a176decef34d3c58eb1a6b26aaa0cc895f7,/home/timlittau/Documents/InferQ/analysis/finetuned_rdbms_162/qpy/00459eccd8995ada0dde991f94899a176decef34d3c58eb1a6b26aaa0cc895f7.qpy,10,37,0.8449530829675496,13478,49,4,45,postgres,large_size,0,success,0.03504340210929513,1024,2041650,"{""effective_cache_size"": ""2GB"", ""from_collapse_limit"": 1, ""hash_mem_multiplier"": ""1.94"", ""jit"": ""off"", ""join_collapse_limit"": 4, ""max_parallel_workers_per_gather"": 0, ""temp_buffers"": ""65MB"", ""temp_file_limit"": ""-1"", ""work_mem"": ""55MB""}",
00459eccd8995ada0dde991f94899a176decef34d3c58eb1a6b26aaa0cc895f7,/home/timlittau/Documents/InferQ/analysis/finetuned_rdbms_162/qpy/00459eccd8995ada0dde991f94899a176decef34d3c58eb1a6b26aaa0cc895f7.qpy,10,37,0.8449530829675496,13478,49,4,45,postgres,large_size,1,success,0.03505931003019214,1024,2643778,"{""effective_cache_size"": ""2GB"", ""from_collapse_limit"": 1, ""hash_mem_multiplier"": ""1.94"", ""jit"": ""off"", ""join_collapse_limit"": 4, ""max_parallel_workers_per_gather"": 0, ""temp_buffers"": ""65MB"", ""temp_file_limit"": ""-1"", ""work_mem"": ""55MB""}",
004af3a16432f56e79f4200efdbc91db080bdb5e6c0c08c485377c67a922d4fe,/home/timlittau/Documents/InferQ/analysis/finetuned_rdbms_162/qpy/004af3a16432f56e79f4200efdbc91db080bdb5e6c0c08c485377c67a922d4fe.qpy,11,40,0.9378479048609734,14418,53,4,49,sqlite,large_size,0,success,0.07047727098688483,2048,1555293,"{""cache_mb"": 128, ""db_path"": ""analysis/finetuned_rdbms_162_baseline_min_floor_100ms_contraction_all_engines/tmp/large_size/sqlite/bench.db"", ""mmap_mb"": 128, ""temp_store"": ""MEMORY"", ""threads"": 1}",
004af3a16432f56e79f4200efdbc91db080bdb5e6c0c08c485377c67a922d4fe,/home/timlittau/Documents/InferQ/analysis/finetuned_rdbms_162/qpy/004af3a16432f56e79f4200efdbc91db080bdb5e6c0c08c485377c67a922d4fe.qpy,11,40,0.9378479048609734,14418,53,4,49,sqlite,large_size,1,success,0.022168248193338513,2048,124367,"{""cache_mb"": 128, ""db_path"": ""analysis/finetuned_rdbms_162_baseline_min_floor_100ms_contraction_all_engines/tmp/large_size/sqlite/bench.db"", ""mmap_mb"": 128, ""temp_store"": ""MEMORY"", ""threads"": 1}",
004af3a16432f56e79f4200efdbc91db080bdb5e6c0c08c485377c67a922d4fe,/home/timlittau/Documents/InferQ/analysis/finetuned_rdbms_162/qpy/004af3a16432f56e79f4200efdbc91db080bdb5e6c0c08c485377c67a922d4fe.qpy,11,40,0.9378479048609734,14418,53,4,49,duckdb,large_size,0,timeout,0.1083001559600234,0,18800,"{""max_temp_directory_size"": ""128GB"", ""memory_limit"": ""7409MB"", ""preserve_insertion_order"": true, ""temp_directory"": ""analysis/finetuned_rdbms_162_baseline_min_floor_100ms_contraction_all_engines/tmp/large_size/duckdb"", ""threads"": 1}",duckdb timed out after 0.1s
004af3a16432f56e79f4200efdbc91db080bdb5e6c0c08c485377c67a922d4fe,/home/timlittau/Documents/InferQ/analysis/finetuned_rdbms_162/qpy/004af3a16432f56e79f4200efdbc91db080bdb5e6c0c08c485377c67a922d4fe.qpy,11,40,0.9378479048609734,14418,53,4,49,duckdb,large_size,1,timeout,0.10920492792502046,0,19484,"{""max_temp_directory_size"": ""128GB"", ""memory_limit"": ""7409MB"", ""preserve_insertion_order"": true, ""temp_directory"": ""analysis/finetuned_rdbms_162_baseline_min_floor_100ms_contraction_all_engines/tmp/large_size/duckdb"", ""threads"": 1}",duckdb timed out after 0.1s
004af3a16432f56e79f4200efdbc91db080bdb5e6c0c08c485377c67a922d4fe,/home/timlittau/Documents/InferQ/analysis/finetuned_rdbms_162/qpy/004af3a16432f56e79f4200efdbc91db080bdb5e6c0c08c485377c67a922d4fe.qpy,11,40,0.9378479048609734,14418,53,4,49,postgres,large_size,0,success,0.03851513518020511,2048,140292,"{""effective_cache_size"": ""2GB"", ""from_collapse_limit"": 1, ""hash_mem_multiplier"": ""1.94"", ""jit"": ""off"", ""join_collapse_limit"": 4, ""max_parallel_workers_per_gather"": 0, ""temp_buffers"": ""65MB"", ""temp_file_limit"": ""-1"", ""work_mem"": ""55MB""}",
004af3a16432f56e79f4200efdbc91db080bdb5e6c0c08c485377c67a922d4fe,/home/timlittau/Documents/InferQ/analysis/finetuned_rdbms_162/qpy/004af3a16432f56e79f4200efdbc91db080bdb5e6c0c08c485377c67a922d4fe.qpy,11,40,0.9378479048609734,14418,53,4,49,postgres,large_size,1,success,0.028994224965572357,2048,139158,"{""effective_cache_size"": ""2GB"", ""from_collapse_limit"": 1, ""hash_mem_multiplier"": ""1.94"", ""jit"": ""off"", ""join_collapse_limit"": 4, ""max_parallel_workers_per_gather"": 0, ""temp_buffers"": ""65MB"", ""temp_file_limit"": ""-1"", ""work_mem"": ""55MB""}",
004bfbf89ef4470353c265467c718360ebe18f71120f74e9c4f8e9746f9a71a5,/home/timlittau/Documents/InferQ/analysis/finetuned_rdbms_162/qpy/004bfbf89ef4470353c265467c718360ebe18f71120f74e9c4f8e9746f9a71a5.qpy,10,70,0.8433477329090238,24748,83,5,78,sqlite,small_size,0,timeout,0.10235636401921511,0,3704,"{""cache_mb"": 64, ""db_path"": "":memory:"", ""mmap_mb"": 0, ""temp_store"": ""MEMORY"", ""threads"": 1}",sqlite timed out after 0.1s
004bfbf89ef4470353c265467c718360ebe18f71120f74e9c4f8e9746f9a71a5,/home/timlittau/Documents/InferQ/analysis/finetuned_rdbms_162/qpy/004bfbf89ef4470353c265467c718360ebe18f71120f74e9c4f8e9746f9a71a5.qpy,10,70,0.8433477329090238,24748,83,5,78,sqlite,small_size,1,timeout,0.10106061003170907,0,9203,"{""cache_mb"": 64, ""db_path"": "":memory:"", ""mmap_mb"": 0, ""temp_store"": ""MEMORY"", ""threads"": 1}",sqlite timed out after 0.1s
004bfbf89ef4470353c265467c718360ebe18f71120f74e9c4f8e9746f9a71a5,/home/timlittau/Documents/InferQ/analysis/finetuned_rdbms_162/qpy/004bfbf89ef4470353c265467c718360ebe18f71120f74e9c4f8e9746f9a71a5.qpy,10,70,0.8433477329090238,24748,83,5,78,duckdb,small_size,0,timeout,0.10846014181151986,0,59611,"{""max_temp_directory_size"": ""256GB"", ""memory_limit"": ""10780MB"", ""preserve_insertion_order"": false, ""temp_directory"": ""analysis/finetuned_rdbms_162_baseline_min_floor_100ms_contraction_all_engines/tmp/small_size/duckdb"", ""threads"": 2}",duckdb timed out after 0.1s
004bfbf89ef4470353c265467c718360ebe18f71120f74e9c4f8e9746f9a71a5,/home/timlittau/Documents/InferQ/analysis/finetuned_rdbms_162/qpy/004bfbf89ef4470353c265467c718360ebe18f71120f74e9c4f8e9746f9a71a5.qpy,10,70,0.8433477329090238,24748,83,5,78,duckdb,small_size,1,timeout,0.11256962292827666,0,28572,"{""max_temp_directory_size"": ""256GB"", ""memory_limit"": ""10780MB"", ""preserve_insertion_order"": false, ""temp_directory"": ""analysis/finetuned_rdbms_162_baseline_min_floor_100ms_contraction_all_engines/tmp/small_size/duckdb"", ""threads"": 2}",duckdb timed out after 0.1s
004bfbf89ef4470353c265467c718360ebe18f71120f74e9c4f8e9746f9a71a5,/home/timlittau/Documents/InferQ/analysis/finetuned_rdbms_162/qpy/004bfbf89ef4470353c265467c718360ebe18f71120f74e9c4f8e9746f9a71a5.qpy,10,70,0.8433477329090238,24748,83,5,78,postgres,small_size,0,timeout,0.10792836197651923,0,30602,"{""effective_cache_size"": ""8GB"", ""from_collapse_limit"": 1, ""hash_mem_multiplier"": ""2.0"", ""jit"": ""off"", ""join_collapse_limit"": 1, ""max_parallel_workers_per_gather"": 4, ""temp_buffers"": ""128MB"", ""temp_file_limit"": ""-1"", ""work_mem"": ""256MB""}",postgres timed out after 0.1s
004bfbf89ef4470353c265467c718360ebe18f71120f74e9c4f8e9746f9a71a5,/home/timlittau/Documents/InferQ/analysis/finetuned_rdbms_162/qpy/004bfbf89ef4470353c265467c718360ebe18f71120f74e9c4f8e9746f9a71a5.qpy,10,70,0.8433477329090238,24748,83,5,78,postgres,small_size,1,timeout,0.10745909507386386,0,30602,"{""effective_cache_size"": ""8GB"", ""from_collapse_limit"": 1, ""hash_mem_multiplier"": ""2.0"", ""jit"": ""off"", ""join_collapse_limit"": 1, ""max_parallel_workers_per_gather"": 4, ""temp_buffers"": ""128MB"", ""temp_file_limit"": ""-1"", ""work_mem"": ""256MB""}",postgres timed out after 0.1s
00551435ffa5cf6c1cd146fced08c4e6d1ba76accde83bba0f24f2ade5d8aa3c,/home/timlittau/Documents/InferQ/analysis/finetuned_rdbms_162/qpy/00551435ffa5cf6c1cd146fced08c4e6d1ba76accde83bba0f24f2ade5d8aa3c.qpy,11,92,1.1399595011025667,30173,107,6,101,sqlite,large_size,0,success,0.06809711293317378,2048,124367,"{""cache_mb"": 128, ""db_path"": ""analysis/finetuned_rdbms_162_baseline_min_floor_100ms_contraction_all_engines/tmp/large_size/sqlite/bench.db"", ""mmap_mb"": 128, ""temp_store"": ""MEMORY"", ""threads"": 1}",
00551435ffa5cf6c1cd146fced08c4e6d1ba76accde83bba0f24f2ade5d8aa3c,/home/timlittau/Documents/InferQ/analysis/finetuned_rdbms_162/qpy/00551435ffa5cf6c1cd146fced08c4e6d1ba76accde83bba0f24f2ade5d8aa3c.qpy,11,92,1.1399595011025667,30173,107,6,101,sqlite,large_size,1,success,0.06617726990953088,2048,124367,"{""cache_mb"": 128, ""db_path"": ""analysis/finetuned_rdbms_162_baseline_min_floor_100ms_contraction_all_engines/tmp/large_size/sqlite/bench.db"", ""mmap_mb"": 128, ""temp_store"": ""MEMORY"", ""threads"": 1}",
00551435ffa5cf6c1cd146fced08c4e6d1ba76accde83bba0f24f2ade5d8aa3c,/home/timlittau/Documents/InferQ/analysis/finetuned_rdbms_162/qpy/00551435ffa5cf6c1cd146fced08c4e6d1ba76accde83bba0f24f2ade5d8aa3c.qpy,11,92,1.1399595011025667,30173,107,6,101,duckdb,large_size,0,timeout,0.11224758299067616,0,33967,"{""max_temp_directory_size"": ""128GB"", ""memory_limit"": ""7409MB"", ""preserve_insertion_order"": true, ""temp_directory"": ""analysis/finetuned_rdbms_162_baseline_min_floor_100ms_contraction_all_engines/tmp/large_size/duckdb"", ""threads"": 1}",duckdb timed out after 0.1s
00551435ffa5cf6c1cd146fced08c4e6d1ba76accde83bba0f24f2ade5d8aa3c,/home/timlittau/Documents/InferQ/analysis/finetuned_rdbms_162/qpy/00551435ffa5cf6c1cd146fced08c4e6d1ba76accde83bba0f24f2ade5d8aa3c.qpy,11,92,1.1399595011025667,30173,107,6,101,duckdb,large_size,1,timeout,0.1104680229909718,0,34029,"{""max_temp_directory_size"": ""128GB"", ""memory_limit"": ""7409MB"", ""preserve_insertion_order"": true, ""temp_directory"": ""analysis/finetuned_rdbms_162_baseline_min_floor_100ms_contraction_all_engines/tmp/large_size/duckdb"", ""threads"": 1}",duckdb timed out after 0.1s
00551435ffa5cf6c1cd146fced08c4e6d1ba76accde83bba0f24f2ade5d8aa3c,/home/timlittau/Documents/InferQ/analysis/finetuned_rdbms_162/qpy/00551435ffa5cf6c1cd146fced08c4e6d1ba76accde83bba0f24f2ade5d8aa3c.qpy,11,92,1.1399595011025667,30173,107,6,101,postgres,large_size,0,timeout,0.10791863803751767,0,38075,"{""effective_cache_size"": ""2GB"", ""from_collapse_limit"": 1, ""hash_mem_multiplier"": ""1.94"", ""jit"": ""off"", ""join_collapse_limit"": 4, ""max_parallel_workers_per_gather"": 0, ""temp_buffers"": ""65MB"", ""temp_file_limit"": ""-1"", ""work_mem"": ""55MB""}",postgres timed out after 0.1s
00551435ffa5cf6c1cd146fced08c4e6d1ba76accde83bba0f24f2ade5d8aa3c,/home/timlittau/Documents/InferQ/analysis/finetuned_rdbms_162/qpy/00551435ffa5cf6c1cd146fced08c4e6d1ba76accde83bba0f24f2ade5d8aa3c.qpy,11,92,1.1399595011025667,30173,107,6,101,postgres,large_size,1,timeout,0.10745721403509378,0,36027,"{""effective_cache_size"": ""2GB"", ""from_collapse_limit"": 1, ""hash_mem_multiplier"": ""1.94"", ""jit"": ""off"", ""join_collapse_limit"": 4, ""max_parallel_workers_per_gather"": 0, ""temp_buffers"": ""65MB"", ""temp_file_limit"": ""-1"", ""work_mem"": ""55MB""}",postgres timed out after 0.1s
0059f03076c236ff6c366e43f5e73b0aaae01886cbefc4c251a51ce1bb452d95,/home/timlittau/Documents/InferQ/analysis/finetuned_rdbms_162/qpy/0059f03076c236ff6c366e43f5e73b0aaae01886cbefc4c251a51ce1bb452d95.qpy,15,45,0.815510381013155,16833,63,5,58,sqlite,small_size,0,success,0.0077295368537306786,8,3807,"{""cache_mb"": 64, ""db_path"": "":memory:"", ""mmap_mb"": 0, ""temp_store"": ""MEMORY"", ""threads"": 1}",
0059f03076c236ff6c366e43f5e73b0aaae01886cbefc4c251a51ce1bb452d95,/home/timlittau/Documents/InferQ/analysis/finetuned_rdbms_162/qpy/0059f03076c236ff6c366e43f5e73b0aaae01886cbefc4c251a51ce1bb452d95.qpy,15,45,0.815510381013155,16833,63,5,58,sqlite,small_size,1,success,0.007467144867405295,8,3807,"{""cache_mb"": 64, ""db_path"": "":memory:"", ""mmap_mb"": 0, ""temp_store"": ""MEMORY"", ""threads"": 1}",
0059f03076c236ff6c366e43f5e73b0aaae01886cbefc4c251a51ce1bb452d95,/home/timlittau/Documents/InferQ/analysis/finetuned_rdbms_162/qpy/0059f03076c236ff6c366e43f5e73b0aaae01886cbefc4c251a51ce1bb452d95.qpy,15,45,0.815510381013155,16833,63,5,58,duckdb,small_size,0,timeout,0.11380330100655556,0,56276,"{""max_temp_directory_size"": ""256GB"", ""memory_limit"": ""10780MB"", ""preserve_insertion_order"": false, ""temp_directory"": ""analysis/finetuned_rdbms_162_baseline_min_floor_100ms_contraction_all_engines/tmp/small_size/duckdb"", ""threads"": 2}",duckdb timed out after 0.1s
0059f03076c236ff6c366e43f5e73b0aaae01886cbefc4c251a51ce1bb452d95,/home/timlittau/Documents/InferQ/analysis/finetuned_rdbms_162/qpy/0059f03076c236ff6c366e43f5e73b0aaae01886cbefc4c251a51ce1bb452d95.qpy,15,45,0.815510381013155,16833,63,5,58,duckdb,small_size,1,timeout,0.11058533797040582,0,21003,"{""max_temp_directory_size"": ""256GB"", ""memory_limit"": ""10780MB"", ""preserve_insertion_order"": false, ""temp_directory"": ""analysis/finetuned_rdbms_162_baseline_min_floor_100ms_contraction_all_engines/tmp/small_size/duckdb"", ""threads"": 2}",duckdb timed out after 0.1s
0059f03076c236ff6c366e43f5e73b0aaae01886cbefc4c251a51ce1bb452d95,/home/timlittau/Documents/InferQ/analysis/finetuned_rdbms_162/qpy/0059f03076c236ff6c366e43f5e73b0aaae01886cbefc4c251a51ce1bb452d95.qpy,15,45,0.815510381013155,16833,63,5,58,postgres,small_size,0,success,0.02057803003117442,8,22421,"{""effective_cache_size"": ""8GB"", ""from_collapse_limit"": 1, ""hash_mem_multiplier"": ""2.0"", ""jit"": ""off"", ""join_collapse_limit"": 1, ""max_parallel_workers_per_gather"": 4, ""temp_buffers"": ""128MB"", ""temp_file_limit"": ""-1"", ""work_mem"": ""256MB""}",
0059f03076c236ff6c366e43f5e73b0aaae01886cbefc4c251a51ce1bb452d95,/home/timlittau/Documents/InferQ/analysis/finetuned_rdbms_162/qpy/0059f03076c236ff6c366e43f5e73b0aaae01886cbefc4c251a51ce1bb452d95.qpy,15,45,0.815510381013155,16833,63,5,58,postgres,small_size,1,success,0.02046787808649242,8,22470,"{""effective_cache_size"": ""8GB"", ""from_collapse_limit"": 1, ""hash_mem_multiplier"": ""2.0"", ""jit"": ""off"", ""join_collapse_limit"": 1, ""max_parallel_workers_per_gather"": 4, ""temp_buffers"": ""128MB"", ""temp_file_limit"": ""-1"", ""work_mem"": ""256MB""}",
005a5c4576e604e095b79fbc71dc7ae56d454a51bd65b54fbd47e1dd7dd1869f,/home/timlittau/Documents/InferQ/analysis/finetuned_rdbms_162/qpy/005a5c4576e604e095b79fbc71dc7ae56d454a51bd65b54fbd47e1dd7dd1869f.qpy,15,28,0.5367565439082682,12250,46,5,41,sqlite,large_size,0,success,0.019461345858871937,1024,58783,"{""cache_mb"": 128, ""db_path"": ""analysis/finetuned_rdbms_162_baseline_min_floor_100ms_contraction_all_engines/tmp/large_size/sqlite/bench.db"", ""mmap_mb"": 128, ""temp_store"": ""MEMORY"", ""threads"": 1}",
005a5c4576e604e095b79fbc71dc7ae56d454a51bd65b54fbd47e1dd7dd1869f,/home/timlittau/Documents/InferQ/analysis/finetuned_rdbms_162/qpy/005a5c4576e604e095b79fbc71dc7ae56d454a51bd65b54fbd47e1dd7dd1869f.qpy,15,28,0.5367565439082682,12250,46,5,41,sqlite,large_size,1,success,0.019205749966204166,1024,58783,"{""cache_mb"": 128, ""db_path"": ""analysis/finetuned_rdbms_162_baseline_min_floor_100ms_contraction_all_engines/tmp/large_size/sqlite/bench.db"", ""mmap_mb"": 128, ""temp_store"": ""MEMORY"", ""threads"": 1}",
005a5c4576e604e095b79fbc71dc7ae56d454a51bd65b54fbd47e1dd7dd1869f,/home/timlittau/Documents/InferQ/analysis/finetuned_rdbms_162/qpy/005a5c4576e604e095b79fbc71dc7ae56d454a51bd65b54fbd47e1dd7dd1869f.qpy,15,28,0.5367565439082682,12250,46,5,41,duckdb,large_size,0,success,0.06107222684659064,1024,59901,"{""max_temp_directory_size"": ""128GB"", ""memory_limit"": ""7409MB"", ""preserve_insertion_order"": true, ""temp_directory"": ""analysis/finetuned_rdbms_162_baseline_min_floor_100ms_contraction_all_engines/tmp/large_size/duckdb"", ""threads"": 1}",
005a5c4576e604e095b79fbc71dc7ae56d454a51bd65b54fbd47e1dd7dd1869f,/home/timlittau/Documents/InferQ/analysis/finetuned_rdbms_162/qpy/005a5c4576e604e095b79fbc71dc7ae56d454a51bd65b54fbd47e1dd7dd1869f.qpy,15,28,0.5367565439082682,12250,46,5,41,duckdb,large_size,1,success,0.08396675693802536,1024,59737,"{""max_temp_directory_size"": ""128GB"", ""memory_limit"": ""7409MB"", ""preserve_insertion_order"": true, ""temp_directory"": ""analysis/finetuned_rdbms_162_baseline_min_floor_100ms_contraction_all_engines/tmp/large_size/duckdb"", ""threads"": 1}",
005a5c4576e604e095b79fbc71dc7ae56d454a51bd65b54fbd47e1dd7dd1869f,/home/timlittau/Documents/InferQ/analysis/finetuned_rdbms_162/qpy/005a5c4576e604e095b79fbc71dc7ae56d454a51bd65b54fbd47e1dd7dd1869f.qpy,15,28,0.5367565439082682,12250,46,5,41,postgres,large_size,0,success,0.03019952611066401,1024,72899,"{""effective_cache_size"": ""2GB"", ""from_collapse_limit"": 1, ""hash_mem_multiplier"": ""1.94"", ""jit"": ""off"", ""join_collapse_limit"": 4, ""max_parallel_workers_per_gather"": 0, ""temp_buffers"": ""65MB"", ""temp_file_limit"": ""-1"", ""work_mem"": ""55MB""}",
005a5c4576e604e095b79fbc71dc7ae56d454a51bd65b54fbd47e1dd7dd1869f,/home/timlittau/Documents/InferQ/analysis/finetuned_rdbms_162/qpy/005a5c4576e604e095b79fbc71dc7ae56d454a51bd65b54fbd47e1dd7dd1869f.qpy,15,28,0.5367565439082682,12250,46,5,41,postgres,large_size,1,success,0.029956758953630924,1024,72803,"{""effective_cache_size"": ""2GB"", ""from_collapse_limit"": 1, ""hash_mem_multiplier"": ""1.94"", ""jit"": ""off"", ""join_collapse_limit"": 4, ""max_parallel_workers_per_gather"": 0, ""temp_buffers"": ""65MB"", ""temp_file_limit"": ""-1"", ""work_mem"": ""55MB""}",
005b20c41364bf0803efa5b9803543df3d925c35db044c5c663faacd480632b8,/home/timlittau/Documents/InferQ/analysis/finetuned_rdbms_162/qpy/005b20c41364bf0803efa5b9803543df3d925c35db044c5c663faacd480632b8.qpy,12,71,1.3901774410624057,24558,86,5,81,sqlite,small_size,0,success,0.015529364114627242,32,3807,"{""cache_mb"": 64, ""db_path"": "":memory:"", ""mmap_mb"": 0, ""temp_store"": ""MEMORY"", ""threads"": 1}",
005b20c41364bf0803efa5b9803543df3d925c35db044c5c663faacd480632b8,/home/timlittau/Documents/InferQ/analysis/finetuned_rdbms_162/qpy/005b20c41364bf0803efa5b9803543df3d925c35db044c5c663faacd480632b8.qpy,12,71,1.3901774410624057,24558,86,5,81,sqlite,small_size,1,success,0.014688239898532629,32,3807,"{""cache_mb"": 64, ""db_path"": "":memory:"", ""mmap_mb"": 0, ""temp_store"": ""MEMORY"", ""threads"": 1}",
005b20c41364bf0803efa5b9803543df3d925c35db044c5c663faacd480632b8,/home/timlittau/Documents/InferQ/analysis/finetuned_rdbms_162/qpy/005b20c41364bf0803efa5b9803543df3d925c35db044c5c663faacd480632b8.qpy,12,71,1.3901774410624057,24558,86,5,81,duckdb,small_size,0,timeout,0.1123783818911761,0,28538,"{""max_temp_directory_size"": ""256GB"", ""memory_limit"": ""10780MB"", ""preserve_insertion_order"": false, ""temp_directory"": ""analysis/finetuned_rdbms_162_baseline_min_floor_100ms_contraction_all_engines/tmp/small_size/duckdb"", ""threads"": 2}",duckdb timed out after 0.1s
005b20c41364bf0803efa5b9803543df3d925c35db044c5c663faacd480632b8,/home/timlittau/Documents/InferQ/analysis/finetuned_rdbms_162/qpy/005b20c41364bf0803efa5b9803543df3d925c35db044c5c663faacd480632b8.qpy,12,71,1.3901774410624057,24558,86,5,81,duckdb,small_size,1,timeout,0.11157668009400368,0,28506,"{""max_temp_directory_size"": ""256GB"", ""memory_limit"": ""10780MB"", ""preserve_insertion_order"": false, ""temp_directory"": ""analysis/finetuned_rdbms_162_baseline_min_floor_100ms_contraction_all_engines/tmp/small_size/duckdb"", ""threads"": 2}",duckdb timed out after 0.1s
005b20c41364bf0803efa5b9803543df3d925c35db044c5c663faacd480632b8,/home/timlittau/Documents/InferQ/analysis/finetuned_rdbms_162/qpy/005b20c41364bf0803efa5b9803543df3d925c35db044c5c663faacd480632b8.qpy,12,71,1.3901774410624057,24558,86,5,81,postgres,small_size,0,success,0.03548199194483459,32,30106,"{""effective_cache_size"": ""8GB"", ""from_collapse_limit"": 1, ""hash_mem_multiplier"": ""2.0"", ""jit"": ""off"", ""join_collapse_limit"": 1, ""max_parallel_workers_per_gather"": 4, ""temp_buffers"": ""128MB"", ""temp_file_limit"": ""-1"", ""work_mem"": ""256MB""}",
005b20c41364bf0803efa5b9803543df3d925c35db044c5c663faacd480632b8,/home/timlittau/Documents/InferQ/analysis/finetuned_rdbms_162/qpy/005b20c41364bf0803efa5b9803543df3d925c35db044c5c663faacd480632b8.qpy,12,71,1.3901774410624057,24558,86,5,81,postgres,small_size,1,success,0.03488590894266963,32,30106,"{""effective_cache_size"": ""8GB"", ""from_collapse_limit"": 1, ""hash_mem_multiplier"": ""2.0"", ""jit"": ""off"", ""join_collapse_limit"": 1, ""max_parallel_workers_per_gather"": 4, ""temp_buffers"": ""128MB"", ""temp_file_limit"": ""-1"", ""work_mem"": ""256MB""}",
005e45e1132d99187ab4bc10d83a173ebb9c158af3dbc1e79058f0118f315f3a,/home/timlittau/Documents/InferQ/analysis/finetuned_rdbms_162/qpy/005e45e1132d99187ab4bc10d83a173ebb9c158af3dbc1e79058f0118f315f3a.qpy,5,41,0.6684942829888314,13996,49,5,44,sqlite,small_size,0,success,0.008563051000237465,32,3807,"{""cache_mb"": 64, ""db_path"": "":memory:"", ""mmap_mb"": 0, ""temp_store"": ""MEMORY"", ""threads"": 1}",
005e45e1132d99187ab4bc10d83a173ebb9c158af3dbc1e79058f0118f315f3a,/home/timlittau/Documents/InferQ/analysis/finetuned_rdbms_162/qpy/005e45e1132d99187ab4bc10d83a173ebb9c158af3dbc1e79058f0118f315f3a.qpy,5,41,0.6684942829888314,13996,49,5,44,sqlite,small_size,1,success,0.007761284941807389,32,3807,"{""cache_mb"": 64, ""db_path"": "":memory:"", ""mmap_mb"": 0, ""temp_store"": ""MEMORY"", ""threads"": 1}",
005e45e1132d99187ab4bc10d83a173ebb9c158af3dbc1e79058f0118f315f3a,/home/timlittau/Documents/InferQ/analysis/finetuned_rdbms_162/qpy/005e45e1132d99187ab4bc10d83a173ebb9c158af3dbc1e79058f0118f315f3a.qpy,5,41,0.6684942829888314,13996,49,5,44,duckdb,small_size,0,timeout,0.10992709500715137,0,17820,"{""max_temp_directory_size"": ""256GB"", ""memory_limit"": ""10780MB"", ""preserve_insertion_order"": false, ""temp_directory"": ""analysis/finetuned_rdbms_162_baseline_min_floor_100ms_contraction_all_engines/tmp/small_size/duckdb"", ""threads"": 2}",duckdb timed out after 0.1s
005e45e1132d99187ab4bc10d83a173ebb9c158af3dbc1e79058f0118f315f3a,/home/timlittau/Documents/InferQ/analysis/finetuned_rdbms_162/qpy/005e45e1132d99187ab4bc10d83a173ebb9c158af3dbc1e79058f0118f315f3a.qpy,5,41,0.6684942829888314,13996,49,5,44,duckdb,small_size,1,timeout,0.11013662093318999,0,18414,"{""max_temp_directory_size"": ""256GB"", ""memory_limit"": ""10780MB"", ""preserve_insertion_order"": false, ""temp_directory"": ""analysis/finetuned_rdbms_162_baseline_min_floor_100ms_contraction_all_engines/tmp/small_size/duckdb"", ""threads"": 2}",duckdb timed out after 0.1s
005e45e1132d99187ab4bc10d83a173ebb9c158af3dbc1e79058f0118f315f3a,/home/timlittau/Documents/InferQ/analysis/finetuned_rdbms_162/qpy/005e45e1132d99187ab4bc10d83a173ebb9c158af3dbc1e79058f0118f315f3a.qpy,5,41,0.6684942829888314,13996,49,5,44,postgres,small_size,0,success,0.018112038960680366,32,18929,"{""effective_cache_size"": ""8GB"", ""from_collapse_limit"": 1, ""hash_mem_multiplier"": ""2.0"", ""jit"": ""off"", ""join_collapse_limit"": 1, ""max_parallel_workers_per_gather"": 4, ""temp_buffers"": ""128MB"", ""temp_file_limit"": ""-1"", ""work_mem"": ""256MB""}",
005e45e1132d99187ab4bc10d83a173ebb9c158af3dbc1e79058f0118f315f3a,/home/timlittau/Documents/InferQ/analysis/finetuned_rdbms_162/qpy/005e45e1132d99187ab4bc10d83a173ebb9c158af3dbc1e79058f0118f315f3a.qpy,5,41,0.6684942829888314,13996,49,5,44,postgres,small_size,1,success,0.017616541124880314,32,18929,"{""effective_cache_size"": ""8GB"", ""from_collapse_limit"": 1, ""hash_mem_multiplier"": ""2.0"", ""jit"": ""off"", ""join_collapse_limit"": 1, ""max_parallel_workers_per_gather"": 4, ""temp_buffers"": ""128MB"", ""temp_file_limit"": ""-1"", ""work_mem"": ""256MB""}",
0061cf2bab1901247dd18013215f70125f1acb02be872d20f04d4d463ab66f2a,/home/timlittau/Documents/InferQ/analysis/finetuned_rdbms_162/qpy/0061cf2bab1901247dd18013215f70125f1acb02be872d20f04d4d463ab66f2a.qpy,9,26,0.5102717359550297,9750,37,4,33,sqlite,small_size,0,success,0.009125155862420797,512,29705,"{""cache_mb"": 64, ""db_path"": "":memory:"", ""mmap_mb"": 0, ""temp_store"": ""MEMORY"", ""threads"": 1}",
0061cf2bab1901247dd18013215f70125f1acb02be872d20f04d4d463ab66f2a,/home/timlittau/Documents/InferQ/analysis/finetuned_rdbms_162/qpy/0061cf2bab1901247dd18013215f70125f1acb02be872d20f04d4d463ab66f2a.qpy,9,26,0.5102717359550297,9750,37,4,33,sqlite,small_size,1,success,0.008882810128852725,512,29705,"{""cache_mb"": 64, ""db_path"": "":memory:"", ""mmap_mb"": 0, ""temp_store"": ""MEMORY"", ""threads"": 1}",
0061cf2bab1901247dd18013215f70125f1acb02be872d20f04d4d463ab66f2a,/home/timlittau/Documents/InferQ/analysis/finetuned_rdbms_162/qpy/0061cf2bab1901247dd18013215f70125f1acb02be872d20f04d4d463ab66f2a.qpy,9,26,0.5102717359550297,9750,37,4,33,duckdb,small_size,0,timeout,0.12705198489129543,0,13730,"{""max_temp_directory_size"": ""256GB"", ""memory_limit"": ""10780MB"", ""preserve_insertion_order"": false, ""temp_directory"": ""analysis/finetuned_rdbms_162_baseline_min_floor_100ms_contraction_all_engines/tmp/small_size/duckdb"", ""threads"": 2}",duckdb timed out after 0.1s
0061cf2bab1901247dd18013215f70125f1acb02be872d20f04d4d463ab66f2a,/home/timlittau/Documents/InferQ/analysis/finetuned_rdbms_162/qpy/0061cf2bab1901247dd18013215f70125f1acb02be872d20f04d4d463ab66f2a.qpy,9,26,0.5102717359550297,9750,37,4,33,duckdb,small_size,1,timeout,0.13930626004002988,0,30295,"{""max_temp_directory_size"": ""256GB"", ""memory_limit"": ""10780MB"", ""preserve_insertion_order"": false, ""temp_directory"": ""analysis/finetuned_rdbms_162_baseline_min_floor_100ms_contraction_all_engines/tmp/small_size/duckdb"", ""threads"": 2}",duckdb timed out after 0.1s
0061cf2bab1901247dd18013215f70125f1acb02be872d20f04d4d463ab66f2a,/home/timlittau/Documents/InferQ/analysis/finetuned_rdbms_162/qpy/0061cf2bab1901247dd18013215f70125f1acb02be872d20f04d4d463ab66f2a.qpy,9,26,0.5102717359550297,9750,37,4,33,postgres,small_size,0,success,0.01588188298046589,512,41097,"{""effective_cache_size"": ""8GB"", ""from_collapse_limit"": 1, ""hash_mem_multiplier"": ""2.0"", ""jit"": ""off"", ""join_collapse_limit"": 1, ""max_parallel_workers_per_gather"": 4, ""temp_buffers"": ""128MB"", ""temp_file_limit"": ""-1"", ""work_mem"": ""256MB""}",
0061cf2bab1901247dd18013215f70125f1acb02be872d20f04d4d463ab66f2a,/home/timlittau/Documents/InferQ/analysis/finetuned_rdbms_162/qpy/0061cf2bab1901247dd18013215f70125f1acb02be872d20f04d4d463ab66f2a.qpy,9,26,0.5102717359550297,9750,37,4,33,postgres,small_size,1,success,0.016543347155675292,512,41097,"{""effective_cache_size"": ""8GB"", ""from_collapse_limit"": 1, ""hash_mem_multiplier"": ""2.0"", ""jit"": ""off"", ""join_collapse_limit"": 1, ""max_parallel_workers_per_gather"": 4, ""temp_buffers"": ""128MB"", ""temp_file_limit"": ""-1"", ""work_mem"": ""256MB""}",
0062bc540794485a854184beef847ecbe6c6d294ea06c5c478285017a3499a62,/home/timlittau/Documents/InferQ/analysis/finetuned_rdbms_162/qpy/0062bc540794485a854184beef847ecbe6c6d294ea06c5c478285017a3499a62.qpy,15,66,1.8765230989083648,23778,82,3,79,sqlite,large_size,0,timeout,0.10190833499655128,0,4008,"{""cache_mb"": 128, ""db_path"": ""analysis/finetuned_rdbms_162_baseline_min_floor_100ms_contraction_all_engines/tmp/large_size/sqlite/bench.db"", ""mmap_mb"": 128, ""temp_store"": ""MEMORY"", ""threads"": 1}",sqlite timed out after 0.1s
0062bc540794485a854184beef847ecbe6c6d294ea06c5c478285017a3499a62,/home/timlittau/Documents/InferQ/analysis/finetuned_rdbms_162/qpy/0062bc540794485a854184beef847ecbe6c6d294ea06c5c478285017a3499a62.qpy,15,66,1.8765230989083648,23778,82,3,79,sqlite,large_size,1,timeout,0.10187390795908868,0,3894,"{""cache_mb"": 128, ""db_path"": ""analysis/finetuned_rdbms_162_baseline_min_floor_100ms_contraction_all_engines/tmp/large_size/sqlite/bench.db"", ""mmap_mb"": 128, ""temp_store"": ""MEMORY"", ""threads"": 1}",sqlite timed out after 0.1s
0062bc540794485a854184beef847ecbe6c6d294ea06c5c478285017a3499a62,/home/timlittau/Documents/InferQ/analysis/finetuned_rdbms_162/qpy/0062bc540794485a854184beef847ecbe6c6d294ea06c5c478285017a3499a62.qpy,15,66,1.8765230989083648,23778,82,3,79,duckdb,large_size,0,timeout,0.11450169794261456,0,27602,"{""max_temp_directory_size"": ""128GB"", ""memory_limit"": ""7409MB"", ""preserve_insertion_order"": true, ""temp_directory"": ""analysis/finetuned_rdbms_162_baseline_min_floor_100ms_contraction_all_engines/tmp/large_size/duckdb"", ""threads"": 1}",duckdb timed out after 0.1s
0062bc540794485a854184beef847ecbe6c6d294ea06c5c478285017a3499a62,/home/timlittau/Documents/InferQ/analysis/finetuned_rdbms_162/qpy/0062bc540794485a854184beef847ecbe6c6d294ea06c5c478285017a3499a62.qpy,15,66,1.8765230989083648,23778,82,3,79,duckdb,large_size,1,timeout,0.11214556102640927,0,27540,"{""max_temp_directory_size"": ""128GB"", ""memory_limit"": ""7409MB"", ""preserve_insertion_order"": true, ""temp_directory"": ""analysis/finetuned_rdbms_162_baseline_min_floor_100ms_contraction_all_engines/tmp/large_size/duckdb"", ""threads"": 1}",duckdb timed out after 0.1s
0062bc540794485a854184beef847ecbe6c6d294ea06c5c478285017a3499a62,/home/timlittau/Documents/InferQ/analysis/finetuned_rdbms_162/qpy/0062bc540794485a854184beef847ecbe6c6d294ea06c5c478285017a3499a62.qpy,15,66,1.8765230989083648,23778,82,3,79,postgres,large_size,0,timeout,0.10778500302694738,0,30736,"{""effective_cache_size"": ""2GB"", ""from_collapse_limit"": 1, ""hash_mem_multiplier"": ""1.94"", ""jit"": ""off"", ""join_collapse_limit"": 4, ""max_parallel_workers_per_gather"": 0, ""temp_buffers"": ""65MB"", ""temp_file_limit"": ""-1"", ""work_mem"": ""55MB""}",postgres timed out after 0.1s
0062bc540794485a854184beef847ecbe6c6d294ea06c5c478285017a3499a62,/home/timlittau/Documents/InferQ/analysis/finetuned_rdbms_162/qpy/0062bc540794485a854184beef847ecbe6c6d294ea06c5c478285017a3499a62.qpy,15,66,1.8765230989083648,23778,82,3,79,postgres,large_size,1,timeout,0.10749832005240023,0,29632,"{""effective_cache_size"": ""2GB"", ""from_collapse_limit"": 1, ""hash_mem_multiplier"": ""1.94"", ""jit"": ""off"", ""join_collapse_limit"": 4, ""max_parallel_workers_per_gather"": 0, ""temp_buffers"": ""65MB"", ""temp_file_limit"": ""-1"", ""work_mem"": ""55MB""}",postgres timed out after 0.1s
0064d0f274c70b14cea167b8c8c15239376ba2764db790b7b968e7bf3008da2d,/home/timlittau/Documents/InferQ/analysis/finetuned_rdbms_162/qpy/0064d0f274c70b14cea167b8c8c15239376ba2764db790b7b968e7bf3008da2d.qpy,13,138,3.183065159013495,45040,155,6,149,sqlite,large_size,0,timeout,0.10314031783491373,0,124277,"{""cache_mb"": 128, ""db_path"": ""analysis/finetuned_rdbms_162_baseline_min_floor_100ms_contraction_all_engines/tmp/large_size/sqlite/bench.db"", ""mmap_mb"": 128, ""temp_store"": ""MEMORY"", ""threads"": 1}",sqlite timed out after 0.1s
0064d0f274c70b14cea167b8c8c15239376ba2764db790b7b968e7bf3008da2d,/home/timlittau/Documents/InferQ/analysis/finetuned_rdbms_162/qpy/0064d0f274c70b14cea167b8c8c15239376ba2764db790b7b968e7bf3008da2d.qpy,13,138,3.183065159013495,45040,155,6,149,sqlite,large_size,1,timeout,0.10366600914858282,0,3894,"{""cache_mb"": 128, ""db_path"": ""analysis/finetuned_rdbms_162_baseline_min_floor_100ms_contraction_all_engines/tmp/large_size/sqlite/bench.db"", ""mmap_mb"": 128, ""temp_store"": ""MEMORY"", ""threads"": 1}",sqlite timed out after 0.1s
0064d0f274c70b14cea167b8c8c15239376ba2764db790b7b968e7bf3008da2d,/home/timlittau/Documents/InferQ/analysis/finetuned_rdbms_162/qpy/0064d0f274c70b14cea167b8c8c15239376ba2764db790b7b968e7bf3008da2d.qpy,13,138,3.183065159013495,45040,155,6,149,duckdb,large_size,0,timeout,0.11341278022155166,0,49114,"{""max_temp_directory_size"": ""128GB"", ""memory_limit"": ""7409MB"", ""preserve_insertion_order"": true, ""temp_directory"": ""analysis/finetuned_rdbms_162_baseline_min_floor_100ms_contraction_all_engines/tmp/large_size/duckdb"", ""threads"": 1}",duckdb timed out after 0.1s
0064d0f274c70b14cea167b8c8c15239376ba2764db790b7b968e7bf3008da2d,/home/timlittau/Documents/InferQ/analysis/finetuned_rdbms_162/qpy/0064d0f274c70b14cea167b8c8c15239376ba2764db790b7b968e7bf3008da2d.qpy,13,138,3.183065159013495,45040,155,6,149,duckdb,large_size,1,timeout,0.10958770802244544,0,49114,"{""max_temp_directory_size"": ""128GB"", ""memory_limit"": ""7409MB"", ""preserve_insertion_order"": true, ""temp_directory"": ""analysis/finetuned_rdbms_162_baseline_min_floor_100ms_contraction_all_engines/tmp/large_size/duckdb"", ""threads"": 1}",duckdb timed out after 0.1s
0064d0f274c70b14cea167b8c8c15239376ba2764db790b7b968e7bf3008da2d,/home/timlittau/Documents/InferQ/analysis/finetuned_rdbms_162/qpy/0064d0f274c70b14cea167b8c8c15239376ba2764db790b7b968e7bf3008da2d.qpy,13,138,3.183065159013495,45040,155,6,149,postgres,large_size,0,timeout,0.10890488093718886,0,50894,"{""effective_cache_size"": ""2GB"", ""from_collapse_limit"": 1, ""hash_mem_multiplier"": ""1.94"", ""jit"": ""off"", ""join_collapse_limit"": 4, ""max_parallel_workers_per_gather"": 0, ""temp_buffers"": ""65MB"", ""temp_file_limit"": ""-1"", ""work_mem"": ""55MB""}",postgres timed out after 0.1s
0064d0f274c70b14cea167b8c8c15239376ba2764db790b7b968e7bf3008da2d,/home/timlittau/Documents/InferQ/analysis/finetuned_rdbms_162/qpy/0064d0f274c70b14cea167b8c8c15239376ba2764db790b7b968e7bf3008da2d.qpy,13,138,3.183065159013495,45040,155,6,149,postgres,large_size,1,timeout,0.10828152997419238,0,50894,"{""effective_cache_size"": ""2GB"", ""from_collapse_limit"": 1, ""hash_mem_multiplier"": ""1.94"", ""jit"": ""off"", ""join_collapse_limit"": 4, ""max_parallel_workers_per_gather"": 0, ""temp_buffers"": ""65MB"", ""temp_file_limit"": ""-1"", ""work_mem"": ""55MB""}",postgres timed out after 0.1s
006645a56cc168d3f440e3347646cff0ee7f413d77e2b2ae52fdcc821903823b,/home/timlittau/Documents/InferQ/analysis/finetuned_rdbms_162/qpy/006645a56cc168d3f440e3347646cff0ee7f413d77e2b2ae52fdcc821903823b.qpy,6,47,0.7732579042203724,16625,59,8,51,sqlite,large_size,0,success,0.011587667046114802,64,4413,"{""cache_mb"": 128, ""db_path"": ""analysis/finetuned_rdbms_162_baseline_min_floor_100ms_contraction_all_engines/tmp/large_size/sqlite/bench.db"", ""mmap_mb"": 128, ""temp_store"": ""MEMORY"", ""threads"": 1}",
006645a56cc168d3f440e3347646cff0ee7f413d77e2b2ae52fdcc821903823b,/home/timlittau/Documents/InferQ/analysis/finetuned_rdbms_162/qpy/006645a56cc168d3f440e3347646cff0ee7f413d77e2b2ae52fdcc821903823b.qpy,6,47,0.7732579042203724,16625,59,8,51,sqlite,large_size,1,success,0.010686064139008522,64,4413,"{""cache_mb"": 128, ""db_path"": ""analysis/finetuned_rdbms_162_baseline_min_floor_100ms_contraction_all_engines/tmp/large_size/sqlite/bench.db"", ""mmap_mb"": 128, ""temp_store"": ""MEMORY"", ""threads"": 1}",
006645a56cc168d3f440e3347646cff0ee7f413d77e2b2ae52fdcc821903823b,/home/timlittau/Documents/InferQ/analysis/finetuned_rdbms_162/qpy/006645a56cc168d3f440e3347646cff0ee7f413d77e2b2ae52fdcc821903823b.qpy,6,47,0.7732579042203724,16625,59,8,51,duckdb,large_size,0,timeout,0.11247961898334324,0,3454245,"{""max_temp_directory_size"": ""128GB"", ""memory_limit"": ""7409MB"", ""preserve_insertion_order"": true, ""temp_directory"": ""analysis/finetuned_rdbms_162_baseline_min_floor_100ms_contraction_all_engines/tmp/large_size/duckdb"", ""threads"": 1}",duckdb timed out after 0.1s
006645a56cc168d3f440e3347646cff0ee7f413d77e2b2ae52fdcc821903823b,/home/timlittau/Documents/InferQ/analysis/finetuned_rdbms_162/qpy/006645a56cc168d3f440e3347646cff0ee7f413d77e2b2ae52fdcc821903823b.qpy,6,47,0.7732579042203724,16625,59,8,51,duckdb,large_size,1,timeout,0.1279841591604054,0,2845475,"{""max_temp_directory_size"": ""128GB"", ""memory_limit"": ""7409MB"", ""preserve_insertion_order"": true, ""temp_directory"": ""analysis/finetuned_rdbms_162_baseline_min_floor_100ms_contraction_all_engines/tmp/large_size/duckdb"", ""threads"": 1}",duckdb timed out after 0.1s
006645a56cc168d3f440e3347646cff0ee7f413d77e2b2ae52fdcc821903823b,/home/timlittau/Documents/InferQ/analysis/finetuned_rdbms_162/qpy/006645a56cc168d3f440e3347646cff0ee7f413d77e2b2ae52fdcc821903823b.qpy,6,47,0.7732579042203724,16625,59,8,51,postgres,large_size,0,success,0.02421123394742608,64,22619,"{""effective_cache_size"": ""2GB"", ""from_collapse_limit"": 1, ""hash_mem_multiplier"": ""1.94"", ""jit"": ""off"", ""join_collapse_limit"": 4, ""max_parallel_workers_per_gather"": 0, ""temp_buffers"": ""65MB"", ""temp_file_limit"": ""-1"", ""work_mem"": ""55MB""}",
006645a56cc168d3f440e3347646cff0ee7f413d77e2b2ae52fdcc821903823b,/home/timlittau/Documents/InferQ/analysis/finetuned_rdbms_162/qpy/006645a56cc168d3f440e3347646cff0ee7f413d77e2b2ae52fdcc821903823b.qpy,6,47,0.7732579042203724,16625,59,8,51,postgres,large_size,1,success,0.024245371110737324,64,46955,"{""effective_cache_size"": ""2GB"", ""from_collapse_limit"": 1, ""hash_mem_multiplier"": ""1.94"", ""jit"": ""off"", ""join_collapse_limit"": 4, ""max_parallel_workers_per_gather"": 0, ""temp_buffers"": ""65MB"", ""temp_file_limit"": ""-1"", ""work_mem"": ""55MB""}",
0066b3a45aad5ad6bacd69d925d0dc05175a0bb55b7c28046affd49a37905f61,/home/timlittau/Documents/InferQ/analysis/finetuned_rdbms_162/qpy/0066b3a45aad5ad6bacd69d925d0dc05175a0bb55b7c28046affd49a37905f61.qpy,6,50,0.9152166109997779,17089,59,5,54,sqlite,small_size,0,success,0.01341957994736731,64,4551,"{""cache_mb"": 64, ""db_path"": "":memory:"", ""mmap_mb"": 0, ""temp_store"": ""MEMORY"", ""threads"": 1}",
0066b3a45aad5ad6bacd69d925d0dc05175a0bb55b7c28046affd49a37905f61,/home/timlittau/Documents/InferQ/analysis/finetuned_rdbms_162/qpy/0066b3a45aad5ad6bacd69d925d0dc05175a0bb55b7c28046affd49a37905f61.qpy,6,50,0.9152166109997779,17089,59,5,54,sqlite,small_size,1,success,0.012860848102718592,64,4551,"{""cache_mb"": 64, ""db_path"": "":memory:"", ""mmap_mb"": 0, ""temp_store"": ""MEMORY"", ""threads"": 1}",
0066b3a45aad5ad6bacd69d925d0dc05175a0bb55b7c28046affd49a37905f61,/home/timlittau/Documents/InferQ/analysis/finetuned_rdbms_162/qpy/0066b3a45aad5ad6bacd69d925d0dc05175a0bb55b7c28046affd49a37905f61.qpy,6,50,0.9152166109997779,17089,59,5,54,duckdb,small_size,0,timeout,0.11623450205661356,0,21503,"{""max_temp_directory_size"": ""256GB"", ""memory_limit"": ""10780MB"", ""preserve_insertion_order"": false, ""temp_directory"": ""analysis/finetuned_rdbms_162_baseline_min_floor_100ms_contraction_all_engines/tmp/small_size/duckdb"", ""threads"": 2}",duckdb timed out after 0.1s
0066b3a45aad5ad6bacd69d925d0dc05175a0bb55b7c28046affd49a37905f61,/home/timlittau/Documents/InferQ/analysis/finetuned_rdbms_162/qpy/0066b3a45aad5ad6bacd69d925d0dc05175a0bb55b7c28046affd49a37905f61.qpy,6,50,0.9152166109997779,17089,59,5,54,duckdb,small_size,1,timeout,0.11379794916138053,0,21503,"{""max_temp_directory_size"": ""256GB"", ""memory_limit"": ""10780MB"", ""preserve_insertion_order"": false, ""temp_directory"": ""analysis/finetuned_rdbms_162_baseline_min_floor_100ms_contraction_all_engines/tmp/small_size/duckdb"", ""threads"": 2}",duckdb timed out after 0.1s
0066b3a45aad5ad6bacd69d925d0dc05175a0bb55b7c28046affd49a37905f61,/home/timlittau/Documents/InferQ/analysis/finetuned_rdbms_162/qpy/0066b3a45aad5ad6bacd69d925d0dc05175a0bb55b7c28046affd49a37905f61.qpy,6,50,0.9152166109997779,17089,59,5,54,postgres,small_size,0,success,0.02536120289005339,64,23132,"{""effective_cache_size"": ""8GB"", ""from_collapse_limit"": 1, ""hash_mem_multiplier"": ""2.0"", ""jit"": ""off"", ""join_collapse_limit"": 1, ""max_parallel_workers_per_gather"": 4, ""temp_buffers"": ""128MB"", ""temp_file_limit"": ""-1"", ""work_mem"": ""256MB""}",
0066b3a45aad5ad6bacd69d925d0dc05175a0bb55b7c28046affd49a37905f61,/home/timlittau/Documents/InferQ/analysis/finetuned_rdbms_162/qpy/0066b3a45aad5ad6bacd69d925d0dc05175a0bb55b7c28046affd49a37905f61.qpy,6,50,0.9152166109997779,17089,59,5,54,postgres,small_size,1,success,0.024862033780664206,64,23084,"{""effective_cache_size"": ""8GB"", ""from_collapse_limit"": 1, ""hash_mem_multiplier"": ""2.0"", ""jit"": ""off"", ""join_collapse_limit"": 1, ""max_parallel_workers_per_gather"": 4, ""temp_buffers"": ""128MB"", ""temp_file_limit"": ""-1"", ""work_mem"": ""256MB""}",
00688bd205d099cee9935d5216d98e85ceb05cd6eec3ffdef86dd3dbd1025589,/home/timlittau/Documents/InferQ/analysis/finetuned_rdbms_162/qpy/00688bd205d099cee9935d5216d98e85ceb05cd6eec3ffdef86dd3dbd1025589.qpy,12,16,0.25276647694408894,7690,30,4,26,sqlite,small_size,0,success,0.003876863978803158,64,4575,"{""cache_mb"": 64, ""db_path"": "":memory:"", ""mmap_mb"": 0, ""temp_store"": ""MEMORY"", ""threads"": 1}",
00688bd205d099cee9935d5216d98e85ceb05cd6eec3ffdef86dd3dbd1025589,/home/timlittau/Documents/InferQ/analysis/finetuned_rdbms_162/qpy/00688bd205d099cee9935d5216d98e85ceb05cd6eec3ffdef86dd3dbd1025589.qpy,12,16,0.25276647694408894,7690,30,4,26,sqlite,small_size,1,success,0.0035332110710442066,64,4575,"{""cache_mb"": 64, ""db_path"": "":memory:"", ""mmap_mb"": 0, ""temp_store"": ""MEMORY"", ""threads"": 1}",
00688bd205d099cee9935d5216d98e85ceb05cd6eec3ffdef86dd3dbd1025589,/home/timlittau/Documents/InferQ/analysis/finetuned_rdbms_162/qpy/00688bd205d099cee9935d5216d98e85ceb05cd6eec3ffdef86dd3dbd1025589.qpy,12,16,0.25276647694408894,7690,30,4,26,duckdb,small_size,0,success,0.026452936930581927,64,12108,"{""max_temp_directory_size"": ""256GB"", ""memory_limit"": ""10780MB"", ""preserve_insertion_order"": false, ""temp_directory"": ""analysis/finetuned_rdbms_162_baseline_min_floor_100ms_contraction_all_engines/tmp/small_size/duckdb"", ""threads"": 2}",
00688bd205d099cee9935d5216d98e85ceb05cd6eec3ffdef86dd3dbd1025589,/home/timlittau/Documents/InferQ/analysis/finetuned_rdbms_162/qpy/00688bd205d099cee9935d5216d98e85ceb05cd6eec3ffdef86dd3dbd1025589.qpy,12,16,0.25276647694408894,7690,30,4,26,duckdb,small_size,1,success,0.03526747995056212,64,12040,"{""max_temp_directory_size"": ""256GB"", ""memory_limit"": ""10780MB"", ""preserve_insertion_order"": false, ""temp_directory"": ""analysis/finetuned_rdbms_162_baseline_min_floor_100ms_contraction_all_engines/tmp/small_size/duckdb"", ""threads"": 2}",
00688bd205d099cee9935d5216d98e85ceb05cd6eec3ffdef86dd3dbd1025589,/home/timlittau/Documents/InferQ/analysis/finetuned_rdbms_162/qpy/00688bd205d099cee9935d5216d98e85ceb05cd6eec3ffdef86dd3dbd1025589.qpy,12,16,0.25276647694408894,7690,30,4,26,postgres,small_size,0,success,0.007805748842656612,64,14213,"{""effective_cache_size"": ""8GB"", ""from_collapse_limit"": 1, ""hash_mem_multiplier"": ""2.0"", ""jit"": ""off"", ""join_collapse_limit"": 1, ""max_parallel_workers_per_gather"": 4, ""temp_buffers"": ""128MB"", ""temp_file_limit"": ""-1"", ""work_mem"": ""256MB""}",
00688bd205d099cee9935d5216d98e85ceb05cd6eec3ffdef86dd3dbd1025589,/home/timlittau/Documents/InferQ/analysis/finetuned_rdbms_162/qpy/00688bd205d099cee9935d5216d98e85ceb05cd6eec3ffdef86dd3dbd1025589.qpy,12,16,0.25276647694408894,7690,30,4,26,postgres,small_size,1,success,0.00773003906942904,64,14213,"{""effective_cache_size"": ""8GB"", ""from_collapse_limit"": 1, ""hash_mem_multiplier"": ""2.0"", ""jit"": ""off"", ""join_collapse_limit"": 1, ""max_parallel_workers_per_gather"": 4, ""temp_buffers"": ""128MB"", ""temp_file_limit"": ""-1"", ""work_mem"": ""256MB""}",
00693e4aa6d9d3e3177f19155f69748e3087a8bffa4a0a5dbfd1cd3fa85714df,/home/timlittau/Documents/InferQ/analysis/finetuned_rdbms_162/qpy/00693e4aa6d9d3e3177f19155f69748e3087a8bffa4a0a5dbfd1cd3fa85714df.qpy,11,26,0.3984565930441022,11310,42,7,35,sqlite,large_size,0,success,0.005361013114452362,64,4869,"{""cache_mb"": 128, ""db_path"": ""analysis/finetuned_rdbms_162_baseline_min_floor_100ms_contraction_all_engines/tmp/large_size/sqlite/bench.db"", ""mmap_mb"": 128, ""temp_store"": ""MEMORY"", ""threads"": 1}",
00693e4aa6d9d3e3177f19155f69748e3087a8bffa4a0a5dbfd1cd3fa85714df,/home/timlittau/Documents/InferQ/analysis/finetuned_rdbms_162/qpy/00693e4aa6d9d3e3177f19155f69748e3087a8bffa4a0a5dbfd1cd3fa85714df.qpy,11,26,0.3984565930441022,11310,42,7,35,sqlite,large_size,1,success,0.006639149971306324,64,4413,"{""cache_mb"": 128, ""db_path"": ""analysis/finetuned_rdbms_162_baseline_min_floor_100ms_contraction_all_engines/tmp/large_size/sqlite/bench.db"", ""mmap_mb"": 128, ""temp_store"": ""MEMORY"", ""threads"": 1}",
00693e4aa6d9d3e3177f19155f69748e3087a8bffa4a0a5dbfd1cd3fa85714df,/home/timlittau/Documents/InferQ/analysis/finetuned_rdbms_162/qpy/00693e4aa6d9d3e3177f19155f69748e3087a8bffa4a0a5dbfd1cd3fa85714df.qpy,11,26,0.3984565930441022,11310,42,7,35,duckdb,large_size,0,timeout,0.10986994300037622,0,15196,"{""max_temp_directory_size"": ""128GB"", ""memory_limit"": ""7409MB"", ""preserve_insertion_order"": true, ""temp_directory"": ""analysis/finetuned_rdbms_162_baseline_min_floor_100ms_contraction_all_engines/tmp/large_size/duckdb"", ""threads"": 1}",duckdb timed out after 0.1s
00693e4aa6d9d3e3177f19155f69748e3087a8bffa4a0a5dbfd1cd3fa85714df,/home/timlittau/Documents/InferQ/analysis/finetuned_rdbms_162/qpy/00693e4aa6d9d3e3177f19155f69748e3087a8bffa4a0a5dbfd1cd3fa85714df.qpy,11,26,0.3984565930441022,11310,42,7,35,duckdb,large_size,1,timeout,0.12959550810046494,0,2687931,"{""max_temp_directory_size"": ""128GB"", ""memory_limit"": ""7409MB"", ""preserve_insertion_order"": true, ""temp_directory"": ""analysis/finetuned_rdbms_162_baseline_min_floor_100ms_contraction_all_engines/tmp/large_size/duckdb"", ""threads"": 1}",duckdb timed out after 0.1s
00693e4aa6d9d3e3177f19155f69748e3087a8bffa4a0a5dbfd1cd3fa85714df,/home/timlittau/Documents/InferQ/analysis/finetuned_rdbms_162/qpy/00693e4aa6d9d3e3177f19155f69748e3087a8bffa4a0a5dbfd1cd3fa85714df.qpy,11,26,0.3984565930441022,11310,42,7,35,postgres,large_size,0,success,0.013138795970007777,64,1416300,"{""effective_cache_size"": ""2GB"", ""from_collapse_limit"": 1, ""hash_mem_multiplier"": ""1.94"", ""jit"": ""off"", ""join_collapse_limit"": 4, ""max_parallel_workers_per_gather"": 0, ""temp_buffers"": ""65MB"", ""temp_file_limit"": ""-1"", ""work_mem"": ""55MB""}",
00693e4aa6d9d3e3177f19155f69748e3087a8bffa4a0a5dbfd1cd3fa85714df,/home/timlittau/Documents/InferQ/analysis/finetuned_rdbms_162/qpy/00693e4aa6d9d3e3177f19155f69748e3087a8bffa4a0a5dbfd1cd3fa85714df.qpy,11,26,0.3984565930441022,11310,42,7,35,postgres,large_size,1,success,0.012198091950267553,64,1017780,"{""effective_cache_size"": ""2GB"", ""from_collapse_limit"": 1, ""hash_mem_multiplier"": ""1.94"", ""jit"": ""off"", ""join_collapse_limit"": 4, ""max_parallel_workers_per_gather"": 0, ""temp_buffers"": ""65MB"", ""temp_file_limit"": ""-1"", ""work_mem"": ""55MB""}",
006ba62120b2b99d6ec813788dc190cecf10c3864da75e2f8993f7947e11a79c,/home/timlittau/Documents/InferQ/analysis/finetuned_rdbms_162/qpy/006ba62120b2b99d6ec813788dc190cecf10c3864da75e2f8993f7947e11a79c.qpy,6,86,1.1693428379949182,28078,95,5,90,sqlite,small_size,0,success,0.019469979917630553,64,5223,"{""cache_mb"": 64, ""db_path"": "":memory:"", ""mmap_mb"": 0, ""temp_store"": ""MEMORY"", ""threads"": 1}",
006ba62120b2b99d6ec813788dc190cecf10c3864da75e2f8993f7947e11a79c,/home/timlittau/Documents/InferQ/analysis/finetuned_rdbms_162/qpy/006ba62120b2b99d6ec813788dc190cecf10c3864da75e2f8993f7947e11a79c.qpy,6,86,1.1693428379949182,28078,95,5,90,sqlite,small_size,1,success,0.02297676890157163,64,96413,"{""cache_mb"": 64, ""db_path"": "":memory:"", ""mmap_mb"": 0, ""temp_store"": ""MEMORY"", ""threads"": 1}",
006ba62120b2b99d6ec813788dc190cecf10c3864da75e2f8993f7947e11a79c,/home/timlittau/Documents/InferQ/analysis/finetuned_rdbms_162/qpy/006ba62120b2b99d6ec813788dc190cecf10c3864da75e2f8993f7947e11a79c.qpy,6,86,1.1693428379949182,28078,95,5,90,duckdb,small_size,0,timeout,0.1161039280705154,0,41740,"{""max_temp_directory_size"": ""256GB"", ""memory_limit"": ""10780MB"", ""preserve_insertion_order"": false, ""temp_directory"": ""analysis/finetuned_rdbms_162_baseline_min_floor_100ms_contraction_all_engines/tmp/small_size/duckdb"", ""threads"": 2}",duckdb timed out after 0.1s
006ba62120b2b99d6ec813788dc190cecf10c3864da75e2f8993f7947e11a79c,/home/timlittau/Documents/InferQ/analysis/finetuned_rdbms_162/qpy/006ba62120b2b99d6ec813788dc190cecf10c3864da75e2f8993f7947e11a79c.qpy,6,86,1.1693428379949182,28078,95,5,90,duckdb,small_size,1,timeout,0.11114165396429598,0,31902,"{""max_temp_directory_size"": ""256GB"", ""memory_limit"": ""10780MB"", ""preserve_insertion_order"": false, ""temp_directory"": ""analysis/finetuned_rdbms_162_baseline_min_floor_100ms_contraction_all_engines/tmp/small_size/duckdb"", ""threads"": 2}",duckdb timed out after 0.1s
006ba62120b2b99d6ec813788dc190cecf10c3864da75e2f8993f7947e11a79c,/home/timlittau/Documents/InferQ/analysis/finetuned_rdbms_162/qpy/006ba62120b2b99d6ec813788dc190cecf10c3864da75e2f8993f7947e11a79c.qpy,6,86,1.1693428379949182,28078,95,5,90,postgres,small_size,0,success,0.0454010299872607,64,34097,"{""effective_cache_size"": ""8GB"", ""from_collapse_limit"": 1, ""hash_mem_multiplier"": ""2.0"", ""jit"": ""off"", ""join_collapse_limit"": 1, ""max_parallel_workers_per_gather"": 4, ""temp_buffers"": ""128MB"", ""temp_file_limit"": ""-1"", ""work_mem"": ""256MB""}",
006ba62120b2b99d6ec813788dc190cecf10c3864da75e2f8993f7947e11a79c,/home/timlittau/Documents/InferQ/analysis/finetuned_rdbms_162/qpy/006ba62120b2b99d6ec813788dc190cecf10c3864da75e2f8993f7947e11a79c.qpy,6,86,1.1693428379949182,28078,95,5,90,postgres,small_size,1,success,0.04951355792582035,64,34073,"{""effective_cache_size"": ""8GB"", ""from_collapse_limit"": 1, ""hash_mem_multiplier"": ""2.0"", ""jit"": ""off"", ""join_collapse_limit"": 1, ""max_parallel_workers_per_gather"": 4, ""temp_buffers"": ""128MB"", ""temp_file_limit"": ""-1"", ""work_mem"": ""256MB""}",
006bde35e33bc36fee6dfd1b687a60c2346a357e79e444c11c67d776aac5f056,/home/timlittau/Documents/InferQ/analysis/finetuned_rdbms_162/qpy/006bde35e33bc36fee6dfd1b687a60c2346a357e79e444c11c67d776aac5f056.qpy,8,24,0.4645658729132265,8894,34,4,30,sqlite,small_size,0,success,0.007200249936431646,256,46061,"{""cache_mb"": 64, ""db_path"": "":memory:"", ""mmap_mb"": 0, ""temp_store"": ""MEMORY"", ""threads"": 1}",
006bde35e33bc36fee6dfd1b687a60c2346a357e79e444c11c67d776aac5f056,/home/timlittau/Documents/InferQ/analysis/finetuned_rdbms_162/qpy/006bde35e33bc36fee6dfd1b687a60c2346a357e79e444c11c67d776aac5f056.qpy,8,24,0.4645658729132265,8894,34,4,30,sqlite,small_size,1,success,0.006761722033843398,256,15341,"{""cache_mb"": 64, ""db_path"": "":memory:"", ""mmap_mb"": 0, ""temp_store"": ""MEMORY"", ""threads"": 1}",
006bde35e33bc36fee6dfd1b687a60c2346a357e79e444c11c67d776aac5f056,/home/timlittau/Documents/InferQ/analysis/finetuned_rdbms_162/qpy/006bde35e33bc36fee6dfd1b687a60c2346a357e79e444c11c67d776aac5f056.qpy,8,24,0.4645658729132265,8894,34,4,30,duckdb,small_size,0,timeout,0.14890467701479793,0,13030,"{""max_temp_directory_size"": ""256GB"", ""memory_limit"": ""10780MB"", ""preserve_insertion_order"": false, ""temp_directory"": ""analysis/finetuned_rdbms_162_baseline_min_floor_100ms_contraction_all_engines/tmp/small_size/duckdb"", ""threads"": 2}",duckdb timed out after 0.1s
006bde35e33bc36fee6dfd1b687a60c2346a357e79e444c11c67d776aac5f056,/home/timlittau/Documents/InferQ/analysis/finetuned_rdbms_162/qpy/006bde35e33bc36fee6dfd1b687a60c2346a357e79e444c11c67d776aac5f056.qpy,8,24,0.4645658729132265,8894,34,4,30,duckdb,small_size,1,timeout,0.12477947887964547,0,12842,"{""max_temp_directory_size"": ""256GB"", ""memory_limit"": ""10780MB"", ""preserve_insertion_order"": false, ""temp_directory"": ""analysis/finetuned_rdbms_162_baseline_min_floor_100ms_contraction_all_engines/tmp/small_size/duckdb"", ""threads"": 2}",duckdb timed out after 0.1s
006bde35e33bc36fee6dfd1b687a60c2346a357e79e444c11c67d776aac5f056,/home/timlittau/Documents/InferQ/analysis/finetuned_rdbms_162/qpy/006bde35e33bc36fee6dfd1b687a60c2346a357e79e444c11c67d776aac5f056.qpy,8,24,0.4645658729132265,8894,34,4,30,postgres,small_size,0,success,0.012861910974606872,256,25912,"{""effective_cache_size"": ""8GB"", ""from_collapse_limit"": 1, ""hash_mem_multiplier"": ""2.0"", ""jit"": ""off"", ""join_collapse_limit"": 1, ""max_parallel_workers_per_gather"": 4, ""temp_buffers"": ""128MB"", ""temp_file_limit"": ""-1"", ""work_mem"": ""256MB""}",
006bde35e33bc36fee6dfd1b687a60c2346a357e79e444c11c67d776aac5f056,/home/timlittau/Documents/InferQ/analysis/finetuned_rdbms_162/qpy/006bde35e33bc36fee6dfd1b687a60c2346a357e79e444c11c67d776aac5f056.qpy,8,24,0.4645658729132265,8894,34,4,30,postgres,small_size,1,success,0.012571971863508224,256,25793,"{""effective_cache_size"": ""8GB"", ""from_collapse_limit"": 1, ""hash_mem_multiplier"": ""2.0"", ""jit"": ""off"", ""join_collapse_limit"": 1, ""max_parallel_workers_per_gather"": 4, ""temp_buffers"": ""128MB"", ""temp_file_limit"": ""-1"", ""work_mem"": ""256MB""}",
006d0ac0deb9d9e2223f9a6939623166a3ffc7e100da2d8870d04cd74d3bc012,/home/timlittau/Documents/InferQ/analysis/finetuned_rdbms_162/qpy/006d0ac0deb9d9e2223f9a6939623166a3ffc7e100da2d8870d04cd74d3bc012.qpy,14,115,2.6531067020259798,39657,131,4,127,sqlite,large_size,0,timeout,0.10224173008464277,0,4008,"{""cache_mb"": 128, ""db_path"": ""analysis/finetuned_rdbms_162_baseline_min_floor_100ms_contraction_all_engines/tmp/large_size/sqlite/bench.db"", ""mmap_mb"": 128, ""temp_store"": ""MEMORY"", ""threads"": 1}",sqlite timed out after 0.1s
006d0ac0deb9d9e2223f9a6939623166a3ffc7e100da2d8870d04cd74d3bc012,/home/timlittau/Documents/InferQ/analysis/finetuned_rdbms_162/qpy/006d0ac0deb9d9e2223f9a6939623166a3ffc7e100da2d8870d04cd74d3bc012.qpy,14,115,2.6531067020259798,39657,131,4,127,sqlite,large_size,1,timeout,0.10141162318177521,0,3894,"{""cache_mb"": 128, ""db_path"": ""analysis/finetuned_rdbms_162_baseline_min_floor_100ms_contraction_all_engines/tmp/large_size/sqlite/bench.db"", ""mmap_mb"": 128, ""temp_store"": ""MEMORY"", ""threads"": 1}",sqlite timed out after 0.1s
006d0ac0deb9d9e2223f9a6939623166a3ffc7e100da2d8870d04cd74d3bc012,/home/timlittau/Documents/InferQ/analysis/finetuned_rdbms_162/qpy/006d0ac0deb9d9e2223f9a6939623166a3ffc7e100da2d8870d04cd74d3bc012.qpy,14,115,2.6531067020259798,39657,131,4,127,duckdb,large_size,0,timeout,0.11057189595885575,0,43857,"{""max_temp_directory_size"": ""128GB"", ""memory_limit"": ""7409MB"", ""preserve_insertion_order"": true, ""temp_directory"": ""analysis/finetuned_rdbms_162_baseline_min_floor_100ms_contraction_all_engines/tmp/large_size/duckdb"", ""threads"": 1}",duckdb timed out after 0.1s
006d0ac0deb9d9e2223f9a6939623166a3ffc7e100da2d8870d04cd74d3bc012,/home/timlittau/Documents/InferQ/analysis/finetuned_rdbms_162/qpy/006d0ac0deb9d9e2223f9a6939623166a3ffc7e100da2d8870d04cd74d3bc012.qpy,14,115,2.6531067020259798,39657,131,4,127,duckdb,large_size,1,timeout,0.13499553385190666,0,43637,"{""max_temp_directory_size"": ""128GB"", ""memory_limit"": ""7409MB"", ""preserve_insertion_order"": true, ""temp_directory"": ""analysis/finetuned_rdbms_162_baseline_min_floor_100ms_contraction_all_engines/tmp/large_size/duckdb"", ""threads"": 1}",duckdb timed out after 0.1s
006d0ac0deb9d9e2223f9a6939623166a3ffc7e100da2d8870d04cd74d3bc012,/home/timlittau/Documents/InferQ/analysis/finetuned_rdbms_162/qpy/006d0ac0deb9d9e2223f9a6939623166a3ffc7e100da2d8870d04cd74d3bc012.qpy,14,115,2.6531067020259798,39657,131,4,127,postgres,large_size,0,timeout,0.150493344059214,0,45511,"{""effective_cache_size"": ""2GB"", ""from_collapse_limit"": 1, ""hash_mem_multiplier"": ""1.94"", ""jit"": ""off"", ""join_collapse_limit"": 4, ""max_parallel_workers_per_gather"": 0, ""temp_buffers"": ""65MB"", ""temp_file_limit"": ""-1"", ""work_mem"": ""55MB""}",postgres timed out after 0.1s
006d0ac0deb9d9e2223f9a6939623166a3ffc7e100da2d8870d04cd74d3bc012,/home/timlittau/Documents/InferQ/analysis/finetuned_rdbms_162/qpy/006d0ac0deb9d9e2223f9a6939623166a3ffc7e100da2d8870d04cd74d3bc012.qpy,14,115,2.6531067020259798,39657,131,4,127,postgres,large_size,1,timeout,0.10847924998961389,0,45511,"{""effective_cache_size"": ""2GB"", ""from_collapse_limit"": 1, ""hash_mem_multiplier"": ""1.94"", ""jit"": ""off"", ""join_collapse_limit"": 4, ""max_parallel_workers_per_gather"": 0, ""temp_buffers"": ""65MB"", ""temp_file_limit"": ""-1"", ""work_mem"": ""55MB""}",postgres timed out after 0.1s
00700dd61e7d1a91900ed84eff1c49e5e31a70ff2472849183ae348affeec55a,/home/timlittau/Documents/InferQ/analysis/finetuned_rdbms_162/qpy/00700dd61e7d1a91900ed84eff1c49e5e31a70ff2472849183ae348affeec55a.qpy,1,1,0.008300166809931397,701,2,2,0,sqlite,small_size,0,success,0.00019392301328480244,2,3807,"{""cache_mb"": 64, ""db_path"": "":memory:"", ""mmap_mb"": 0, ""temp_store"": ""MEMORY"", ""threads"": 1}",
00700dd61e7d1a91900ed84eff1c49e5e31a70ff2472849183ae348affeec55a,/home/timlittau/Documents/InferQ/analysis/finetuned_rdbms_162/qpy/00700dd61e7d1a91900ed84eff1c49e5e31a70ff2472849183ae348affeec55a.qpy,1,1,0.008300166809931397,701,2,2,0,sqlite,small_size,1,success,0.00015589292161166668,2,3807,"{""cache_mb"": 64, ""db_path"": "":memory:"", ""mmap_mb"": 0, ""temp_store"": ""MEMORY"", ""threads"": 1}",
00700dd61e7d1a91900ed84eff1c49e5e31a70ff2472849183ae348affeec55a,/home/timlittau/Documents/InferQ/analysis/finetuned_rdbms_162/qpy/00700dd61e7d1a91900ed84eff1c49e5e31a70ff2472849183ae348affeec55a.qpy,1,1,0.008300166809931397,701,2,2,0,duckdb,small_size,0,success,0.0021843761205673218,2,4649,"{""max_temp_directory_size"": ""256GB"", ""memory_limit"": ""10780MB"", ""preserve_insertion_order"": false, ""temp_directory"": ""analysis/finetuned_rdbms_162_baseline_min_floor_100ms_contraction_all_engines/tmp/small_size/duckdb"", ""threads"": 2}",
00700dd61e7d1a91900ed84eff1c49e5e31a70ff2472849183ae348affeec55a,/home/timlittau/Documents/InferQ/analysis/finetuned_rdbms_162/qpy/00700dd61e7d1a91900ed84eff1c49e5e31a70ff2472849183ae348affeec55a.qpy,1,1,0.008300166809931397,701,2,2,0,duckdb,small_size,1,success,0.002271178876981139,2,4707,"{""max_temp_directory_size"": ""256GB"", ""memory_limit"": ""10780MB"", ""preserve_insertion_order"": false, ""temp_directory"": ""analysis/finetuned_rdbms_162_baseline_min_floor_100ms_contraction_all_engines/tmp/small_size/duckdb"", ""threads"": 2}",
00700dd61e7d1a91900ed84eff1c49e5e31a70ff2472849183ae348affeec55a,/home/timlittau/Documents/InferQ/analysis/finetuned_rdbms_162/qpy/00700dd61e7d1a91900ed84eff1c49e5e31a70ff2472849183ae348affeec55a.qpy,1,1,0.008300166809931397,701,2,2,0,postgres,small_size,0,success,0.0008910230826586485,2,5106,"{""effective_cache_size"": ""8GB"", ""from_collapse_limit"": 1, ""hash_mem_multiplier"": ""2.0"", ""jit"": ""off"", ""join_collapse_limit"": 1, ""max_parallel_workers_per_gather"": 4, ""temp_buffers"": ""128MB"", ""temp_file_limit"": ""-1"", ""work_mem"": ""256MB""}",
00700dd61e7d1a91900ed84eff1c49e5e31a70ff2472849183ae348affeec55a,/home/timlittau/Documents/InferQ/analysis/finetuned_rdbms_162/qpy/00700dd61e7d1a91900ed84eff1c49e5e31a70ff2472849183ae348affeec55a.qpy,1,1,0.008300166809931397,701,2,2,0,postgres,small_size,1,success,0.0008969898335635662,2,5106,"{""effective_cache_size"": ""8GB"", ""from_collapse_limit"": 1, ""hash_mem_multiplier"": ""2.0"", ""jit"": ""off"", ""join_collapse_limit"": 1, ""max_parallel_workers_per_gather"": 4, ""temp_buffers"": ""128MB"", ""temp_file_limit"": ""-1"", ""work_mem"": ""256MB""}",
0070994db1e2411f702c3abf2f60f019f710ee957a45798e8b1deb0c1adc9890,/home/timlittau/Documents/InferQ/analysis/finetuned_rdbms_162/qpy/0070994db1e2411f702c3abf2f60f019f710ee957a45798e8b1deb0c1adc9890.qpy,13,38,0.6620513410307467,14781,54,5,49,sqlite,small_size,0,timeout,0.10497976699844003,0,918867,"{""cache_mb"": 64, ""db_path"": "":memory:"", ""mmap_mb"": 0, ""temp_store"": ""MEMORY"", ""threads"": 1}",sqlite timed out after 0.1s
0070994db1e2411f702c3abf2f60f019f710ee957a45798e8b1deb0c1adc9890,/home/timlittau/Documents/InferQ/analysis/finetuned_rdbms_162/qpy/0070994db1e2411f702c3abf2f60f019f710ee957a45798e8b1deb0c1adc9890.qpy,13,38,0.6620513410307467,14781,54,5,49,sqlite,small_size,1,timeout,0.10485153901390731,0,932163,"{""cache_mb"": 64, ""db_path"": "":memory:"", ""mmap_mb"": 0, ""temp_store"": ""MEMORY"", ""threads"": 1}",sqlite timed out after 0.1s
0070994db1e2411f702c3abf2f60f019f710ee957a45798e8b1deb0c1adc9890,/home/timlittau/Documents/InferQ/analysis/finetuned_rdbms_162/qpy/0070994db1e2411f702c3abf2f60f019f710ee957a45798e8b1deb0c1adc9890.qpy,13,38,0.6620513410307467,14781,54,5,49,duckdb,small_size,0,timeout,0.13662868714891374,0,819111,"{""max_temp_directory_size"": ""256GB"", ""memory_limit"": ""10780MB"", ""preserve_insertion_order"": false, ""temp_directory"": ""analysis/finetuned_rdbms_162_baseline_min_floor_100ms_contraction_all_engines/tmp/small_size/duckdb"", ""threads"": 2}",duckdb timed out after 0.1s
0070994db1e2411f702c3abf2f60f019f710ee957a45798e8b1deb0c1adc9890,/home/timlittau/Documents/InferQ/analysis/finetuned_rdbms_162/qpy/0070994db1e2411f702c3abf2f60f019f710ee957a45798e8b1deb0c1adc9890.qpy,13,38,0.6620513410307467,14781,54,5,49,duckdb,small_size,1,success,0.09329751878976822,8192,1773027,"{""max_temp_directory_size"": ""256GB"", ""memory_limit"": ""10780MB"", ""preserve_insertion_order"": false, ""temp_directory"": ""analysis/finetuned_rdbms_162_baseline_min_floor_100ms_contraction_all_engines/tmp/small_size/duckdb"", ""threads"": 2}",
0070994db1e2411f702c3abf2f60f019f710ee957a45798e8b1deb0c1adc9890,/home/timlittau/Documents/InferQ/analysis/finetuned_rdbms_162/qpy/0070994db1e2411f702c3abf2f60f019f710ee957a45798e8b1deb0c1adc9890.qpy,13,38,0.6620513410307467,14781,54,5,49,postgres,small_size,0,timeout,0.18782081897370517,0,1469729,"{""effective_cache_size"": ""8GB"", ""from_collapse_limit"": 1, ""hash_mem_multiplier"": ""2.0"", ""jit"": ""off"", ""join_collapse_limit"": 1, ""max_parallel_workers_per_gather"": 4, ""temp_buffers"": ""128MB"", ""temp_file_limit"": ""-1"", ""work_mem"": ""256MB""}",postgres timed out after 0.1s
0070994db1e2411f702c3abf2f60f019f710ee957a45798e8b1deb0c1adc9890,/home/timlittau/Documents/InferQ/analysis/finetuned_rdbms_162/qpy/0070994db1e2411f702c3abf2f60f019f710ee957a45798e8b1deb0c1adc9890.qpy,13,38,0.6620513410307467,14781,54,5,49,postgres,small_size,1,timeout,0.1845813780091703,0,1792081,"{""effective_cache_size"": ""8GB"", ""from_collapse_limit"": 1, ""hash_mem_multiplier"": ""2.0"", ""jit"": ""off"", ""join_collapse_limit"": 1, ""max_parallel_workers_per_gather"": 4, ""temp_buffers"": ""128MB"", ""temp_file_limit"": ""-1"", ""work_mem"": ""256MB""}",postgres timed out after 0.1s
00724d1341cc7a5f41feb482b628b4fc65d4e846f5754e806f932f46158b939b,/home/timlittau/Documents/InferQ/analysis/finetuned_rdbms_162/qpy/00724d1341cc7a5f41feb482b628b4fc65d4e846f5754e806f932f46158b939b.qpy,9,47,0.9416989798191935,16163,58,4,54,sqlite,large_size,0,success,0.05002406984567642,512,29567,"{""cache_mb"": 128, ""db_path"": ""analysis/finetuned_rdbms_162_baseline_min_floor_100ms_contraction_all_engines/tmp/large_size/sqlite/bench.db"", ""mmap_mb"": 128, ""temp_store"": ""MEMORY"", ""threads"": 1}",
00724d1341cc7a5f41feb482b628b4fc65d4e846f5754e806f932f46158b939b,/home/timlittau/Documents/InferQ/analysis/finetuned_rdbms_162/qpy/00724d1341cc7a5f41feb482b628b4fc65d4e846f5754e806f932f46158b939b.qpy,9,47,0.9416989798191935,16163,58,4,54,sqlite,large_size,1,timeout,0.10158544196747243,0,3663875,"{""cache_mb"": 128, ""db_path"": ""analysis/finetuned_rdbms_162_baseline_min_floor_100ms_contraction_all_engines/tmp/large_size/sqlite/bench.db"", ""mmap_mb"": 128, ""temp_store"": ""MEMORY"", ""threads"": 1}",sqlite timed out after 0.1s
00724d1341cc7a5f41feb482b628b4fc65d4e846f5754e806f932f46158b939b,/home/timlittau/Documents/InferQ/analysis/finetuned_rdbms_162/qpy/00724d1341cc7a5f41feb482b628b4fc65d4e846f5754e806f932f46158b939b.qpy,9,47,0.9416989798191935,16163,58,4,54,duckdb,large_size,0,timeout,0.14036501199007034,0,20425,"{""max_temp_directory_size"": ""128GB"", ""memory_limit"": ""7409MB"", ""preserve_insertion_order"": true, ""temp_directory"": ""analysis/finetuned_rdbms_162_baseline_min_floor_100ms_contraction_all_engines/tmp/large_size/duckdb"", ""threads"": 1}",duckdb timed out after 0.1s
00724d1341cc7a5f41feb482b628b4fc65d4e846f5754e806f932f46158b939b,/home/timlittau/Documents/InferQ/analysis/finetuned_rdbms_162/qpy/00724d1341cc7a5f41feb482b628b4fc65d4e846f5754e806f932f46158b939b.qpy,9,47,0.9416989798191935,16163,58,4,54,duckdb,large_size,1,timeout,0.12866215803660452,0,20483,"{""max_temp_directory_size"": ""128GB"", ""memory_limit"": ""7409MB"", ""preserve_insertion_order"": true, ""temp_directory"": ""analysis/finetuned_rdbms_162_baseline_min_floor_100ms_contraction_all_engines/tmp/large_size/duckdb"", ""threads"": 1}",duckdb timed out after 0.1s
00724d1341cc7a5f41feb482b628b4fc65d4e846f5754e806f932f46158b939b,/home/timlittau/Documents/InferQ/analysis/finetuned_rdbms_162/qpy/00724d1341cc7a5f41feb482b628b4fc65d4e846f5754e806f932f46158b939b.qpy,9,47,0.9416989798191935,16163,58,4,54,postgres,large_size,0,success,0.08248145296238363,512,47561,"{""effective_cache_size"": ""2GB"", ""from_collapse_limit"": 1, ""hash_mem_multiplier"": ""1.94"", ""jit"": ""off"", ""join_collapse_limit"": 4, ""max_parallel_workers_per_gather"": 0, ""temp_buffers"": ""65MB"", ""temp_file_limit"": ""-1"", ""work_mem"": ""55MB""}",
00724d1341cc7a5f41feb482b628b4fc65d4e846f5754e806f932f46158b939b,/home/timlittau/Documents/InferQ/analysis/finetuned_rdbms_162/qpy/00724d1341cc7a5f41feb482b628b4fc65d4e846f5754e806f932f46158b939b.qpy,9,47,0.9416989798191935,16163,58,4,54,postgres,large_size,1,success,0.08455676608718932,512,47513,"{""effective_cache_size"": ""2GB"", ""from_collapse_limit"": 1, ""hash_mem_multiplier"": ""1.94"", ""jit"": ""off"", ""join_collapse_limit"": 4, ""max_parallel_workers_per_gather"": 0, ""temp_buffers"": ""65MB"", ""temp_file_limit"": ""-1"", ""work_mem"": ""55MB""}",
00725c79eee31f2bb8ef4d230593360131b2559ae304157607d7ea7b202972b6,/home/timlittau/Documents/InferQ/analysis/finetuned_rdbms_162/qpy/00725c79eee31f2bb8ef4d230593360131b2559ae304157607d7ea7b202972b6.qpy,9,34,0.5956254338379949,12024,46,5,41,sqlite,large_size,0,success,0.013602354098111391,512,29567,"{""cache_mb"": 128, ""db_path"": ""analysis/finetuned_rdbms_162_baseline_min_floor_100ms_contraction_all_engines/tmp/large_size/sqlite/bench.db"", ""mmap_mb"": 128, ""temp_store"": ""MEMORY"", ""threads"": 1}",
00725c79eee31f2bb8ef4d230593360131b2559ae304157607d7ea7b202972b6,/home/timlittau/Documents/InferQ/analysis/finetuned_rdbms_162/qpy/00725c79eee31f2bb8ef4d230593360131b2559ae304157607d7ea7b202972b6.qpy,9,34,0.5956254338379949,12024,46,5,41,sqlite,large_size,1,success,0.011744750896468759,512,29567,"{""cache_mb"": 128, ""db_path"": ""analysis/finetuned_rdbms_162_baseline_min_floor_100ms_contraction_all_engines/tmp/large_size/sqlite/bench.db"", ""mmap_mb"": 128, ""temp_store"": ""MEMORY"", ""threads"": 1}",
00725c79eee31f2bb8ef4d230593360131b2559ae304157607d7ea7b202972b6,/home/timlittau/Documents/InferQ/analysis/finetuned_rdbms_162/qpy/00725c79eee31f2bb8ef4d230593360131b2559ae304157607d7ea7b202972b6.qpy,9,34,0.5956254338379949,12024,46,5,41,duckdb,large_size,0,timeout,0.1275813258253038,0,3339079,"{""max_temp_directory_size"": ""128GB"", ""memory_limit"": ""7409MB"", ""preserve_insertion_order"": true, ""temp_directory"": ""analysis/finetuned_rdbms_162_baseline_min_floor_100ms_contraction_all_engines/tmp/large_size/duckdb"", ""threads"": 1}",duckdb timed out after 0.1s
00725c79eee31f2bb8ef4d230593360131b2559ae304157607d7ea7b202972b6,/home/timlittau/Documents/InferQ/analysis/finetuned_rdbms_162/qpy/00725c79eee31f2bb8ef4d230593360131b2559ae304157607d7ea7b202972b6.qpy,9,34,0.5956254338379949,12024,46,5,41,duckdb,large_size,1,success,0.08780081290751696,512,31795,"{""max_temp_directory_size"": ""128GB"", ""memory_limit"": ""7409MB"", ""preserve_insertion_order"": true, ""temp_directory"": ""analysis/finetuned_rdbms_162_baseline_min_floor_100ms_contraction_all_engines/tmp/large_size/duckdb"", ""threads"": 1}",
00725c79eee31f2bb8ef4d230593360131b2559ae304157607d7ea7b202972b6,/home/timlittau/Documents/InferQ/analysis/finetuned_rdbms_162/qpy/00725c79eee31f2bb8ef4d230593360131b2559ae304157607d7ea7b202972b6.qpy,9,34,0.5956254338379949,12024,46,5,41,postgres,large_size,0,success,0.022235085954889655,512,43374,"{""effective_cache_size"": ""2GB"", ""from_collapse_limit"": 1, ""hash_mem_multiplier"": ""1.94"", ""jit"": ""off"", ""join_collapse_limit"": 4, ""max_parallel_workers_per_gather"": 0, ""temp_buffers"": ""65MB"", ""temp_file_limit"": ""-1"", ""work_mem"": ""55MB""}",
00725c79eee31f2bb8ef4d230593360131b2559ae304157607d7ea7b202972b6,/home/timlittau/Documents/InferQ/analysis/finetuned_rdbms_162/qpy/00725c79eee31f2bb8ef4d230593360131b2559ae304157607d7ea7b202972b6.qpy,9,34,0.5956254338379949,12024,46,5,41,postgres,large_size,1,success,0.02233532490208745,512,43374,"{""effective_cache_size"": ""2GB"", ""from_collapse_limit"": 1, ""hash_mem_multiplier"": ""1.94"", ""jit"": ""off"", ""join_collapse_limit"": 4, ""max_parallel_workers_per_gather"": 0, ""temp_buffers"": ""65MB"", ""temp_file_limit"": ""-1"", ""work_mem"": ""55MB""}",
00749ce283122a93cdd6c9a894404ac769bcd89b9929f96156cf67e85f2b7390,/home/timlittau/Documents/InferQ/analysis/finetuned_rdbms_162/qpy/00749ce283122a93cdd6c9a894404ac769bcd89b9929f96156cf67e85f2b7390.qpy,13,117,2.5491201740223914,41829,135,7,128,sqlite,large_size,0,success,0.01627720193937421,1,3669,"{""cache_mb"": 128, ""db_path"": ""analysis/finetuned_rdbms_162_baseline_min_floor_100ms_contraction_all_engines/tmp/large_size/sqlite/bench.db"", ""mmap_mb"": 128, ""temp_store"": ""MEMORY"", ""threads"": 1}",
00749ce283122a93cdd6c9a894404ac769bcd89b9929f96156cf67e85f2b7390,/home/timlittau/Documents/InferQ/analysis/finetuned_rdbms_162/qpy/00749ce283122a93cdd6c9a894404ac769bcd89b9929f96156cf67e85f2b7390.qpy,13,117,2.5491201740223914,41829,135,7,128,sqlite,large_size,1,success,0.01466959505341947,1,3669,"{""cache_mb"": 128, ""db_path"": ""analysis/finetuned_rdbms_162_baseline_min_floor_100ms_contraction_all_engines/tmp/large_size/sqlite/bench.db"", ""mmap_mb"": 128, ""temp_store"": ""MEMORY"", ""threads"": 1}",
00749ce283122a93cdd6c9a894404ac769bcd89b9929f96156cf67e85f2b7390,/home/timlittau/Documents/InferQ/analysis/finetuned_rdbms_162/qpy/00749ce283122a93cdd6c9a894404ac769bcd89b9929f96156cf67e85f2b7390.qpy,13,117,2.5491201740223914,41829,135,7,128,duckdb,large_size,0,timeout,0.11055396497249603,0,45841,"{""max_temp_directory_size"": ""128GB"", ""memory_limit"": ""7409MB"", ""preserve_insertion_order"": true, ""temp_directory"": ""analysis/finetuned_rdbms_162_baseline_min_floor_100ms_contraction_all_engines/tmp/large_size/duckdb"", ""threads"": 1}",duckdb timed out after 0.1s
00749ce283122a93cdd6c9a894404ac769bcd89b9929f96156cf67e85f2b7390,/home/timlittau/Documents/InferQ/analysis/finetuned_rdbms_162/qpy/00749ce283122a93cdd6c9a894404ac769bcd89b9929f96156cf67e85f2b7390.qpy,13,117,2.5491201740223914,41829,135,7,128,duckdb,large_size,1,timeout,0.1101749730296433,0,45653,"{""max_temp_directory_size"": ""128GB"", ""memory_limit"": ""7409MB"", ""preserve_insertion_order"": true, ""temp_directory"": ""analysis/finetuned_rdbms_162_baseline_min_floor_100ms_contraction_all_engines/tmp/large_size/duckdb"", ""threads"": 1}",duckdb timed out after 0.1s
00749ce283122a93cdd6c9a894404ac769bcd89b9929f96156cf67e85f2b7390,/home/timlittau/Documents/InferQ/analysis/finetuned_rdbms_162/qpy/00749ce283122a93cdd6c9a894404ac769bcd89b9929f96156cf67e85f2b7390.qpy,13,117,2.5491201740223914,41829,135,7,128,postgres,large_size,0,success,0.06167285097762942,1,47401,"{""effective_cache_size"": ""2GB"", ""from_collapse_limit"": 1, ""hash_mem_multiplier"": ""1.94"", ""jit"": ""off"", ""join_collapse_limit"": 4, ""max_parallel_workers_per_gather"": 0, ""temp_buffers"": ""65MB"", ""temp_file_limit"": ""-1"", ""work_mem"": ""55MB""}",
00749ce283122a93cdd6c9a894404ac769bcd89b9929f96156cf67e85f2b7390,/home/timlittau/Documents/InferQ/analysis/finetuned_rdbms_162/qpy/00749ce283122a93cdd6c9a894404ac769bcd89b9929f96156cf67e85f2b7390.qpy,13,117,2.5491201740223914,41829,135,7,128,postgres,large_size,1,success,0.05882211308926344,1,47290,"{""effective_cache_size"": ""2GB"", ""from_collapse_limit"": 1, ""hash_mem_multiplier"": ""1.94"", ""jit"": ""off"", ""join_collapse_limit"": 4, ""max_parallel_workers_per_gather"": 0, ""temp_buffers"": ""65MB"", ""temp_file_limit"": ""-1"", ""work_mem"": ""55MB""}",
0078c7dcfa0d2b2e291c8b2639473b57a2f24c62fad07b65f3cf48a3cd76f251,/home/timlittau/Documents/InferQ/analysis/finetuned_rdbms_162/qpy/0078c7dcfa0d2b2e291c8b2639473b57a2f24c62fad07b65f3cf48a3cd76f251.qpy,11,42,0.8979536849074066,15116,56,5,51,sqlite,large_size,0,success,0.03263915190473199,2048,124367,"{""cache_mb"": 128, ""db_path"": ""analysis/finetuned_rdbms_162_baseline_min_floor_100ms_contraction_all_engines/tmp/large_size/sqlite/bench.db"", ""mmap_mb"": 128, ""temp_store"": ""MEMORY"", ""threads"": 1}",
0078c7dcfa0d2b2e291c8b2639473b57a2f24c62fad07b65f3cf48a3cd76f251,/home/timlittau/Documents/InferQ/analysis/finetuned_rdbms_162/qpy/0078c7dcfa0d2b2e291c8b2639473b57a2f24c62fad07b65f3cf48a3cd76f251.qpy,11,42,0.8979536849074066,15116,56,5,51,sqlite,large_size,1,success,0.03002284513786435,2048,124367,"{""cache_mb"": 128, ""db_path"": ""analysis/finetuned_rdbms_162_baseline_min_floor_100ms_contraction_all_engines/tmp/large_size/sqlite/bench.db"", ""mmap_mb"": 128, ""temp_store"": ""MEMORY"", ""threads"": 1}",
0078c7dcfa0d2b2e291c8b2639473b57a2f24c62fad07b65f3cf48a3cd76f251,/home/timlittau/Documents/InferQ/analysis/finetuned_rdbms_162/qpy/0078c7dcfa0d2b2e291c8b2639473b57a2f24c62fad07b65f3cf48a3cd76f251.qpy,11,42,0.8979536849074066,15116,56,5,51,duckdb,large_size,0,timeout,0.12008914304897189,0,18940,"{""max_temp_directory_size"": ""128GB"", ""memory_limit"": ""7409MB"", ""preserve_insertion_order"": true, ""temp_directory"": ""analysis/finetuned_rdbms_162_baseline_min_floor_100ms_contraction_all_engines/tmp/large_size/duckdb"", ""threads"": 1}",duckdb timed out after 0.1s
0078c7dcfa0d2b2e291c8b2639473b57a2f24c62fad07b65f3cf48a3cd76f251,/home/timlittau/Documents/InferQ/analysis/finetuned_rdbms_162/qpy/0078c7dcfa0d2b2e291c8b2639473b57a2f24c62fad07b65f3cf48a3cd76f251.qpy,11,42,0.8979536849074066,15116,56,5,51,duckdb,large_size,1,timeout,0.11944061703979969,0,19002,"{""max_temp_directory_size"": ""128GB"", ""memory_limit"": ""7409MB"", ""preserve_insertion_order"": true, ""temp_directory"": ""analysis/finetuned_rdbms_162_baseline_min_floor_100ms_contraction_all_engines/tmp/large_size/duckdb"", ""threads"": 1}",duckdb timed out after 0.1s
0078c7dcfa0d2b2e291c8b2639473b57a2f24c62fad07b65f3cf48a3cd76f251,/home/timlittau/Documents/InferQ/analysis/finetuned_rdbms_162/qpy/0078c7dcfa0d2b2e291c8b2639473b57a2f24c62fad07b65f3cf48a3cd76f251.qpy,11,42,0.8979536849074066,15116,56,5,51,postgres,large_size,0,success,0.04982329602353275,2048,139880,"{""effective_cache_size"": ""2GB"", ""from_collapse_limit"": 1, ""hash_mem_multiplier"": ""1.94"", ""jit"": ""off"", ""join_collapse_limit"": 4, ""max_parallel_workers_per_gather"": 0, ""temp_buffers"": ""65MB"", ""temp_file_limit"": ""-1"", ""work_mem"": ""55MB""}",
0078c7dcfa0d2b2e291c8b2639473b57a2f24c62fad07b65f3cf48a3cd76f251,/home/timlittau/Documents/InferQ/analysis/finetuned_rdbms_162/qpy/0078c7dcfa0d2b2e291c8b2639473b57a2f24c62fad07b65f3cf48a3cd76f251.qpy,11,42,0.8979536849074066,15116,56,5,51,postgres,large_size,1,success,0.05477596097625792,2048,139856,"{""effective_cache_size"": ""2GB"", ""from_collapse_limit"": 1, ""hash_mem_multiplier"": ""1.94"", ""jit"": ""off"", ""join_collapse_limit"": 4, ""max_parallel_workers_per_gather"": 0, ""temp_buffers"": ""65MB"", ""temp_file_limit"": ""-1"", ""work_mem"": ""55MB""}",
007ee1f1ff2a1ce1603613e6a569d1d703198675e3c50ab02d5f9fed277e1531,/home/timlittau/Documents/InferQ/analysis/finetuned_rdbms_162/qpy/007ee1f1ff2a1ce1603613e6a569d1d703198675e3c50ab02d5f9fed277e1531.qpy,5,59,0.9938643011264503,19407,67,5,62,sqlite,small_size,0,success,0.013910063076764345,32,29759,"{""cache_mb"": 64, ""db_path"": "":memory:"", ""mmap_mb"": 0, ""temp_store"": ""MEMORY"", ""threads"": 1}",
007ee1f1ff2a1ce1603613e6a569d1d703198675e3c50ab02d5f9fed277e1531,/home/timlittau/Documents/InferQ/analysis/finetuned_rdbms_162/qpy/007ee1f1ff2a1ce1603613e6a569d1d703198675e3c50ab02d5f9fed277e1531.qpy,5,59,0.9938643011264503,19407,67,5,62,sqlite,small_size,1,success,0.011058762902393937,32,3807,"{""cache_mb"": 64, ""db_path"": "":memory:"", ""mmap_mb"": 0, ""temp_store"": ""MEMORY"", ""threads"": 1}",
007ee1f1ff2a1ce1603613e6a569d1d703198675e3c50ab02d5f9fed277e1531,/home/timlittau/Documents/InferQ/analysis/finetuned_rdbms_162/qpy/007ee1f1ff2a1ce1603613e6a569d1d703198675e3c50ab02d5f9fed277e1531.qpy,5,59,0.9938643011264503,19407,67,5,62,duckdb,small_size,0,timeout,0.11537492112256587,0,23825,"{""max_temp_directory_size"": ""256GB"", ""memory_limit"": ""10780MB"", ""preserve_insertion_order"": false, ""temp_directory"": ""analysis/finetuned_rdbms_162_baseline_min_floor_100ms_contraction_all_engines/tmp/small_size/duckdb"", ""threads"": 2}",duckdb timed out after 0.1s
007ee1f1ff2a1ce1603613e6a569d1d703198675e3c50ab02d5f9fed277e1531,/home/timlittau/Documents/InferQ/analysis/finetuned_rdbms_162/qpy/007ee1f1ff2a1ce1603613e6a569d1d703198675e3c50ab02d5f9fed277e1531.qpy,5,59,0.9938643011264503,19407,67,5,62,duckdb,small_size,1,timeout,0.12219425104558468,0,23293,"{""max_temp_directory_size"": ""256GB"", ""memory_limit"": ""10780MB"", ""preserve_insertion_order"": false, ""temp_directory"": ""analysis/finetuned_rdbms_162_baseline_min_floor_100ms_contraction_all_engines/tmp/small_size/duckdb"", ""threads"": 2}",duckdb timed out after 0.1s
007ee1f1ff2a1ce1603613e6a569d1d703198675e3c50ab02d5f9fed277e1531,/home/timlittau/Documents/InferQ/analysis/finetuned_rdbms_162/qpy/007ee1f1ff2a1ce1603613e6a569d1d703198675e3c50ab02d5f9fed277e1531.qpy,5,59,0.9938643011264503,19407,67,5,62,postgres,small_size,0,success,0.025108407018706203,32,24290,"{""effective_cache_size"": ""8GB"", ""from_collapse_limit"": 1, ""hash_mem_multiplier"": ""2.0"", ""jit"": ""off"", ""join_collapse_limit"": 1, ""max_parallel_workers_per_gather"": 4, ""temp_buffers"": ""128MB"", ""temp_file_limit"": ""-1"", ""work_mem"": ""256MB""}",
007ee1f1ff2a1ce1603613e6a569d1d703198675e3c50ab02d5f9fed277e1531,/home/timlittau/Documents/InferQ/analysis/finetuned_rdbms_162/qpy/007ee1f1ff2a1ce1603613e6a569d1d703198675e3c50ab02d5f9fed277e1531.qpy,5,59,0.9938643011264503,19407,67,5,62,postgres,small_size,1,success,0.024732225807383657,32,24339,"{""effective_cache_size"": ""8GB"", ""from_collapse_limit"": 1, ""hash_mem_multiplier"": ""2.0"", ""jit"": ""off"", ""join_collapse_limit"": 1, ""max_parallel_workers_per_gather"": 4, ""temp_buffers"": ""128MB"", ""temp_file_limit"": ""-1"", ""work_mem"": ""256MB""}",
0080bd3e727825c2224d6addc2ffb7f0d33b294e0ead63f247de6d556a4df1b3,/home/timlittau/Documents/InferQ/analysis/finetuned_rdbms_162/qpy/0080bd3e727825c2224d6addc2ffb7f0d33b294e0ead63f247de6d556a4df1b3.qpy,11,100,1.9545796988531947,32955,115,6,109,sqlite,large_size,0,timeout,0.10382389719597995,0,1772253,"{""cache_mb"": 128, ""db_path"": ""analysis/finetuned_rdbms_162_baseline_min_floor_100ms_contraction_all_engines/tmp/large_size/sqlite/bench.db"", ""mmap_mb"": 128, ""temp_store"": ""MEMORY"", ""threads"": 1}",sqlite timed out after 0.1s
0080bd3e727825c2224d6addc2ffb7f0d33b294e0ead63f247de6d556a4df1b3,/home/timlittau/Documents/InferQ/analysis/finetuned_rdbms_162/qpy/0080bd3e727825c2224d6addc2ffb7f0d33b294e0ead63f247de6d556a4df1b3.qpy,11,100,1.9545796988531947,32955,115,6,109,sqlite,large_size,1,timeout,0.12022273894399405,0,3894,"{""cache_mb"": 128, ""db_path"": ""analysis/finetuned_rdbms_162_baseline_min_floor_100ms_contraction_all_engines/tmp/large_size/sqlite/bench.db"", ""mmap_mb"": 128, ""temp_store"": ""MEMORY"", ""threads"": 1}",sqlite timed out after 0.1s
0080bd3e727825c2224d6addc2ffb7f0d33b294e0ead63f247de6d556a4df1b3,/home/timlittau/Documents/InferQ/analysis/finetuned_rdbms_162/qpy/0080bd3e727825c2224d6addc2ffb7f0d33b294e0ead63f247de6d556a4df1b3.qpy,11,100,1.9545796988531947,32955,115,6,109,duckdb,large_size,0,timeout,0.11487637110985816,0,125365,"{""max_temp_directory_size"": ""128GB"", ""memory_limit"": ""7409MB"", ""preserve_insertion_order"": true, ""temp_directory"": ""analysis/finetuned_rdbms_162_baseline_min_floor_100ms_contraction_all_engines/tmp/large_size/duckdb"", ""threads"": 1}",duckdb timed out after 0.1s
0080bd3e727825c2224d6addc2ffb7f0d33b294e0ead63f247de6d556a4df1b3,/home/timlittau/Documents/InferQ/analysis/finetuned_rdbms_162/qpy/0080bd3e727825c2224d6addc2ffb7f0d33b294e0ead63f247de6d556a4df1b3.qpy,11,100,1.9545796988531947,32955,115,6,109,duckdb,large_size,1,timeout,0.11427690600976348,0,39619,"{""max_temp_directory_size"": ""128GB"", ""memory_limit"": ""7409MB"", ""preserve_insertion_order"": true, ""temp_directory"": ""analysis/finetuned_rdbms_162_baseline_min_floor_100ms_contraction_all_engines/tmp/large_size/duckdb"", ""threads"": 1}",duckdb timed out after 0.1s
0080bd3e727825c2224d6addc2ffb7f0d33b294e0ead63f247de6d556a4df1b3,/home/timlittau/Documents/InferQ/analysis/finetuned_rdbms_162/qpy/0080bd3e727825c2224d6addc2ffb7f0d33b294e0ead63f247de6d556a4df1b3.qpy,11,100,1.9545796988531947,32955,115,6,109,postgres,large_size,0,timeout,0.10817564884200692,0,38761,"{""effective_cache_size"": ""2GB"", ""from_collapse_limit"": 1, ""hash_mem_multiplier"": ""1.94"", ""jit"": ""off"", ""join_collapse_limit"": 4, ""max_parallel_workers_per_gather"": 0, ""temp_buffers"": ""65MB"", ""temp_file_limit"": ""-1"", ""work_mem"": ""55MB""}",postgres timed out after 0.1s
0080bd3e727825c2224d6addc2ffb7f0d33b294e0ead63f247de6d556a4df1b3,/home/timlittau/Documents/InferQ/analysis/finetuned_rdbms_162/qpy/0080bd3e727825c2224d6addc2ffb7f0d33b294e0ead63f247de6d556a4df1b3.qpy,11,100,1.9545796988531947,32955,115,6,109,postgres,large_size,1,timeout,0.10787672991864383,0,38809,"{""effective_cache_size"": ""2GB"", ""from_collapse_limit"": 1, ""hash_mem_multiplier"": ""1.94"", ""jit"": ""off"", ""join_collapse_limit"": 4, ""max_parallel_workers_per_gather"": 0, ""temp_buffers"": ""65MB"", ""temp_file_limit"": ""-1"", ""work_mem"": ""55MB""}",postgres timed out after 0.1s
0087b155b3584f83885d43608a4a399264f3b563a1f94d09eb9335e576eb1dba,/home/timlittau/Documents/InferQ/analysis/finetuned_rdbms_162/qpy/0087b155b3584f83885d43608a4a399264f3b563a1f94d09eb9335e576eb1dba.qpy,4,33,0.537233830196783,10742,39,4,35,sqlite,large_size,0,success,0.006191325141116977,16,3669,"{""cache_mb"": 128, ""db_path"": ""analysis/finetuned_rdbms_162_baseline_min_floor_100ms_contraction_all_engines/tmp/large_size/sqlite/bench.db"", ""mmap_mb"": 128, ""temp_store"": ""MEMORY"", ""threads"": 1}",
0087b155b3584f83885d43608a4a399264f3b563a1f94d09eb9335e576eb1dba,/home/timlittau/Documents/InferQ/analysis/finetuned_rdbms_162/qpy/0087b155b3584f83885d43608a4a399264f3b563a1f94d09eb9335e576eb1dba.qpy,4,33,0.537233830196783,10742,39,4,35,sqlite,large_size,1,success,0.005695407977327704,16,3669,"{""cache_mb"": 128, ""db_path"": ""analysis/finetuned_rdbms_162_baseline_min_floor_100ms_contraction_all_engines/tmp/large_size/sqlite/bench.db"", ""mmap_mb"": 128, ""temp_store"": ""MEMORY"", ""threads"": 1}",
0087b155b3584f83885d43608a4a399264f3b563a1f94d09eb9335e576eb1dba,/home/timlittau/Documents/InferQ/analysis/finetuned_rdbms_162/qpy/0087b155b3584f83885d43608a4a399264f3b563a1f94d09eb9335e576eb1dba.qpy,4,33,0.537233830196783,10742,39,4,35,duckdb,large_size,0,timeout,0.1207082299515605,0,1208667,"{""max_temp_directory_size"": ""128GB"", ""memory_limit"": ""7409MB"", ""preserve_insertion_order"": true, ""temp_directory"": ""analysis/finetuned_rdbms_162_baseline_min_floor_100ms_contraction_all_engines/tmp/large_size/duckdb"", ""threads"": 1}",duckdb timed out after 0.1s
0087b155b3584f83885d43608a4a399264f3b563a1f94d09eb9335e576eb1dba,/home/timlittau/Documents/InferQ/analysis/finetuned_rdbms_162/qpy/0087b155b3584f83885d43608a4a399264f3b563a1f94d09eb9335e576eb1dba.qpy,4,33,0.537233830196783,10742,39,4,35,duckdb,large_size,1,success,0.09409268293529749,16,296692,"{""max_temp_directory_size"": ""128GB"", ""memory_limit"": ""7409MB"", ""preserve_insertion_order"": true, ""temp_directory"": ""analysis/finetuned_rdbms_162_baseline_min_floor_100ms_contraction_all_engines/tmp/large_size/duckdb"", ""threads"": 1}",
0087b155b3584f83885d43608a4a399264f3b563a1f94d09eb9335e576eb1dba,/home/timlittau/Documents/InferQ/analysis/finetuned_rdbms_162/qpy/0087b155b3584f83885d43608a4a399264f3b563a1f94d09eb9335e576eb1dba.qpy,4,33,0.537233830196783,10742,39,4,35,postgres,large_size,0,success,0.01167138502933085,16,15458,"{""effective_cache_size"": ""2GB"", ""from_collapse_limit"": 1, ""hash_mem_multiplier"": ""1.94"", ""jit"": ""off"", ""join_collapse_limit"": 4, ""max_parallel_workers_per_gather"": 0, ""temp_buffers"": ""65MB"", ""temp_file_limit"": ""-1"", ""work_mem"": ""55MB""}",
0087b155b3584f83885d43608a4a399264f3b563a1f94d09eb9335e576eb1dba,/home/timlittau/Documents/InferQ/analysis/finetuned_rdbms_162/qpy/0087b155b3584f83885d43608a4a399264f3b563a1f94d09eb9335e576eb1dba.qpy,4,33,0.537233830196783,10742,39,4,35,postgres,large_size,1,success,0.009069808991625905,16,15458,"{""effective_cache_size"": ""2GB"", ""from_collapse_limit"": 1, ""hash_mem_multiplier"": ""1.94"", ""jit"": ""off"", ""join_collapse_limit"": 4, ""max_parallel_workers_per_gather"": 0, ""temp_buffers"": ""65MB"", ""temp_file_limit"": ""-1"", ""work_mem"": ""55MB""}",
008908046e9e4d77676ed790bd1f8abc10ba3bb56626ea7fbf6d98d82a57123e,/home/timlittau/Documents/InferQ/analysis/finetuned_rdbms_162/qpy/008908046e9e4d77676ed790bd1f8abc10ba3bb56626ea7fbf6d98d82a57123e.qpy,4,37,0.5856392679270357,12651,44,5,39,sqlite,small_size,0,success,0.007131712045520544,16,3807,"{""cache_mb"": 64, ""db_path"": "":memory:"", ""mmap_mb"": 0, ""temp_store"": ""MEMORY"", ""threads"": 1}",
008908046e9e4d77676ed790bd1f8abc10ba3bb56626ea7fbf6d98d82a57123e,/home/timlittau/Documents/InferQ/analysis/finetuned_rdbms_162/qpy/008908046e9e4d77676ed790bd1f8abc10ba3bb56626ea7fbf6d98d82a57123e.qpy,4,37,0.5856392679270357,12651,44,5,39,sqlite,small_size,1,success,0.006695164833217859,16,3807,"{""cache_mb"": 64, ""db_path"": "":memory:"", ""mmap_mb"": 0, ""temp_store"": ""MEMORY"", ""threads"": 1}",
008908046e9e4d77676ed790bd1f8abc10ba3bb56626ea7fbf6d98d82a57123e,/home/timlittau/Documents/InferQ/analysis/finetuned_rdbms_162/qpy/008908046e9e4d77676ed790bd1f8abc10ba3bb56626ea7fbf6d98d82a57123e.qpy,4,37,0.5856392679270357,12651,44,5,39,duckdb,small_size,0,success,0.1010688510723412,16,126501,"{""max_temp_directory_size"": ""256GB"", ""memory_limit"": ""10780MB"", ""preserve_insertion_order"": false, ""temp_directory"": ""analysis/finetuned_rdbms_162_baseline_min_floor_100ms_contraction_all_engines/tmp/small_size/duckdb"", ""threads"": 2}",
008908046e9e4d77676ed790bd1f8abc10ba3bb56626ea7fbf6d98d82a57123e,/home/timlittau/Documents/InferQ/analysis/finetuned_rdbms_162/qpy/008908046e9e4d77676ed790bd1f8abc10ba3bb56626ea7fbf6d98d82a57123e.qpy,4,37,0.5856392679270357,12651,44,5,39,duckdb,small_size,1,success,0.06080022407695651,16,16689,"{""max_temp_directory_size"": ""256GB"", ""memory_limit"": ""10780MB"", ""preserve_insertion_order"": false, ""temp_directory"": ""analysis/finetuned_rdbms_162_baseline_min_floor_100ms_contraction_all_engines/tmp/small_size/duckdb"", ""threads"": 2}",
008908046e9e4d77676ed790bd1f8abc10ba3bb56626ea7fbf6d98d82a57123e,/home/timlittau/Documents/InferQ/analysis/finetuned_rdbms_162/qpy/008908046e9e4d77676ed790bd1f8abc10ba3bb56626ea7fbf6d98d82a57123e.qpy,4,37,0.5856392679270357,12651,44,5,39,postgres,small_size,0,success,0.011915182927623391,16,17367,"{""effective_cache_size"": ""8GB"", ""from_collapse_limit"": 1, ""hash_mem_multiplier"": ""2.0"", ""jit"": ""off"", ""join_collapse_limit"": 1, ""max_parallel_workers_per_gather"": 4, ""temp_buffers"": ""128MB"", ""temp_file_limit"": ""-1"", ""work_mem"": ""256MB""}",
008908046e9e4d77676ed790bd1f8abc10ba3bb56626ea7fbf6d98d82a57123e,/home/timlittau/Documents/InferQ/analysis/finetuned_rdbms_162/qpy/008908046e9e4d77676ed790bd1f8abc10ba3bb56626ea7fbf6d98d82a57123e.qpy,4,37,0.5856392679270357,12651,44,5,39,postgres,small_size,1,success,0.009692382998764515,16,17367,"{""effective_cache_size"": ""8GB"", ""from_collapse_limit"": 1, ""hash_mem_multiplier"": ""2.0"", ""jit"": ""off"", ""join_collapse_limit"": 1, ""max_parallel_workers_per_gather"": 4, ""temp_buffers"": ""128MB"", ""temp_file_limit"": ""-1"", ""work_mem"": ""256MB""}",
008c607faddc4dd119768f8c27feee980c0eb42398a6217dd1dcfe2a77b1110d,/home/timlittau/Documents/InferQ/analysis/finetuned_rdbms_162/qpy/008c607faddc4dd119768f8c27feee980c0eb42398a6217dd1dcfe2a77b1110d.qpy,5,59,0.5876410328783095,19377,67,5,62,sqlite,small_size,0,success,0.01205122284591198,32,3807,"{""cache_mb"": 64, ""db_path"": "":memory:"", ""mmap_mb"": 0, ""temp_store"": ""MEMORY"", ""threads"": 1}",
008c607faddc4dd119768f8c27feee980c0eb42398a6217dd1dcfe2a77b1110d,/home/timlittau/Documents/InferQ/analysis/finetuned_rdbms_162/qpy/008c607faddc4dd119768f8c27feee980c0eb42398a6217dd1dcfe2a77b1110d.qpy,5,59,0.5876410328783095,19377,67,5,62,sqlite,small_size,1,success,0.015098923118785024,32,124415,"{""cache_mb"": 64, ""db_path"": "":memory:"", ""mmap_mb"": 0, ""temp_store"": ""MEMORY"", ""threads"": 1}",
008c607faddc4dd119768f8c27feee980c0eb42398a6217dd1dcfe2a77b1110d,/home/timlittau/Documents/InferQ/analysis/finetuned_rdbms_162/qpy/008c607faddc4dd119768f8c27feee980c0eb42398a6217dd1dcfe2a77b1110d.qpy,5,59,0.5876410328783095,19377,67,5,62,duckdb,small_size,0,timeout,0.1126295099966228,0,23513,"{""max_temp_directory_size"": ""256GB"", ""memory_limit"": ""10780MB"", ""preserve_insertion_order"": false, ""temp_directory"": ""analysis/finetuned_rdbms_162_baseline_min_floor_100ms_contraction_all_engines/tmp/small_size/duckdb"", ""threads"": 2}",duckdb timed out after 0.1s
008c607faddc4dd119768f8c27feee980c0eb42398a6217dd1dcfe2a77b1110d,/home/timlittau/Documents/InferQ/analysis/finetuned_rdbms_162/qpy/008c607faddc4dd119768f8c27feee980c0eb42398a6217dd1dcfe2a77b1110d.qpy,5,59,0.5876410328783095,19377,67,5,62,duckdb,small_size,1,timeout,0.11742711393162608,0,23915,"{""max_temp_directory_size"": ""256GB"", ""memory_limit"": ""10780MB"", ""preserve_insertion_order"": false, ""temp_directory"": ""analysis/finetuned_rdbms_162_baseline_min_floor_100ms_contraction_all_engines/tmp/small_size/duckdb"", ""threads"": 2}",duckdb timed out after 0.1s
008c607faddc4dd119768f8c27feee980c0eb42398a6217dd1dcfe2a77b1110d,/home/timlittau/Documents/InferQ/analysis/finetuned_rdbms_162/qpy/008c607faddc4dd119768f8c27feee980c0eb42398a6217dd1dcfe2a77b1110d.qpy,5,59,0.5876410328783095,19377,67,5,62,postgres,small_size,0,success,0.025705883046612144,32,24310,"{""effective_cache_size"": ""8GB"", ""from_collapse_limit"": 1, ""hash_mem_multiplier"": ""2.0"", ""jit"": ""off"", ""join_collapse_limit"": 1, ""max_parallel_workers_per_gather"": 4, ""temp_buffers"": ""128MB"", ""temp_file_limit"": ""-1"", ""work_mem"": ""256MB""}",
008c607faddc4dd119768f8c27feee980c0eb42398a6217dd1dcfe2a77b1110d,/home/timlittau/Documents/InferQ/analysis/finetuned_rdbms_162/qpy/008c607faddc4dd119768f8c27feee980c0eb42398a6217dd1dcfe2a77b1110d.qpy,5,59,0.5876410328783095,19377,67,5,62,postgres,small_size,1,success,0.026133087929338217,32,24310,"{""effective_cache_size"": ""8GB"", ""from_collapse_limit"": 1, ""hash_mem_multiplier"": ""2.0"", ""jit"": ""off"", ""join_collapse_limit"": 1, ""max_parallel_workers_per_gather"": 4, ""temp_buffers"": ""128MB"", ""temp_file_limit"": ""-1"", ""work_mem"": ""256MB""}",
008d7d2d32597e947c72f0d86badbd8c0184e2bcf45f8975c7e7962a81b1d25f,/home/timlittau/Documents/InferQ/analysis/finetuned_rdbms_162/qpy/008d7d2d32597e947c72f0d86badbd8c0184e2bcf45f8975c7e7962a81b1d25f.qpy,10,64,1.2386325339321047,21909,77,5,72,sqlite,large_size,0,success,0.021352755138650537,32,3669,"{""cache_mb"": 128, ""db_path"": ""analysis/finetuned_rdbms_162_baseline_min_floor_100ms_contraction_all_engines/tmp/large_size/sqlite/bench.db"", ""mmap_mb"": 128, ""temp_store"": ""MEMORY"", ""threads"": 1}",
008d7d2d32597e947c72f0d86badbd8c0184e2bcf45f8975c7e7962a81b1d25f,/home/timlittau/Documents/InferQ/analysis/finetuned_rdbms_162/qpy/008d7d2d32597e947c72f0d86badbd8c0184e2bcf45f8975c7e7962a81b1d25f.qpy,10,64,1.2386325339321047,21909,77,5,72,sqlite,large_size,1,success,0.019913377007469535,32,3669,"{""cache_mb"": 128, ""db_path"": ""analysis/finetuned_rdbms_162_baseline_min_floor_100ms_contraction_all_engines/tmp/large_size/sqlite/bench.db"", ""mmap_mb"": 128, ""temp_store"": ""MEMORY"", ""threads"": 1}",
008d7d2d32597e947c72f0d86badbd8c0184e2bcf45f8975c7e7962a81b1d25f,/home/timlittau/Documents/InferQ/analysis/finetuned_rdbms_162/qpy/008d7d2d32597e947c72f0d86badbd8c0184e2bcf45f8975c7e7962a81b1d25f.qpy,10,64,1.2386325339321047,21909,77,5,72,duckdb,large_size,0,timeout,0.1128708110190928,0,125021,"{""max_temp_directory_size"": ""128GB"", ""memory_limit"": ""7409MB"", ""preserve_insertion_order"": true, ""temp_directory"": ""analysis/finetuned_rdbms_162_baseline_min_floor_100ms_contraction_all_engines/tmp/large_size/duckdb"", ""threads"": 1}",duckdb timed out after 0.1s
008d7d2d32597e947c72f0d86badbd8c0184e2bcf45f8975c7e7962a81b1d25f,/home/timlittau/Documents/InferQ/analysis/finetuned_rdbms_162/qpy/008d7d2d32597e947c72f0d86badbd8c0184e2bcf45f8975c7e7962a81b1d25f.qpy,10,64,1.2386325339321047,21909,77,5,72,duckdb,large_size,1,timeout,0.11169635411351919,0,25795,"{""max_temp_directory_size"": ""128GB"", ""memory_limit"": ""7409MB"", ""preserve_insertion_order"": true, ""temp_directory"": ""analysis/finetuned_rdbms_162_baseline_min_floor_100ms_contraction_all_engines/tmp/large_size/duckdb"", ""threads"": 1}",duckdb timed out after 0.1s
008d7d2d32597e947c72f0d86badbd8c0184e2bcf45f8975c7e7962a81b1d25f,/home/timlittau/Documents/InferQ/analysis/finetuned_rdbms_162/qpy/008d7d2d32597e947c72f0d86badbd8c0184e2bcf45f8975c7e7962a81b1d25f.qpy,10,64,1.2386325339321047,21909,77,5,72,postgres,large_size,0,success,0.037886299192905426,32,27234,"{""effective_cache_size"": ""2GB"", ""from_collapse_limit"": 1, ""hash_mem_multiplier"": ""1.94"", ""jit"": ""off"", ""join_collapse_limit"": 4, ""max_parallel_workers_per_gather"": 0, ""temp_buffers"": ""65MB"", ""temp_file_limit"": ""-1"", ""work_mem"": ""55MB""}",
008d7d2d32597e947c72f0d86badbd8c0184e2bcf45f8975c7e7962a81b1d25f,/home/timlittau/Documents/InferQ/analysis/finetuned_rdbms_162/qpy/008d7d2d32597e947c72f0d86badbd8c0184e2bcf45f8975c7e7962a81b1d25f.qpy,10,64,1.2386325339321047,21909,77,5,72,postgres,large_size,1,success,0.039982802933081985,32,27283,"{""effective_cache_size"": ""2GB"", ""from_collapse_limit"": 1, ""hash_mem_multiplier"": ""1.94"", ""jit"": ""off"", ""join_collapse_limit"": 4, ""max_parallel_workers_per_gather"": 0, ""temp_buffers"": ""65MB"", ""temp_file_limit"": ""-1"", ""work_mem"": ""55MB""}",
0090b72ef89b7fc76f20b62ee977a588935b62347bf51d09dc73d6c137a4007a,/home/timlittau/Documents/InferQ/analysis/finetuned_rdbms_162/qpy/0090b72ef89b7fc76f20b62ee977a588935b62347bf51d09dc73d6c137a4007a.qpy,1,1,0.009917241986840963,710,2,2,0,sqlite,small_size,0,success,0.0002134570386260748,2,3807,"{""cache_mb"": 64, ""db_path"": "":memory:"", ""mmap_mb"": 0, ""temp_store"": ""MEMORY"", ""threads"": 1}",
0090b72ef89b7fc76f20b62ee977a588935b62347bf51d09dc73d6c137a4007a,/home/timlittau/Documents/InferQ/analysis/finetuned_rdbms_162/qpy/0090b72ef89b7fc76f20b62ee977a588935b62347bf51d09dc73d6c137a4007a.qpy,1,1,0.009917241986840963,710,2,2,0,sqlite,small_size,1,success,0.00016644899733364582,2,3807,"{""cache_mb"": 64, ""db_path"": "":memory:"", ""mmap_mb"": 0, ""temp_store"": ""MEMORY"", ""threads"": 1}",
0090b72ef89b7fc76f20b62ee977a588935b62347bf51d09dc73d6c137a4007a,/home/timlittau/Documents/InferQ/analysis/finetuned_rdbms_162/qpy/0090b72ef89b7fc76f20b62ee977a588935b62347bf51d09dc73d6c137a4007a.qpy,1,1,0.009917241986840963,710,2,2,0,duckdb,small_size,0,success,0.0030991900712251663,2,5504,"{""max_temp_directory_size"": ""256GB"", ""memory_limit"": ""10780MB"", ""preserve_insertion_order"": false, ""temp_directory"": ""analysis/finetuned_rdbms_162_baseline_min_floor_100ms_contraction_all_engines/tmp/small_size/duckdb"", ""threads"": 2}",
0090b72ef89b7fc76f20b62ee977a588935b62347bf51d09dc73d6c137a4007a,/home/timlittau/Documents/InferQ/analysis/finetuned_rdbms_162/qpy/0090b72ef89b7fc76f20b62ee977a588935b62347bf51d09dc73d6c137a4007a.qpy,1,1,0.009917241986840963,710,2,2,0,duckdb,small_size,1,success,0.0031527739483863115,2,5128,"{""max_temp_directory_size"": ""256GB"", ""memory_limit"": ""10780MB"", ""preserve_insertion_order"": false, ""temp_directory"": ""analysis/finetuned_rdbms_162_baseline_min_floor_100ms_contraction_all_engines/tmp/small_size/duckdb"", ""threads"": 2}",
0090b72ef89b7fc76f20b62ee977a588935b62347bf51d09dc73d6c137a4007a,/home/timlittau/Documents/InferQ/analysis/finetuned_rdbms_162/qpy/0090b72ef89b7fc76f20b62ee977a588935b62347bf51d09dc73d6c137a4007a.qpy,1,1,0.009917241986840963,710,2,2,0,postgres,small_size,0,success,0.0010264620650559664,2,5115,"{""effective_cache_size"": ""8GB"", ""from_collapse_limit"": 1, ""hash_mem_multiplier"": ""2.0"", ""jit"": ""off"", ""join_collapse_limit"": 1, ""max_parallel_workers_per_gather"": 4, ""temp_buffers"": ""128MB"", ""temp_file_limit"": ""-1"", ""work_mem"": ""256MB""}",
0090b72ef89b7fc76f20b62ee977a588935b62347bf51d09dc73d6c137a4007a,/home/timlittau/Documents/InferQ/analysis/finetuned_rdbms_162/qpy/0090b72ef89b7fc76f20b62ee977a588935b62347bf51d09dc73d6c137a4007a.qpy,1,1,0.009917241986840963,710,2,2,0,postgres,small_size,1,success,0.00101577490568161,2,5115,"{""effective_cache_size"": ""8GB"", ""from_collapse_limit"": 1, ""hash_mem_multiplier"": ""2.0"", ""jit"": ""off"", ""join_collapse_limit"": 1, ""max_parallel_workers_per_gather"": 4, ""temp_buffers"": ""128MB"", ""temp_file_limit"": ""-1"", ""work_mem"": ""256MB""}",
0091de015faf27adbfe6dc0954f8c8457bd5c7637d7c7118a4fa16ba4134d590,/home/timlittau/Documents/InferQ/analysis/finetuned_rdbms_162/qpy/0091de015faf27adbfe6dc0954f8c8457bd5c7637d7c7118a4fa16ba4134d590.qpy,9,26,0.43341156491078436,10166,38,5,33,sqlite,small_size,0,success,0.010933436919003725,512,29705,"{""cache_mb"": 64, ""db_path"": "":memory:"", ""mmap_mb"": 0, ""temp_store"": ""MEMORY"", ""threads"": 1}",
0091de015faf27adbfe6dc0954f8c8457bd5c7637d7c7118a4fa16ba4134d590,/home/timlittau/Documents/InferQ/analysis/finetuned_rdbms_162/qpy/0091de015faf27adbfe6dc0954f8c8457bd5c7637d7c7118a4fa16ba4134d590.qpy,9,26,0.43341156491078436,10166,38,5,33,sqlite,small_size,1,success,0.010498157003894448,512,29705,"{""cache_mb"": 64, ""db_path"": "":memory:"", ""mmap_mb"": 0, ""temp_store"": ""MEMORY"", ""threads"": 1}",
0091de015faf27adbfe6dc0954f8c8457bd5c7637d7c7118a4fa16ba4134d590,/home/timlittau/Documents/InferQ/analysis/finetuned_rdbms_162/qpy/0091de015faf27adbfe6dc0954f8c8457bd5c7637d7c7118a4fa16ba4134d590.qpy,9,26,0.43341156491078436,10166,38,5,33,duckdb,small_size,0,success,0.02668941509909928,512,30615,"{""max_temp_directory_size"": ""256GB"", ""memory_limit"": ""10780MB"", ""preserve_insertion_order"": false, ""temp_directory"": ""analysis/finetuned_rdbms_162_baseline_min_floor_100ms_contraction_all_engines/tmp/small_size/duckdb"", ""threads"": 2}",
0091de015faf27adbfe6dc0954f8c8457bd5c7637d7c7118a4fa16ba4134d590,/home/timlittau/Documents/InferQ/analysis/finetuned_rdbms_162/qpy/0091de015faf27adbfe6dc0954f8c8457bd5c7637d7c7118a4fa16ba4134d590.qpy,9,26,0.43341156491078436,10166,38,5,33,duckdb,small_size,1,success,0.025840676156803966,512,30271,"{""max_temp_directory_size"": ""256GB"", ""memory_limit"": ""10780MB"", ""preserve_insertion_order"": false, ""temp_directory"": ""analysis/finetuned_rdbms_162_baseline_min_floor_100ms_contraction_all_engines/tmp/small_size/duckdb"", ""threads"": 2}",
0091de015faf27adbfe6dc0954f8c8457bd5c7637d7c7118a4fa16ba4134d590,/home/timlittau/Documents/InferQ/analysis/finetuned_rdbms_162/qpy/0091de015faf27adbfe6dc0954f8c8457bd5c7637d7c7118a4fa16ba4134d590.qpy,9,26,0.43341156491078436,10166,38,5,33,postgres,small_size,0,success,0.01703977701254189,512,41513,"{""effective_cache_size"": ""8GB"", ""from_collapse_limit"": 1, ""hash_mem_multiplier"": ""2.0"", ""jit"": ""off"", ""join_collapse_limit"": 1, ""max_parallel_workers_per_gather"": 4, ""temp_buffers"": ""128MB"", ""temp_file_limit"": ""-1"", ""work_mem"": ""256MB""}",
0091de015faf27adbfe6dc0954f8c8457bd5c7637d7c7118a4fa16ba4134d590,/home/timlittau/Documents/InferQ/analysis/finetuned_rdbms_162/qpy/0091de015faf27adbfe6dc0954f8c8457bd5c7637d7c7118a4fa16ba4134d590.qpy,9,26,0.43341156491078436,10166,38,5,33,postgres,small_size,1,success,0.010095663135871291,512,43305,"{""effective_cache_size"": ""8GB"", ""from_collapse_limit"": 1, ""hash_mem_multiplier"": ""2.0"", ""jit"": ""off"", ""join_collapse_limit"": 1, ""max_parallel_workers_per_gather"": 4, ""temp_buffers"": ""128MB"", ""temp_file_limit"": ""-1"", ""work_mem"": ""256MB""}",
009915dd437f46630f6dc7554b93e1b1afbbef2c7e6503570e626bb0fb457aaa,/home/timlittau/Documents/InferQ/analysis/finetuned_rdbms_162/qpy/009915dd437f46630f6dc7554b93e1b1afbbef2c7e6503570e626bb0fb457aaa.qpy,3,20,0.2076645540073514,7389,26,5,21,sqlite,small_size,0,success,0.003288117004558444,8,3807,"{""cache_mb"": 64, ""db_path"": "":memory:"", ""mmap_mb"": 0, ""temp_store"": ""MEMORY"", ""threads"": 1}",
009915dd437f46630f6dc7554b93e1b1afbbef2c7e6503570e626bb0fb457aaa,/home/timlittau/Documents/InferQ/analysis/finetuned_rdbms_162/qpy/009915dd437f46630f6dc7554b93e1b1afbbef2c7e6503570e626bb0fb457aaa.qpy,3,20,0.2076645540073514,7389,26,5,21,sqlite,small_size,1,success,0.003223991021513939,8,3807,"{""cache_mb"": 64, ""db_path"": "":memory:"", ""mmap_mb"": 0, ""temp_store"": ""MEMORY"", ""threads"": 1}",
009915dd437f46630f6dc7554b93e1b1afbbef2c7e6503570e626bb0fb457aaa,/home/timlittau/Documents/InferQ/analysis/finetuned_rdbms_162/qpy/009915dd437f46630f6dc7554b93e1b1afbbef2c7e6503570e626bb0fb457aaa.qpy,3,20,0.2076645540073514,7389,26,5,21,duckdb,small_size,0,success,0.09310768009163439,8,11807,"{""max_temp_directory_size"": ""256GB"", ""memory_limit"": ""10780MB"", ""preserve_insertion_order"": false, ""temp_directory"": ""analysis/finetuned_rdbms_162_baseline_min_floor_100ms_contraction_all_engines/tmp/small_size/duckdb"", ""threads"": 2}",
009915dd437f46630f6dc7554b93e1b1afbbef2c7e6503570e626bb0fb457aaa,/home/timlittau/Documents/InferQ/analysis/finetuned_rdbms_162/qpy/009915dd437f46630f6dc7554b93e1b1afbbef2c7e6503570e626bb0fb457aaa.qpy,3,20,0.2076645540073514,7389,26,5,21,duckdb,small_size,1,success,0.03957532695494592,8,11521,"{""max_temp_directory_size"": ""256GB"", ""memory_limit"": ""10780MB"", ""preserve_insertion_order"": false, ""temp_directory"": ""analysis/finetuned_rdbms_162_baseline_min_floor_100ms_contraction_all_engines/tmp/small_size/duckdb"", ""threads"": 2}",
009915dd437f46630f6dc7554b93e1b1afbbef2c7e6503570e626bb0fb457aaa,/home/timlittau/Documents/InferQ/analysis/finetuned_rdbms_162/qpy/009915dd437f46630f6dc7554b93e1b1afbbef2c7e6503570e626bb0fb457aaa.qpy,3,20,0.2076645540073514,7389,26,5,21,postgres,small_size,0,success,0.007498190039768815,8,12538,"{""effective_cache_size"": ""8GB"", ""from_collapse_limit"": 1, ""hash_mem_multiplier"": ""2.0"", ""jit"": ""off"", ""join_collapse_limit"": 1, ""max_parallel_workers_per_gather"": 4, ""temp_buffers"": ""128MB"", ""temp_file_limit"": ""-1"", ""work_mem"": ""256MB""}",
009915dd437f46630f6dc7554b93e1b1afbbef2c7e6503570e626bb0fb457aaa,/home/timlittau/Documents/InferQ/analysis/finetuned_rdbms_162/qpy/009915dd437f46630f6dc7554b93e1b1afbbef2c7e6503570e626bb0fb457aaa.qpy,3,20,0.2076645540073514,7389,26,5,21,postgres,small_size,1,success,0.006972406059503555,8,11921,"{""effective_cache_size"": ""8GB"", ""from_collapse_limit"": 1, ""hash_mem_multiplier"": ""2.0"", ""jit"": ""off"", ""join_collapse_limit"": 1, ""max_parallel_workers_per_gather"": 4, ""temp_buffers"": ""128MB"", ""temp_file_limit"": ""-1"", ""work_mem"": ""256MB""}",
0099a04c527fa7dd74d7a09d85f4ef05dcb4bbfd697ddf9021213aa84b45a6c0,/home/timlittau/Documents/InferQ/analysis/finetuned_rdbms_162/qpy/0099a04c527fa7dd74d7a09d85f4ef05dcb4bbfd697ddf9021213aa84b45a6c0.qpy,1,1,0.009747102158144116,662,2,2,0,sqlite,small_size,0,success,0.00022084685042500496,2,3807,"{""cache_mb"": 64, ""db_path"": "":memory:"", ""mmap_mb"": 0, ""temp_store"": ""MEMORY"", ""threads"": 1}",
0099a04c527fa7dd74d7a09d85f4ef05dcb4bbfd697ddf9021213aa84b45a6c0,/home/timlittau/Documents/InferQ/analysis/finetuned_rdbms_162/qpy/0099a04c527fa7dd74d7a09d85f4ef05dcb4bbfd697ddf9021213aa84b45a6c0.qpy,1,1,0.009747102158144116,662,2,2,0,sqlite,small_size,1,success,0.00017684395425021648,2,3807,"{""cache_mb"": 64, ""db_path"": "":memory:"", ""mmap_mb"": 0, ""temp_store"": ""MEMORY"", ""threads"": 1}",
0099a04c527fa7dd74d7a09d85f4ef05dcb4bbfd697ddf9021213aa84b45a6c0,/home/timlittau/Documents/InferQ/analysis/finetuned_rdbms_162/qpy/0099a04c527fa7dd74d7a09d85f4ef05dcb4bbfd697ddf9021213aa84b45a6c0.qpy,1,1,0.009747102158144116,662,2,2,0,duckdb,small_size,0,success,0.0030082918237894773,2,4730,"{""max_temp_directory_size"": ""256GB"", ""memory_limit"": ""10780MB"", ""preserve_insertion_order"": false, ""temp_directory"": ""analysis/finetuned_rdbms_162_baseline_min_floor_100ms_contraction_all_engines/tmp/small_size/duckdb"", ""threads"": 2}",
0099a04c527fa7dd74d7a09d85f4ef05dcb4bbfd697ddf9021213aa84b45a6c0,/home/timlittau/Documents/InferQ/analysis/finetuned_rdbms_162/qpy/0099a04c527fa7dd74d7a09d85f4ef05dcb4bbfd697ddf9021213aa84b45a6c0.qpy,1,1,0.009747102158144116,662,2,2,0,duckdb,small_size,1,success,0.0029332030098885298,2,4606,"{""max_temp_directory_size"": ""256GB"", ""memory_limit"": ""10780MB"", ""preserve_insertion_order"": false, ""temp_directory"": ""analysis/finetuned_rdbms_162_baseline_min_floor_100ms_contraction_all_engines/tmp/small_size/duckdb"", ""threads"": 2}",
0099a04c527fa7dd74d7a09d85f4ef05dcb4bbfd697ddf9021213aa84b45a6c0,/home/timlittau/Documents/InferQ/analysis/finetuned_rdbms_162/qpy/0099a04c527fa7dd74d7a09d85f4ef05dcb4bbfd697ddf9021213aa84b45a6c0.qpy,1,1,0.009747102158144116,662,2,2,0,postgres,small_size,0,success,0.0010231181513518095,2,5067,"{""effective_cache_size"": ""8GB"", ""from_collapse_limit"": 1, ""hash_mem_multiplier"": ""2.0"", ""jit"": ""off"", ""join_collapse_limit"": 1, ""max_parallel_workers_per_gather"": 4, ""temp_buffers"": ""128MB"", ""temp_file_limit"": ""-1"", ""work_mem"": ""256MB""}",
0099a04c527fa7dd74d7a09d85f4ef05dcb4bbfd697ddf9021213aa84b45a6c0,/home/timlittau/Documents/InferQ/analysis/finetuned_rdbms_162/qpy/0099a04c527fa7dd74d7a09d85f4ef05dcb4bbfd697ddf9021213aa84b45a6c0.qpy,1,1,0.009747102158144116,662,2,2,0,postgres,small_size,1,success,0.0009994888678193092,2,5067,"{""effective_cache_size"": ""8GB"", ""from_collapse_limit"": 1, ""hash_mem_multiplier"": ""2.0"", ""jit"": ""off"", ""join_collapse_limit"": 1, ""max_parallel_workers_per_gather"": 4, ""temp_buffers"": ""128MB"", ""temp_file_limit"": ""-1"", ""work_mem"": ""256MB""}",
0099dd619a800292f9eff1d3bcc3e0551b983a9e0db2470f8141021772e3d142,/home/timlittau/Documents/InferQ/analysis/finetuned_rdbms_162/qpy/0099dd619a800292f9eff1d3bcc3e0551b983a9e0db2470f8141021772e3d142.qpy,4,20,0.297452209983021,8020,30,8,22,sqlite,small_size,0,success,0.003358827903866768,4,3807,"{""cache_mb"": 64, ""db_path"": "":memory:"", ""mmap_mb"": 0, ""temp_store"": ""MEMORY"", ""threads"": 1}",
0099dd619a800292f9eff1d3bcc3e0551b983a9e0db2470f8141021772e3d142,/home/timlittau/Documents/InferQ/analysis/finetuned_rdbms_162/qpy/0099dd619a800292f9eff1d3bcc3e0551b983a9e0db2470f8141021772e3d142.qpy,4,20,0.297452209983021,8020,30,8,22,sqlite,small_size,1,success,0.0031572291627526283,4,3807,"{""cache_mb"": 64, ""db_path"": "":memory:"", ""mmap_mb"": 0, ""temp_store"": ""MEMORY"", ""threads"": 1}",
0099dd619a800292f9eff1d3bcc3e0551b983a9e0db2470f8141021772e3d142,/home/timlittau/Documents/InferQ/analysis/finetuned_rdbms_162/qpy/0099dd619a800292f9eff1d3bcc3e0551b983a9e0db2470f8141021772e3d142.qpy,4,20,0.297452209983021,8020,30,8,22,duckdb,small_size,0,success,0.059076101053506136,4,12438,"{""max_temp_directory_size"": ""256GB"", ""memory_limit"": ""10780MB"", ""preserve_insertion_order"": false, ""temp_directory"": ""analysis/finetuned_rdbms_162_baseline_min_floor_100ms_contraction_all_engines/tmp/small_size/duckdb"", ""threads"": 2}",
0099dd619a800292f9eff1d3bcc3e0551b983a9e0db2470f8141021772e3d142,/home/timlittau/Documents/InferQ/analysis/finetuned_rdbms_162/qpy/0099dd619a800292f9eff1d3bcc3e0551b983a9e0db2470f8141021772e3d142.qpy,4,20,0.297452209983021,8020,30,8,22,duckdb,small_size,1,success,0.06054993998259306,4,12252,"{""max_temp_directory_size"": ""256GB"", ""memory_limit"": ""10780MB"", ""preserve_insertion_order"": false, ""temp_directory"": ""analysis/finetuned_rdbms_162_baseline_min_floor_100ms_contraction_all_engines/tmp/small_size/duckdb"", ""threads"": 2}",
0099dd619a800292f9eff1d3bcc3e0551b983a9e0db2470f8141021772e3d142,/home/timlittau/Documents/InferQ/analysis/finetuned_rdbms_162/qpy/0099dd619a800292f9eff1d3bcc3e0551b983a9e0db2470f8141021772e3d142.qpy,4,20,0.297452209983021,8020,30,8,22,postgres,small_size,0,success,0.008206835947930813,4,12689,"{""effective_cache_size"": ""8GB"", ""from_collapse_limit"": 1, ""hash_mem_multiplier"": ""2.0"", ""jit"": ""off"", ""join_collapse_limit"": 1, ""max_parallel_workers_per_gather"": 4, ""temp_buffers"": ""128MB"", ""temp_file_limit"": ""-1"", ""work_mem"": ""256MB""}",
0099dd619a800292f9eff1d3bcc3e0551b983a9e0db2470f8141021772e3d142,/home/timlittau/Documents/InferQ/analysis/finetuned_rdbms_162/qpy/0099dd619a800292f9eff1d3bcc3e0551b983a9e0db2470f8141021772e3d142.qpy,4,20,0.297452209983021,8020,30,8,22,postgres,small_size,1,success,0.008207967970520258,4,12689,"{""effective_cache_size"": ""8GB"", ""from_collapse_limit"": 1, ""hash_mem_multiplier"": ""2.0"", ""jit"": ""off"", ""join_collapse_limit"": 1, ""max_parallel_workers_per_gather"": 4, ""temp_buffers"": ""128MB"", ""temp_file_limit"": ""-1"", ""work_mem"": ""256MB""}",
009eed57c827cadc8ad7bec90f343c9dceb7d0034734f5807ac098e300e22bc6,/home/timlittau/Documents/InferQ/analysis/finetuned_rdbms_162/qpy/009eed57c827cadc8ad7bec90f343c9dceb7d0034734f5807ac098e300e22bc6.qpy,4,28,0.4636921731289476,9690,35,5,30,sqlite,large_size,0,success,0.005458175903186202,16,3669,"{""cache_mb"": 128, ""db_path"": ""analysis/finetuned_rdbms_162_baseline_min_floor_100ms_contraction_all_engines/tmp/large_size/sqlite/bench.db"", ""mmap_mb"": 128, ""temp_store"": ""MEMORY"", ""threads"": 1}",
009eed57c827cadc8ad7bec90f343c9dceb7d0034734f5807ac098e300e22bc6,/home/timlittau/Documents/InferQ/analysis/finetuned_rdbms_162/qpy/009eed57c827cadc8ad7bec90f343c9dceb7d0034734f5807ac098e300e22bc6.qpy,4,28,0.4636921731289476,9690,35,5,30,sqlite,large_size,1,success,0.005106614902615547,16,3669,"{""cache_mb"": 128, ""db_path"": ""analysis/finetuned_rdbms_162_baseline_min_floor_100ms_contraction_all_engines/tmp/large_size/sqlite/bench.db"", ""mmap_mb"": 128, ""temp_store"": ""MEMORY"", ""threads"": 1}",
009eed57c827cadc8ad7bec90f343c9dceb7d0034734f5807ac098e300e22bc6,/home/timlittau/Documents/InferQ/analysis/finetuned_rdbms_162/qpy/009eed57c827cadc8ad7bec90f343c9dceb7d0034734f5807ac098e300e22bc6.qpy,4,28,0.4636921731289476,9690,35,5,30,duckdb,large_size,0,timeout,0.11508366814814508,0,13572,"{""max_temp_directory_size"": ""128GB"", ""memory_limit"": ""7409MB"", ""preserve_insertion_order"": true, ""temp_directory"": ""analysis/finetuned_rdbms_162_baseline_min_floor_100ms_contraction_all_engines/tmp/large_size/duckdb"", ""threads"": 1}",duckdb timed out after 0.1s
009eed57c827cadc8ad7bec90f343c9dceb7d0034734f5807ac098e300e22bc6,/home/timlittau/Documents/InferQ/analysis/finetuned_rdbms_162/qpy/009eed57c827cadc8ad7bec90f343c9dceb7d0034734f5807ac098e300e22bc6.qpy,4,28,0.4636921731289476,9690,35,5,30,duckdb,large_size,1,timeout,0.11440608720295131,0,14072,"{""max_temp_directory_size"": ""128GB"", ""memory_limit"": ""7409MB"", ""preserve_insertion_order"": true, ""temp_directory"": ""analysis/finetuned_rdbms_162_baseline_min_floor_100ms_contraction_all_engines/tmp/large_size/duckdb"", ""threads"": 1}",duckdb timed out after 0.1s
009eed57c827cadc8ad7bec90f343c9dceb7d0034734f5807ac098e300e22bc6,/home/timlittau/Documents/InferQ/analysis/finetuned_rdbms_162/qpy/009eed57c827cadc8ad7bec90f343c9dceb7d0034734f5807ac098e300e22bc6.qpy,4,28,0.4636921731289476,9690,35,5,30,postgres,large_size,0,success,0.01135407597757876,16,14406,"{""effective_cache_size"": ""2GB"", ""from_collapse_limit"": 1, ""hash_mem_multiplier"": ""1.94"", ""jit"": ""off"", ""join_collapse_limit"": 4, ""max_parallel_workers_per_gather"": 0, ""temp_buffers"": ""65MB"", ""temp_file_limit"": ""-1"", ""work_mem"": ""55MB""}",
009eed57c827cadc8ad7bec90f343c9dceb7d0034734f5807ac098e300e22bc6,/home/timlittau/Documents/InferQ/analysis/finetuned_rdbms_162/qpy/009eed57c827cadc8ad7bec90f343c9dceb7d0034734f5807ac098e300e22bc6.qpy,4,28,0.4636921731289476,9690,35,5,30,postgres,large_size,1,success,0.011051846900954843,16,14406,"{""effective_cache_size"": ""2GB"", ""from_collapse_limit"": 1, ""hash_mem_multiplier"": ""1.94"", ""jit"": ""off"", ""join_collapse_limit"": 4, ""max_parallel_workers_per_gather"": 0, ""temp_buffers"": ""65MB"", ""temp_file_limit"": ""-1"", ""work_mem"": ""55MB""}",
009f194ed47d66277dd5cf4295dce603ab5e3e8f6fa55b00fef598578814a477,/home/timlittau/Documents/InferQ/analysis/finetuned_rdbms_162/qpy/009f194ed47d66277dd5cf4295dce603ab5e3e8f6fa55b00fef598578814a477.qpy,6,34,0.6263478139881045,12005,43,5,38,sqlite,large_size,0,success,0.010072524892166257,64,4413,"{""cache_mb"": 128, ""db_path"": ""analysis/finetuned_rdbms_162_baseline_min_floor_100ms_contraction_all_engines/tmp/large_size/sqlite/bench.db"", ""mmap_mb"": 128, ""temp_store"": ""MEMORY"", ""threads"": 1}",
009f194ed47d66277dd5cf4295dce603ab5e3e8f6fa55b00fef598578814a477,/home/timlittau/Documents/InferQ/analysis/finetuned_rdbms_162/qpy/009f194ed47d66277dd5cf4295dce603ab5e3e8f6fa55b00fef598578814a477.qpy,6,34,0.6263478139881045,12005,43,5,38,sqlite,large_size,1,success,0.014377360930666327,64,4365,"{""cache_mb"": 128, ""db_path"": ""analysis/finetuned_rdbms_162_baseline_min_floor_100ms_contraction_all_engines/tmp/large_size/sqlite/bench.db"", ""mmap_mb"": 128, ""temp_store"": ""MEMORY"", ""threads"": 1}",
009f194ed47d66277dd5cf4295dce603ab5e3e8f6fa55b00fef598578814a477,/home/timlittau/Documents/InferQ/analysis/finetuned_rdbms_162/qpy/009f194ed47d66277dd5cf4295dce603ab5e3e8f6fa55b00fef598578814a477.qpy,6,34,0.6263478139881045,12005,43,5,38,duckdb,large_size,0,timeout,0.11144219292327762,0,15891,"{""max_temp_directory_size"": ""128GB"", ""memory_limit"": ""7409MB"", ""preserve_insertion_order"": true, ""temp_directory"": ""analysis/finetuned_rdbms_162_baseline_min_floor_100ms_contraction_all_engines/tmp/large_size/duckdb"", ""threads"": 1}",duckdb timed out after 0.1s
009f194ed47d66277dd5cf4295dce603ab5e3e8f6fa55b00fef598578814a477,/home/timlittau/Documents/InferQ/analysis/finetuned_rdbms_162/qpy/009f194ed47d66277dd5cf4295dce603ab5e3e8f6fa55b00fef598578814a477.qpy,6,34,0.6263478139881045,12005,43,5,38,duckdb,large_size,1,timeout,0.1153209269978106,0,16011,"{""max_temp_directory_size"": ""128GB"", ""memory_limit"": ""7409MB"", ""preserve_insertion_order"": true, ""temp_directory"": ""analysis/finetuned_rdbms_162_baseline_min_floor_100ms_contraction_all_engines/tmp/large_size/duckdb"", ""threads"": 1}",duckdb timed out after 0.1s
009f194ed47d66277dd5cf4295dce603ab5e3e8f6fa55b00fef598578814a477,/home/timlittau/Documents/InferQ/analysis/finetuned_rdbms_162/qpy/009f194ed47d66277dd5cf4295dce603ab5e3e8f6fa55b00fef598578814a477.qpy,6,34,0.6263478139881045,12005,43,5,38,postgres,large_size,0,success,0.016383921029046178,64,18049,"{""effective_cache_size"": ""2GB"", ""from_collapse_limit"": 1, ""hash_mem_multiplier"": ""1.94"", ""jit"": ""off"", ""join_collapse_limit"": 4, ""max_parallel_workers_per_gather"": 0, ""temp_buffers"": ""65MB"", ""temp_file_limit"": ""-1"", ""work_mem"": ""55MB""}",
009f194ed47d66277dd5cf4295dce603ab5e3e8f6fa55b00fef598578814a477,/home/timlittau/Documents/InferQ/analysis/finetuned_rdbms_162/qpy/009f194ed47d66277dd5cf4295dce603ab5e3e8f6fa55b00fef598578814a477.qpy,6,34,0.6263478139881045,12005,43,5,38,postgres,large_size,1,success,0.016394380014389753,64,18001,"{""effective_cache_size"": ""2GB"", ""from_collapse_limit"": 1, ""hash_mem_multiplier"": ""1.94"", ""jit"": ""off"", ""join_collapse_limit"": 4, ""max_parallel_workers_per_gather"": 0, ""temp_buffers"": ""65MB"", ""temp_file_limit"": ""-1"", ""work_mem"": ""55MB""}",
00a1a13c3282e6501bfd75c172359c07b504155db0cd4cce57027dbc6c8c8621,/home/timlittau/Documents/InferQ/analysis/finetuned_rdbms_162/qpy/00a1a13c3282e6501bfd75c172359c07b504155db0cd4cce57027dbc6c8c8621.qpy,4,32,0.5159345879219472,11110,39,5,34,sqlite,small_size,0,success,0.005894063971936703,16,3807,"{""cache_mb"": 64, ""db_path"": "":memory:"", ""mmap_mb"": 0, ""temp_store"": ""MEMORY"", ""threads"": 1}",
00a1a13c3282e6501bfd75c172359c07b504155db0cd4cce57027dbc6c8c8621,/home/timlittau/Documents/InferQ/analysis/finetuned_rdbms_162/qpy/00a1a13c3282e6501bfd75c172359c07b504155db0cd4cce57027dbc6c8c8621.qpy,4,32,0.5159345879219472,11110,39,5,34,sqlite,small_size,1,success,0.005525895161554217,16,3807,"{""cache_mb"": 64, ""db_path"": "":memory:"", ""mmap_mb"": 0, ""temp_store"": ""MEMORY"", ""threads"": 1}",
00a1a13c3282e6501bfd75c172359c07b504155db0cd4cce57027dbc6c8c8621,/home/timlittau/Documents/InferQ/analysis/finetuned_rdbms_162/qpy/00a1a13c3282e6501bfd75c172359c07b504155db0cd4cce57027dbc6c8c8621.qpy,4,32,0.5159345879219472,11110,39,5,34,duckdb,small_size,0,timeout,0.11589347803965211,0,15178,"{""max_temp_directory_size"": ""256GB"", ""memory_limit"": ""10780MB"", ""preserve_insertion_order"": false, ""temp_directory"": ""analysis/finetuned_rdbms_162_baseline_min_floor_100ms_contraction_all_engines/tmp/small_size/duckdb"", ""threads"": 2}",duckdb timed out after 0.1s
00a1a13c3282e6501bfd75c172359c07b504155db0cd4cce57027dbc6c8c8621,/home/timlittau/Documents/InferQ/analysis/finetuned_rdbms_162/qpy/00a1a13c3282e6501bfd75c172359c07b504155db0cd4cce57027dbc6c8c8621.qpy,4,32,0.5159345879219472,11110,39,5,34,duckdb,small_size,1,timeout,0.11279177409596741,0,16256,"{""max_temp_directory_size"": ""256GB"", ""memory_limit"": ""10780MB"", ""preserve_insertion_order"": false, ""temp_directory"": ""analysis/finetuned_rdbms_162_baseline_min_floor_100ms_contraction_all_engines/tmp/small_size/duckdb"", ""threads"": 2}",duckdb timed out after 0.1s
00a1a13c3282e6501bfd75c172359c07b504155db0cd4cce57027dbc6c8c8621,/home/timlittau/Documents/InferQ/analysis/finetuned_rdbms_162/qpy/00a1a13c3282e6501bfd75c172359c07b504155db0cd4cce57027dbc6c8c8621.qpy,4,32,0.5159345879219472,11110,39,5,34,postgres,small_size,0,success,0.012166720116510987,16,15826,"{""effective_cache_size"": ""8GB"", ""from_collapse_limit"": 1, ""hash_mem_multiplier"": ""2.0"", ""jit"": ""off"", ""join_collapse_limit"": 1, ""max_parallel_workers_per_gather"": 4, ""temp_buffers"": ""128MB"", ""temp_file_limit"": ""-1"", ""work_mem"": ""256MB""}",
00a1a13c3282e6501bfd75c172359c07b504155db0cd4cce57027dbc6c8c8621,/home/timlittau/Documents/InferQ/analysis/finetuned_rdbms_162/qpy/00a1a13c3282e6501bfd75c172359c07b504155db0cd4cce57027dbc6c8c8621.qpy,4,32,0.5159345879219472,11110,39,5,34,postgres,small_size,1,success,0.012676829006522894,16,15826,"{""effective_cache_size"": ""8GB"", ""from_collapse_limit"": 1, ""hash_mem_multiplier"": ""2.0"", ""jit"": ""off"", ""join_collapse_limit"": 1, ""max_parallel_workers_per_gather"": 4, ""temp_buffers"": ""128MB"", ""temp_file_limit"": ""-1"", ""work_mem"": ""256MB""}",
00a35e5f35e4acfeb6dc3292a03a1f20118a4a7efb301407b0929a2c3c22c002,/home/timlittau/Documents/InferQ/analysis/finetuned_rdbms_162/qpy/00a35e5f35e4acfeb6dc3292a03a1f20118a4a7efb301407b0929a2c3c22c002.qpy,10,70,1.6434065741486847,24223,82,4,78,sqlite,large_size,0,timeout,0.10148143395781517,0,5472,"{""cache_mb"": 128, ""db_path"": ""analysis/finetuned_rdbms_162_baseline_min_floor_100ms_contraction_all_engines/tmp/large_size/sqlite/bench.db"", ""mmap_mb"": 128, ""temp_store"": ""MEMORY"", ""threads"": 1}",sqlite timed out after 0.1s
00a35e5f35e4acfeb6dc3292a03a1f20118a4a7efb301407b0929a2c3c22c002,/home/timlittau/Documents/InferQ/analysis/finetuned_rdbms_162/qpy/00a35e5f35e4acfeb6dc3292a03a1f20118a4a7efb301407b0929a2c3c22c002.qpy,10,70,1.6434065741486847,24223,82,4,78,sqlite,large_size,1,timeout,0.10153371281921864,0,3894,"{""cache_mb"": 128, ""db_path"": ""analysis/finetuned_rdbms_162_baseline_min_floor_100ms_contraction_all_engines/tmp/large_size/sqlite/bench.db"", ""mmap_mb"": 128, ""temp_store"": ""MEMORY"", ""threads"": 1}",sqlite timed out after 0.1s
00a35e5f35e4acfeb6dc3292a03a1f20118a4a7efb301407b0929a2c3c22c002,/home/timlittau/Documents/InferQ/analysis/finetuned_rdbms_162/qpy/00a35e5f35e4acfeb6dc3292a03a1f20118a4a7efb301407b0929a2c3c22c002.qpy,10,70,1.6434065741486847,24223,82,4,78,duckdb,large_size,0,timeout,0.11404050304554403,0,28485,"{""max_temp_directory_size"": ""128GB"", ""memory_limit"": ""7409MB"", ""preserve_insertion_order"": true, ""temp_directory"": ""analysis/finetuned_rdbms_162_baseline_min_floor_100ms_contraction_all_engines/tmp/large_size/duckdb"", ""threads"": 1}",duckdb timed out after 0.1s
00a35e5f35e4acfeb6dc3292a03a1f20118a4a7efb301407b0929a2c3c22c002,/home/timlittau/Documents/InferQ/analysis/finetuned_rdbms_162/qpy/00a35e5f35e4acfeb6dc3292a03a1f20118a4a7efb301407b0929a2c3c22c002.qpy,10,70,1.6434065741486847,24223,82,4,78,duckdb,large_size,1,timeout,0.10992612899281085,0,28047,"{""max_temp_directory_size"": ""128GB"", ""memory_limit"": ""7409MB"", ""preserve_insertion_order"": true, ""temp_directory"": ""analysis/finetuned_rdbms_162_baseline_min_floor_100ms_contraction_all_engines/tmp/large_size/duckdb"", ""threads"": 1}",duckdb timed out after 0.1s
00a35e5f35e4acfeb6dc3292a03a1f20118a4a7efb301407b0929a2c3c22c002,/home/timlittau/Documents/InferQ/analysis/finetuned_rdbms_162/qpy/00a35e5f35e4acfeb6dc3292a03a1f20118a4a7efb301407b0929a2c3c22c002.qpy,10,70,1.6434065741486847,24223,82,4,78,postgres,large_size,0,timeout,0.11036493605934083,0,30077,"{""effective_cache_size"": ""2GB"", ""from_collapse_limit"": 1, ""hash_mem_multiplier"": ""1.94"", ""jit"": ""off"", ""join_collapse_limit"": 4, ""max_parallel_workers_per_gather"": 0, ""temp_buffers"": ""65MB"", ""temp_file_limit"": ""-1"", ""work_mem"": ""55MB""}",postgres timed out after 0.1s
00a35e5f35e4acfeb6dc3292a03a1f20118a4a7efb301407b0929a2c3c22c002,/home/timlittau/Documents/InferQ/analysis/finetuned_rdbms_162/qpy/00a35e5f35e4acfeb6dc3292a03a1f20118a4a7efb301407b0929a2c3c22c002.qpy,10,70,1.6434065741486847,24223,82,4,78,postgres,large_size,1,timeout,0.11104396288283169,0,30077,"{""effective_cache_size"": ""2GB"", ""from_collapse_limit"": 1, ""hash_mem_multiplier"": ""1.94"", ""jit"": ""off"", ""join_collapse_limit"": 4, ""max_parallel_workers_per_gather"": 0, ""temp_buffers"": ""65MB"", ""temp_file_limit"": ""-1"", ""work_mem"": ""55MB""}",postgres timed out after 0.1s
00a37f1c5cc6549bc2a5c1a53bbebe60efa9a9f406d1e57f4fd44ce1434b0114,/home/timlittau/Documents/InferQ/analysis/finetuned_rdbms_162/qpy/00a37f1c5cc6549bc2a5c1a53bbebe60efa9a9f406d1e57f4fd44ce1434b0114.qpy,9,60,1.169864317867905,21029,72,5,67,sqlite,small_size,0,success,0.056042870972305536,512,29705,"{""cache_mb"": 64, ""db_path"": "":memory:"", ""mmap_mb"": 0, ""temp_store"": ""MEMORY"", ""threads"": 1}",
00a37f1c5cc6549bc2a5c1a53bbebe60efa9a9f406d1e57f4fd44ce1434b0114,/home/timlittau/Documents/InferQ/analysis/finetuned_rdbms_162/qpy/00a37f1c5cc6549bc2a5c1a53bbebe60efa9a9f406d1e57f4fd44ce1434b0114.qpy,9,60,1.169864317867905,21029,72,5,67,sqlite,small_size,1,success,0.05493107996881008,512,29705,"{""cache_mb"": 64, ""db_path"": "":memory:"", ""mmap_mb"": 0, ""temp_store"": ""MEMORY"", ""threads"": 1}",
00a37f1c5cc6549bc2a5c1a53bbebe60efa9a9f406d1e57f4fd44ce1434b0114,/home/timlittau/Documents/InferQ/analysis/finetuned_rdbms_162/qpy/00a37f1c5cc6549bc2a5c1a53bbebe60efa9a9f406d1e57f4fd44ce1434b0114.qpy,9,60,1.169864317867905,21029,72,5,67,duckdb,small_size,0,timeout,0.11658068397082388,0,25193,"{""max_temp_directory_size"": ""256GB"", ""memory_limit"": ""10780MB"", ""preserve_insertion_order"": false, ""temp_directory"": ""analysis/finetuned_rdbms_162_baseline_min_floor_100ms_contraction_all_engines/tmp/small_size/duckdb"", ""threads"": 2}",duckdb timed out after 0.1s
00a37f1c5cc6549bc2a5c1a53bbebe60efa9a9f406d1e57f4fd44ce1434b0114,/home/timlittau/Documents/InferQ/analysis/finetuned_rdbms_162/qpy/00a37f1c5cc6549bc2a5c1a53bbebe60efa9a9f406d1e57f4fd44ce1434b0114.qpy,9,60,1.169864317867905,21029,72,5,67,duckdb,small_size,1,timeout,0.11292065493762493,0,24853,"{""max_temp_directory_size"": ""256GB"", ""memory_limit"": ""10780MB"", ""preserve_insertion_order"": false, ""temp_directory"": ""analysis/finetuned_rdbms_162_baseline_min_floor_100ms_contraction_all_engines/tmp/small_size/duckdb"", ""threads"": 2}",duckdb timed out after 0.1s
00a37f1c5cc6549bc2a5c1a53bbebe60efa9a9f406d1e57f4fd44ce1434b0114,/home/timlittau/Documents/InferQ/analysis/finetuned_rdbms_162/qpy/00a37f1c5cc6549bc2a5c1a53bbebe60efa9a9f406d1e57f4fd44ce1434b0114.qpy,9,60,1.169864317867905,21029,72,5,67,postgres,small_size,0,success,0.08296788204461336,512,52427,"{""effective_cache_size"": ""8GB"", ""from_collapse_limit"": 1, ""hash_mem_multiplier"": ""2.0"", ""jit"": ""off"", ""join_collapse_limit"": 1, ""max_parallel_workers_per_gather"": 4, ""temp_buffers"": ""128MB"", ""temp_file_limit"": ""-1"", ""work_mem"": ""256MB""}",
00a37f1c5cc6549bc2a5c1a53bbebe60efa9a9f406d1e57f4fd44ce1434b0114,/home/timlittau/Documents/InferQ/analysis/finetuned_rdbms_162/qpy/00a37f1c5cc6549bc2a5c1a53bbebe60efa9a9f406d1e57f4fd44ce1434b0114.qpy,9,60,1.169864317867905,21029,72,5,67,postgres,small_size,1,success,0.0813362009357661,512,54707,"{""effective_cache_size"": ""8GB"", ""from_collapse_limit"": 1, ""hash_mem_multiplier"": ""2.0"", ""jit"": ""off"", ""join_collapse_limit"": 1, ""max_parallel_workers_per_gather"": 4, ""temp_buffers"": ""128MB"", ""temp_file_limit"": ""-1"", ""work_mem"": ""256MB""}",
00aa047cb2cca6b093f4c0ff606b1540d3f8bed855e95c4a4e50997095156197,/home/timlittau/Documents/InferQ/analysis/finetuned_rdbms_162/qpy/00aa047cb2cca6b093f4c0ff606b1540d3f8bed855e95c4a4e50997095156197.qpy,10,35,0.5458748100791126,12345,46,3,43,sqlite,large_size,0,success,0.019437694922089577,1024,61159,"{""cache_mb"": 128, ""db_path"": ""analysis/finetuned_rdbms_162_baseline_min_floor_100ms_contraction_all_engines/tmp/large_size/sqlite/bench.db"", ""mmap_mb"": 128, ""temp_store"": ""MEMORY"", ""threads"": 1}",
00aa047cb2cca6b093f4c0ff606b1540d3f8bed855e95c4a4e50997095156197,/home/timlittau/Documents/InferQ/analysis/finetuned_rdbms_162/qpy/00aa047cb2cca6b093f4c0ff606b1540d3f8bed855e95c4a4e50997095156197.qpy,10,35,0.5458748100791126,12345,46,3,43,sqlite,large_size,1,success,0.017397796967998147,1024,58807,"{""cache_mb"": 128, ""db_path"": ""analysis/finetuned_rdbms_162_baseline_min_floor_100ms_contraction_all_engines/tmp/large_size/sqlite/bench.db"", ""mmap_mb"": 128, ""temp_store"": ""MEMORY"", ""threads"": 1}",
00aa047cb2cca6b093f4c0ff606b1540d3f8bed855e95c4a4e50997095156197,/home/timlittau/Documents/InferQ/analysis/finetuned_rdbms_162/qpy/00aa047cb2cca6b093f4c0ff606b1540d3f8bed855e95c4a4e50997095156197.qpy,10,35,0.5458748100791126,12345,46,3,43,duckdb,large_size,0,timeout,0.11104614590294659,0,16107,"{""max_temp_directory_size"": ""128GB"", ""memory_limit"": ""7409MB"", ""preserve_insertion_order"": true, ""temp_directory"": ""analysis/finetuned_rdbms_162_baseline_min_floor_100ms_contraction_all_engines/tmp/large_size/duckdb"", ""threads"": 1}",duckdb timed out after 0.1s
00aa047cb2cca6b093f4c0ff606b1540d3f8bed855e95c4a4e50997095156197,/home/timlittau/Documents/InferQ/analysis/finetuned_rdbms_162/qpy/00aa047cb2cca6b093f4c0ff606b1540d3f8bed855e95c4a4e50997095156197.qpy,10,35,0.5458748100791126,12345,46,3,43,duckdb,large_size,1,timeout,0.11536712804809213,0,16351,"{""max_temp_directory_size"": ""128GB"", ""memory_limit"": ""7409MB"", ""preserve_insertion_order"": true, ""temp_directory"": ""analysis/finetuned_rdbms_162_baseline_min_floor_100ms_contraction_all_engines/tmp/large_size/duckdb"", ""threads"": 1}",duckdb timed out after 0.1s
00aa047cb2cca6b093f4c0ff606b1540d3f8bed855e95c4a4e50997095156197,/home/timlittau/Documents/InferQ/analysis/finetuned_rdbms_162/qpy/00aa047cb2cca6b093f4c0ff606b1540d3f8bed855e95c4a4e50997095156197.qpy,10,35,0.5458748100791126,12345,46,3,43,postgres,large_size,0,success,0.028166102012619376,1024,72501,"{""effective_cache_size"": ""2GB"", ""from_collapse_limit"": 1, ""hash_mem_multiplier"": ""1.94"", ""jit"": ""off"", ""join_collapse_limit"": 4, ""max_parallel_workers_per_gather"": 0, ""temp_buffers"": ""65MB"", ""temp_file_limit"": ""-1"", ""work_mem"": ""55MB""}",
00aa047cb2cca6b093f4c0ff606b1540d3f8bed855e95c4a4e50997095156197,/home/timlittau/Documents/InferQ/analysis/finetuned_rdbms_162/qpy/00aa047cb2cca6b093f4c0ff606b1540d3f8bed855e95c4a4e50997095156197.qpy,10,35,0.5458748100791126,12345,46,3,43,postgres,large_size,1,success,0.027694643009454012,1024,72453,"{""effective_cache_size"": ""2GB"", ""from_collapse_limit"": 1, ""hash_mem_multiplier"": ""1.94"", ""jit"": ""off"", ""join_collapse_limit"": 4, ""max_parallel_workers_per_gather"": 0, ""temp_buffers"": ""65MB"", ""temp_file_limit"": ""-1"", ""work_mem"": ""55MB""}",
00ad4ec6fb3eff5ef124c190e438f62a9e2ced72221336cb9c93ca2df37367e6,/home/timlittau/Documents/InferQ/analysis/finetuned_rdbms_162/qpy/00ad4ec6fb3eff5ef124c190e438f62a9e2ced72221336cb9c93ca2df37367e6.qpy,5,52,0.9172813619952649,16392,59,4,55,sqlite,large_size,0,success,0.010555587010458112,32,3669,"{""cache_mb"": 128, ""db_path"": ""analysis/finetuned_rdbms_162_baseline_min_floor_100ms_contraction_all_engines/tmp/large_size/sqlite/bench.db"", ""mmap_mb"": 128, ""temp_store"": ""MEMORY"", ""threads"": 1}",
00ad4ec6fb3eff5ef124c190e438f62a9e2ced72221336cb9c93ca2df37367e6,/home/timlittau/Documents/InferQ/analysis/finetuned_rdbms_162/qpy/00ad4ec6fb3eff5ef124c190e438f62a9e2ced72221336cb9c93ca2df37367e6.qpy,5,52,0.9172813619952649,16392,59,4,55,sqlite,large_size,1,success,0.009718575049191713,32,3669,"{""cache_mb"": 128, ""db_path"": ""analysis/finetuned_rdbms_162_baseline_min_floor_100ms_contraction_all_engines/tmp/large_size/sqlite/bench.db"", ""mmap_mb"": 128, ""temp_store"": ""MEMORY"", ""threads"": 1}",
00ad4ec6fb3eff5ef124c190e438f62a9e2ced72221336cb9c93ca2df37367e6,/home/timlittau/Documents/InferQ/analysis/finetuned_rdbms_162/qpy/00ad4ec6fb3eff5ef124c190e438f62a9e2ced72221336cb9c93ca2df37367e6.qpy,5,52,0.9172813619952649,16392,59,4,55,duckdb,large_size,0,timeout,0.11953197186812758,0,205382,"{""max_temp_directory_size"": ""128GB"", ""memory_limit"": ""7409MB"", ""preserve_insertion_order"": true, ""temp_directory"": ""analysis/finetuned_rdbms_162_baseline_min_floor_100ms_contraction_all_engines/tmp/large_size/duckdb"", ""threads"": 1}",duckdb timed out after 0.1s
00ad4ec6fb3eff5ef124c190e438f62a9e2ced72221336cb9c93ca2df37367e6,/home/timlittau/Documents/InferQ/analysis/finetuned_rdbms_162/qpy/00ad4ec6fb3eff5ef124c190e438f62a9e2ced72221336cb9c93ca2df37367e6.qpy,5,52,0.9172813619952649,16392,59,4,55,duckdb,large_size,1,timeout,0.11633137799799442,0,20774,"{""max_temp_directory_size"": ""128GB"", ""memory_limit"": ""7409MB"", ""preserve_insertion_order"": true, ""temp_directory"": ""analysis/finetuned_rdbms_162_baseline_min_floor_100ms_contraction_all_engines/tmp/large_size/duckdb"", ""threads"": 1}",duckdb timed out after 0.1s
00ad4ec6fb3eff5ef124c190e438f62a9e2ced72221336cb9c93ca2df37367e6,/home/timlittau/Documents/InferQ/analysis/finetuned_rdbms_162/qpy/00ad4ec6fb3eff5ef124c190e438f62a9e2ced72221336cb9c93ca2df37367e6.qpy,5,52,0.9172813619952649,16392,59,4,55,postgres,large_size,0,success,0.022077032132074237,32,21324,"{""effective_cache_size"": ""2GB"", ""from_collapse_limit"": 1, ""hash_mem_multiplier"": ""1.94"", ""jit"": ""off"", ""join_collapse_limit"": 4, ""max_parallel_workers_per_gather"": 0, ""temp_buffers"": ""65MB"", ""temp_file_limit"": ""-1"", ""work_mem"": ""55MB""}",
00ad4ec6fb3eff5ef124c190e438f62a9e2ced72221336cb9c93ca2df37367e6,/home/timlittau/Documents/InferQ/analysis/finetuned_rdbms_162/qpy/00ad4ec6fb3eff5ef124c190e438f62a9e2ced72221336cb9c93ca2df37367e6.qpy,5,52,0.9172813619952649,16392,59,4,55,postgres,large_size,1,success,0.021727115847170353,32,21324,"{""effective_cache_size"": ""2GB"", ""from_collapse_limit"": 1, ""hash_mem_multiplier"": ""1.94"", ""jit"": ""off"", ""join_collapse_limit"": 4, ""max_parallel_workers_per_gather"": 0, ""temp_buffers"": ""65MB"", ""temp_file_limit"": ""-1"", ""work_mem"": ""55MB""}",
00af4b6764c0db21e82b737573094b6ef25302813bf0807454cae1dd4716d184,/home/timlittau/Documents/InferQ/analysis/finetuned_rdbms_162/qpy/00af4b6764c0db21e82b737573094b6ef25302813bf0807454cae1dd4716d184.qpy,12,11,0.24042373383417726,5627,24,3,21,sqlite,large_size,0,success,0.002704617101699114,4,3669,"{""cache_mb"": 128, ""db_path"": ""analysis/finetuned_rdbms_162_baseline_min_floor_100ms_contraction_all_engines/tmp/large_size/sqlite/bench.db"", ""mmap_mb"": 128, ""temp_store"": ""MEMORY"", ""threads"": 1}",
00af4b6764c0db21e82b737573094b6ef25302813bf0807454cae1dd4716d184,/home/timlittau/Documents/InferQ/analysis/finetuned_rdbms_162/qpy/00af4b6764c0db21e82b737573094b6ef25302813bf0807454cae1dd4716d184.qpy,12,11,0.24042373383417726,5627,24,3,21,sqlite,large_size,1,success,0.0023943770211189985,4,3669,"{""cache_mb"": 128, ""db_path"": ""analysis/finetuned_rdbms_162_baseline_min_floor_100ms_contraction_all_engines/tmp/large_size/sqlite/bench.db"", ""mmap_mb"": 128, ""temp_store"": ""MEMORY"", ""threads"": 1}",
00af4b6764c0db21e82b737573094b6ef25302813bf0807454cae1dd4716d184,/home/timlittau/Documents/InferQ/analysis/finetuned_rdbms_162/qpy/00af4b6764c0db21e82b737573094b6ef25302813bf0807454cae1dd4716d184.qpy,12,11,0.24042373383417726,5627,24,3,21,duckdb,large_size,0,success,0.03053197101689875,4,9947,"{""max_temp_directory_size"": ""128GB"", ""memory_limit"": ""7409MB"", ""preserve_insertion_order"": true, ""temp_directory"": ""analysis/finetuned_rdbms_162_baseline_min_floor_100ms_contraction_all_engines/tmp/large_size/duckdb"", ""threads"": 1}",
00af4b6764c0db21e82b737573094b6ef25302813bf0807454cae1dd4716d184,/home/timlittau/Documents/InferQ/analysis/finetuned_rdbms_162/qpy/00af4b6764c0db21e82b737573094b6ef25302813bf0807454cae1dd4716d184.qpy,12,11,0.24042373383417726,5627,24,3,21,duckdb,large_size,1,success,0.030204229056835175,4,9915,"{""max_temp_directory_size"": ""128GB"", ""memory_limit"": ""7409MB"", ""preserve_insertion_order"": true, ""temp_directory"": ""analysis/finetuned_rdbms_162_baseline_min_floor_100ms_contraction_all_engines/tmp/large_size/duckdb"", ""threads"": 1}",
00af4b6764c0db21e82b737573094b6ef25302813bf0807454cae1dd4716d184,/home/timlittau/Documents/InferQ/analysis/finetuned_rdbms_162/qpy/00af4b6764c0db21e82b737573094b6ef25302813bf0807454cae1dd4716d184.qpy,12,11,0.24042373383417726,5627,24,3,21,postgres,large_size,0,success,0.006080202991142869,4,11000,"{""effective_cache_size"": ""2GB"", ""from_collapse_limit"": 1, ""hash_mem_multiplier"": ""1.94"", ""jit"": ""off"", ""join_collapse_limit"": 4, ""max_parallel_workers_per_gather"": 0, ""temp_buffers"": ""65MB"", ""temp_file_limit"": ""-1"", ""work_mem"": ""55MB""}",
00af4b6764c0db21e82b737573094b6ef25302813bf0807454cae1dd4716d184,/home/timlittau/Documents/InferQ/analysis/finetuned_rdbms_162/qpy/00af4b6764c0db21e82b737573094b6ef25302813bf0807454cae1dd4716d184.qpy,12,11,0.24042373383417726,5627,24,3,21,postgres,large_size,1,success,0.005583536811172962,4,11000,"{""effective_cache_size"": ""2GB"", ""from_collapse_limit"": 1, ""hash_mem_multiplier"": ""1.94"", ""jit"": ""off"", ""join_collapse_limit"": 4, ""max_parallel_workers_per_gather"": 0, ""temp_buffers"": ""65MB"", ""temp_file_limit"": ""-1"", ""work_mem"": ""55MB""}",
00b07c6c6d0efc21a7c9e0b61030605dbf6303d1ab690b25b4e142fb737f1f86,/home/timlittau/Documents/InferQ/analysis/finetuned_rdbms_162/qpy/00b07c6c6d0efc21a7c9e0b61030605dbf6303d1ab690b25b4e142fb737f1f86.qpy,14,19,0.22810375201515853,9013,35,4,31,sqlite,large_size,0,success,0.005500083090737462,128,7987,"{""cache_mb"": 128, ""db_path"": ""analysis/finetuned_rdbms_162_baseline_min_floor_100ms_contraction_all_engines/tmp/large_size/sqlite/bench.db"", ""mmap_mb"": 128, ""temp_store"": ""MEMORY"", ""threads"": 1}",
00b07c6c6d0efc21a7c9e0b61030605dbf6303d1ab690b25b4e142fb737f1f86,/home/timlittau/Documents/InferQ/analysis/finetuned_rdbms_162/qpy/00b07c6c6d0efc21a7c9e0b61030605dbf6303d1ab690b25b4e142fb737f1f86.qpy,14,19,0.22810375201515853,9013,35,4,31,sqlite,large_size,1,success,0.0050661601126194,128,7939,"{""cache_mb"": 128, ""db_path"": ""analysis/finetuned_rdbms_162_baseline_min_floor_100ms_contraction_all_engines/tmp/large_size/sqlite/bench.db"", ""mmap_mb"": 128, ""temp_store"": ""MEMORY"", ""threads"": 1}",
00b07c6c6d0efc21a7c9e0b61030605dbf6303d1ab690b25b4e142fb737f1f86,/home/timlittau/Documents/InferQ/analysis/finetuned_rdbms_162/qpy/00b07c6c6d0efc21a7c9e0b61030605dbf6303d1ab690b25b4e142fb737f1f86.qpy,14,19,0.22810375201515853,9013,35,4,31,duckdb,large_size,0,success,0.0297449619974941,128,12869,"{""max_temp_directory_size"": ""128GB"", ""memory_limit"": ""7409MB"", ""preserve_insertion_order"": true, ""temp_directory"": ""analysis/finetuned_rdbms_162_baseline_min_floor_100ms_contraction_all_engines/tmp/large_size/duckdb"", ""threads"": 1}",
00b07c6c6d0efc21a7c9e0b61030605dbf6303d1ab690b25b4e142fb737f1f86,/home/timlittau/Documents/InferQ/analysis/finetuned_rdbms_162/qpy/00b07c6c6d0efc21a7c9e0b61030605dbf6303d1ab690b25b4e142fb737f1f86.qpy,14,19,0.22810375201515853,9013,35,4,31,duckdb,large_size,1,success,0.019182474119588733,128,14217,"{""max_temp_directory_size"": ""128GB"", ""memory_limit"": ""7409MB"", ""preserve_insertion_order"": true, ""temp_directory"": ""analysis/finetuned_rdbms_162_baseline_min_floor_100ms_contraction_all_engines/tmp/large_size/duckdb"", ""threads"": 1}",
00b07c6c6d0efc21a7c9e0b61030605dbf6303d1ab690b25b4e142fb737f1f86,/home/timlittau/Documents/InferQ/analysis/finetuned_rdbms_162/qpy/00b07c6c6d0efc21a7c9e0b61030605dbf6303d1ab690b25b4e142fb737f1f86.qpy,14,19,0.22810375201515853,9013,35,4,31,postgres,large_size,0,success,0.009795048972591758,128,19300,"{""effective_cache_size"": ""2GB"", ""from_collapse_limit"": 1, ""hash_mem_multiplier"": ""1.94"", ""jit"": ""off"", ""join_collapse_limit"": 4, ""max_parallel_workers_per_gather"": 0, ""temp_buffers"": ""65MB"", ""temp_file_limit"": ""-1"", ""work_mem"": ""55MB""}",
00b07c6c6d0efc21a7c9e0b61030605dbf6303d1ab690b25b4e142fb737f1f86,/home/timlittau/Documents/InferQ/analysis/finetuned_rdbms_162/qpy/00b07c6c6d0efc21a7c9e0b61030605dbf6303d1ab690b25b4e142fb737f1f86.qpy,14,19,0.22810375201515853,9013,35,4,31,postgres,large_size,1,success,0.01039968291297555,128,19300,"{""effective_cache_size"": ""2GB"", ""from_collapse_limit"": 1, ""hash_mem_multiplier"": ""1.94"", ""jit"": ""off"", ""join_collapse_limit"": 4, ""max_parallel_workers_per_gather"": 0, ""temp_buffers"": ""65MB"", ""temp_file_limit"": ""-1"", ""work_mem"": ""55MB""}",
00b80495a2116ef88125dd275b318b46c9f061c65e101fd71f417b6dcfc515af,/home/timlittau/Documents/InferQ/analysis/finetuned_rdbms_162/qpy/00b80495a2116ef88125dd275b318b46c9f061c65e101fd71f417b6dcfc515af.qpy,3,40,0.3647003839723766,13796,48,7,41,sqlite,large_size,0,success,0.006365576991811395,8,3669,"{""cache_mb"": 128, ""db_path"": ""analysis/finetuned_rdbms_162_baseline_min_floor_100ms_contraction_all_engines/tmp/large_size/sqlite/bench.db"", ""mmap_mb"": 128, ""temp_store"": ""MEMORY"", ""threads"": 1}",
00b80495a2116ef88125dd275b318b46c9f061c65e101fd71f417b6dcfc515af,/home/timlittau/Documents/InferQ/analysis/finetuned_rdbms_162/qpy/00b80495a2116ef88125dd275b318b46c9f061c65e101fd71f417b6dcfc515af.qpy,3,40,0.3647003839723766,13796,48,7,41,sqlite,large_size,1,success,0.006175966002047062,8,3669,"{""cache_mb"": 128, ""db_path"": ""analysis/finetuned_rdbms_162_baseline_min_floor_100ms_contraction_all_engines/tmp/large_size/sqlite/bench.db"", ""mmap_mb"": 128, ""temp_store"": ""MEMORY"", ""threads"": 1}",
00b80495a2116ef88125dd275b318b46c9f061c65e101fd71f417b6dcfc515af,/home/timlittau/Documents/InferQ/analysis/finetuned_rdbms_162/qpy/00b80495a2116ef88125dd275b318b46c9f061c65e101fd71f417b6dcfc515af.qpy,3,40,0.3647003839723766,13796,48,7,41,duckdb,large_size,0,timeout,0.11134424596093595,0,17652,"{""max_temp_directory_size"": ""128GB"", ""memory_limit"": ""7409MB"", ""preserve_insertion_order"": true, ""temp_directory"": ""analysis/finetuned_rdbms_162_baseline_min_floor_100ms_contraction_all_engines/tmp/large_size/duckdb"", ""threads"": 1}",duckdb timed out after 0.1s
00b80495a2116ef88125dd275b318b46c9f061c65e101fd71f417b6dcfc515af,/home/timlittau/Documents/InferQ/analysis/finetuned_rdbms_162/qpy/00b80495a2116ef88125dd275b318b46c9f061c65e101fd71f417b6dcfc515af.qpy,3,40,0.3647003839723766,13796,48,7,41,duckdb,large_size,1,timeout,0.1148666690569371,0,17740,"{""max_temp_directory_size"": ""128GB"", ""memory_limit"": ""7409MB"", ""preserve_insertion_order"": true, ""temp_directory"": ""analysis/finetuned_rdbms_162_baseline_min_floor_100ms_contraction_all_engines/tmp/large_size/duckdb"", ""threads"": 1}",duckdb timed out after 0.1s
00b80495a2116ef88125dd275b318b46c9f061c65e101fd71f417b6dcfc515af,/home/timlittau/Documents/InferQ/analysis/finetuned_rdbms_162/qpy/00b80495a2116ef88125dd275b318b46c9f061c65e101fd71f417b6dcfc515af.qpy,3,40,0.3647003839723766,13796,48,7,41,postgres,large_size,0,success,0.014445333043113351,8,18377,"{""effective_cache_size"": ""2GB"", ""from_collapse_limit"": 1, ""hash_mem_multiplier"": ""1.94"", ""jit"": ""off"", ""join_collapse_limit"": 4, ""max_parallel_workers_per_gather"": 0, ""temp_buffers"": ""65MB"", ""temp_file_limit"": ""-1"", ""work_mem"": ""55MB""}",
00b80495a2116ef88125dd275b318b46c9f061c65e101fd71f417b6dcfc515af,/home/timlittau/Documents/InferQ/analysis/finetuned_rdbms_162/qpy/00b80495a2116ef88125dd275b318b46c9f061c65e101fd71f417b6dcfc515af.qpy,3,40,0.3647003839723766,13796,48,7,41,postgres,large_size,1,success,0.014130386058241129,8,18377,"{""effective_cache_size"": ""2GB"", ""from_collapse_limit"": 1, ""hash_mem_multiplier"": ""1.94"", ""jit"": ""off"", ""join_collapse_limit"": 4, ""max_parallel_workers_per_gather"": 0, ""temp_buffers"": ""65MB"", ""temp_file_limit"": ""-1"", ""work_mem"": ""55MB""}",
00bdb274ad9909482626cdb3530e9b12b4ca9857a7ab52ccfaf3d36b649cfdd1,/home/timlittau/Documents/InferQ/analysis/finetuned_rdbms_162/qpy/00bdb274ad9909482626cdb3530e9b12b4ca9857a7ab52ccfaf3d36b649cfdd1.qpy,8,56,0.5839600539766252,20909,70,8,62,sqlite,large_size,0,success,0.014972408069297671,256,45923,"{""cache_mb"": 128, ""db_path"": ""analysis/finetuned_rdbms_162_baseline_min_floor_100ms_contraction_all_engines/tmp/large_size/sqlite/bench.db"", ""mmap_mb"": 128, ""temp_store"": ""MEMORY"", ""threads"": 1}",
00bdb274ad9909482626cdb3530e9b12b4ca9857a7ab52ccfaf3d36b649cfdd1,/home/timlittau/Documents/InferQ/analysis/finetuned_rdbms_162/qpy/00bdb274ad9909482626cdb3530e9b12b4ca9857a7ab52ccfaf3d36b649cfdd1.qpy,8,56,0.5839600539766252,20909,70,8,62,sqlite,large_size,1,success,0.015280717983841896,256,15179,"{""cache_mb"": 128, ""db_path"": ""analysis/finetuned_rdbms_162_baseline_min_floor_100ms_contraction_all_engines/tmp/large_size/sqlite/bench.db"", ""mmap_mb"": 128, ""temp_store"": ""MEMORY"", ""threads"": 1}",
00bdb274ad9909482626cdb3530e9b12b4ca9857a7ab52ccfaf3d36b649cfdd1,/home/timlittau/Documents/InferQ/analysis/finetuned_rdbms_162/qpy/00bdb274ad9909482626cdb3530e9b12b4ca9857a7ab52ccfaf3d36b649cfdd1.qpy,8,56,0.5839600539766252,20909,70,8,62,duckdb,large_size,0,timeout,0.10589770507067442,0,24733,"{""max_temp_directory_size"": ""128GB"", ""memory_limit"": ""7409MB"", ""preserve_insertion_order"": true, ""temp_directory"": ""analysis/finetuned_rdbms_162_baseline_min_floor_100ms_contraction_all_engines/tmp/large_size/duckdb"", ""threads"": 1}",duckdb timed out after 0.1s
00bdb274ad9909482626cdb3530e9b12b4ca9857a7ab52ccfaf3d36b649cfdd1,/home/timlittau/Documents/InferQ/analysis/finetuned_rdbms_162/qpy/00bdb274ad9909482626cdb3530e9b12b4ca9857a7ab52ccfaf3d36b649cfdd1.qpy,8,56,0.5839600539766252,20909,70,8,62,duckdb,large_size,1,timeout,0.11383840790949762,0,25881,"{""max_temp_directory_size"": ""128GB"", ""memory_limit"": ""7409MB"", ""preserve_insertion_order"": true, ""temp_directory"": ""analysis/finetuned_rdbms_162_baseline_min_floor_100ms_contraction_all_engines/tmp/large_size/duckdb"", ""threads"": 1}",duckdb timed out after 0.1s
00bdb274ad9909482626cdb3530e9b12b4ca9857a7ab52ccfaf3d36b649cfdd1,/home/timlittau/Documents/InferQ/analysis/finetuned_rdbms_162/qpy/00bdb274ad9909482626cdb3530e9b12b4ca9857a7ab52ccfaf3d36b649cfdd1.qpy,8,56,0.5839600539766252,20909,70,8,62,postgres,large_size,0,success,0.05717197712510824,256,39087,"{""effective_cache_size"": ""2GB"", ""from_collapse_limit"": 1, ""hash_mem_multiplier"": ""1.94"", ""jit"": ""off"", ""join_collapse_limit"": 4, ""max_parallel_workers_per_gather"": 0, ""temp_buffers"": ""65MB"", ""temp_file_limit"": ""-1"", ""work_mem"": ""55MB""}",
00bdb274ad9909482626cdb3530e9b12b4ca9857a7ab52ccfaf3d36b649cfdd1,/home/timlittau/Documents/InferQ/analysis/finetuned_rdbms_162/qpy/00bdb274ad9909482626cdb3530e9b12b4ca9857a7ab52ccfaf3d36b649cfdd1.qpy,8,56,0.5839600539766252,20909,70,8,62,postgres,large_size,1,success,0.0358531188685447,256,37833,"{""effective_cache_size"": ""2GB"", ""from_collapse_limit"": 1, ""hash_mem_multiplier"": ""1.94"", ""jit"": ""off"", ""join_collapse_limit"": 4, ""max_parallel_workers_per_gather"": 0, ""temp_buffers"": ""65MB"", ""temp_file_limit"": ""-1"", ""work_mem"": ""55MB""}",
00c10199e38090eeb5411425af63642afb3306059a458ca56d5140f01d49dd35,/home/timlittau/Documents/InferQ/analysis/finetuned_rdbms_162/qpy/00c10199e38090eeb5411425af63642afb3306059a458ca56d5140f01d49dd35.qpy,12,77,1.1382365601602942,26824,92,5,87,sqlite,large_size,0,timeout,0.10205996502190828,0,4008,"{""cache_mb"": 128, ""db_path"": ""analysis/finetuned_rdbms_162_baseline_min_floor_100ms_contraction_all_engines/tmp/large_size/sqlite/bench.db"", ""mmap_mb"": 128, ""temp_store"": ""MEMORY"", ""threads"": 1}",sqlite timed out after 0.1s
00c10199e38090eeb5411425af63642afb3306059a458ca56d5140f01d49dd35,/home/timlittau/Documents/InferQ/analysis/finetuned_rdbms_162/qpy/00c10199e38090eeb5411425af63642afb3306059a458ca56d5140f01d49dd35.qpy,12,77,1.1382365601602942,26824,92,5,87,sqlite,large_size,1,timeout,0.11013446585275233,0,3894,"{""cache_mb"": 128, ""db_path"": ""analysis/finetuned_rdbms_162_baseline_min_floor_100ms_contraction_all_engines/tmp/large_size/sqlite/bench.db"", ""mmap_mb"": 128, ""temp_store"": ""MEMORY"", ""threads"": 1}",sqlite timed out after 0.1s
00c10199e38090eeb5411425af63642afb3306059a458ca56d5140f01d49dd35,/home/timlittau/Documents/InferQ/analysis/finetuned_rdbms_162/qpy/00c10199e38090eeb5411425af63642afb3306059a458ca56d5140f01d49dd35.qpy,12,77,1.1382365601602942,26824,92,5,87,duckdb,large_size,0,timeout,0.11158769996836782,0,30830,"{""max_temp_directory_size"": ""128GB"", ""memory_limit"": ""7409MB"", ""preserve_insertion_order"": true, ""temp_directory"": ""analysis/finetuned_rdbms_162_baseline_min_floor_100ms_contraction_all_engines/tmp/large_size/duckdb"", ""threads"": 1}",duckdb timed out after 0.1s
00c10199e38090eeb5411425af63642afb3306059a458ca56d5140f01d49dd35,/home/timlittau/Documents/InferQ/analysis/finetuned_rdbms_162/qpy/00c10199e38090eeb5411425af63642afb3306059a458ca56d5140f01d49dd35.qpy,12,77,1.1382365601602942,26824,92,5,87,duckdb,large_size,1,timeout,0.11306191701442003,0,31024,"{""max_temp_directory_size"": ""128GB"", ""memory_limit"": ""7409MB"", ""preserve_insertion_order"": true, ""temp_directory"": ""analysis/finetuned_rdbms_162_baseline_min_floor_100ms_contraction_all_engines/tmp/large_size/duckdb"", ""threads"": 1}",duckdb timed out after 0.1s
00c10199e38090eeb5411425af63642afb3306059a458ca56d5140f01d49dd35,/home/timlittau/Documents/InferQ/analysis/finetuned_rdbms_162/qpy/00c10199e38090eeb5411425af63642afb3306059a458ca56d5140f01d49dd35.qpy,12,77,1.1382365601602942,26824,92,5,87,postgres,large_size,0,timeout,0.1109639541245997,0,32678,"{""effective_cache_size"": ""2GB"", ""from_collapse_limit"": 1, ""hash_mem_multiplier"": ""1.94"", ""jit"": ""off"", ""join_collapse_limit"": 4, ""max_parallel_workers_per_gather"": 0, ""temp_buffers"": ""65MB"", ""temp_file_limit"": ""-1"", ""work_mem"": ""55MB""}",postgres timed out after 0.1s
00c10199e38090eeb5411425af63642afb3306059a458ca56d5140f01d49dd35,/home/timlittau/Documents/InferQ/analysis/finetuned_rdbms_162/qpy/00c10199e38090eeb5411425af63642afb3306059a458ca56d5140f01d49dd35.qpy,12,77,1.1382365601602942,26824,92,5,87,postgres,large_size,1,timeout,0.11076164594851434,0,32678,"{""effective_cache_size"": ""2GB"", ""from_collapse_limit"": 1, ""hash_mem_multiplier"": ""1.94"", ""jit"": ""off"", ""join_collapse_limit"": 4, ""max_parallel_workers_per_gather"": 0, ""temp_buffers"": ""65MB"", ""temp_file_limit"": ""-1"", ""work_mem"": ""55MB""}",postgres timed out after 0.1s
00c176145517a1ae79737568cac342ab63faad8907ac6baf5259492c7b173685,/home/timlittau/Documents/InferQ/analysis/finetuned_rdbms_162/qpy/00c176145517a1ae79737568cac342ab63faad8907ac6baf5259492c7b173685.qpy,9,51,0.7180785140953958,17266,62,4,58,sqlite,large_size,0,success,0.009808203903958201,512,29567,"{""cache_mb"": 128, ""db_path"": ""analysis/finetuned_rdbms_162_baseline_min_floor_100ms_contraction_all_engines/tmp/large_size/sqlite/bench.db"", ""mmap_mb"": 128, ""temp_store"": ""MEMORY"", ""threads"": 1}",
00c176145517a1ae79737568cac342ab63faad8907ac6baf5259492c7b173685,/home/timlittau/Documents/InferQ/analysis/finetuned_rdbms_162/qpy/00c176145517a1ae79737568cac342ab63faad8907ac6baf5259492c7b173685.qpy,9,51,0.7180785140953958,17266,62,4,58,sqlite,large_size,1,success,0.009127243887633085,512,29567,"{""cache_mb"": 128, ""db_path"": ""analysis/finetuned_rdbms_162_baseline_min_floor_100ms_contraction_all_engines/tmp/large_size/sqlite/bench.db"", ""mmap_mb"": 128, ""temp_store"": ""MEMORY"", ""threads"": 1}",
00c176145517a1ae79737568cac342ab63faad8907ac6baf5259492c7b173685,/home/timlittau/Documents/InferQ/analysis/finetuned_rdbms_162/qpy/00c176145517a1ae79737568cac342ab63faad8907ac6baf5259492c7b173685.qpy,9,51,0.7180785140953958,17266,62,4,58,duckdb,large_size,0,timeout,0.11062227096408606,0,856195,"{""max_temp_directory_size"": ""128GB"", ""memory_limit"": ""7409MB"", ""preserve_insertion_order"": true, ""temp_directory"": ""analysis/finetuned_rdbms_162_baseline_min_floor_100ms_contraction_all_engines/tmp/large_size/duckdb"", ""threads"": 1}",duckdb timed out after 0.1s
00c176145517a1ae79737568cac342ab63faad8907ac6baf5259492c7b173685,/home/timlittau/Documents/InferQ/analysis/finetuned_rdbms_162/qpy/00c176145517a1ae79737568cac342ab63faad8907ac6baf5259492c7b173685.qpy,9,51,0.7180785140953958,17266,62,4,58,duckdb,large_size,1,timeout,0.11340392683632672,0,21528,"{""max_temp_directory_size"": ""128GB"", ""memory_limit"": ""7409MB"", ""preserve_insertion_order"": true, ""temp_directory"": ""analysis/finetuned_rdbms_162_baseline_min_floor_100ms_contraction_all_engines/tmp/large_size/duckdb"", ""threads"": 1}",duckdb timed out after 0.1s
00c176145517a1ae79737568cac342ab63faad8907ac6baf5259492c7b173685,/home/timlittau/Documents/InferQ/analysis/finetuned_rdbms_162/qpy/00c176145517a1ae79737568cac342ab63faad8907ac6baf5259492c7b173685.qpy,9,51,0.7180785140953958,17266,62,4,58,postgres,large_size,0,success,0.028456907952204347,512,48639,"{""effective_cache_size"": ""2GB"", ""from_collapse_limit"": 1, ""hash_mem_multiplier"": ""1.94"", ""jit"": ""off"", ""join_collapse_limit"": 4, ""max_parallel_workers_per_gather"": 0, ""temp_buffers"": ""65MB"", ""temp_file_limit"": ""-1"", ""work_mem"": ""55MB""}",
00c176145517a1ae79737568cac342ab63faad8907ac6baf5259492c7b173685,/home/timlittau/Documents/InferQ/analysis/finetuned_rdbms_162/qpy/00c176145517a1ae79737568cac342ab63faad8907ac6baf5259492c7b173685.qpy,9,51,0.7180785140953958,17266,62,4,58,postgres,large_size,1,success,0.027156848926097155,512,48615,"{""effective_cache_size"": ""2GB"", ""from_collapse_limit"": 1, ""hash_mem_multiplier"": ""1.94"", ""jit"": ""off"", ""join_collapse_limit"": 4, ""max_parallel_workers_per_gather"": 0, ""temp_buffers"": ""65MB"", ""temp_file_limit"": ""-1"", ""work_mem"": ""55MB""}",
00c1b13978d245f6da24965d56335002de703b35a8274f834f5e63436139162a,/home/timlittau/Documents/InferQ/analysis/finetuned_rdbms_162/qpy/00c1b13978d245f6da24965d56335002de703b35a8274f834f5e63436139162a.qpy,4,46,0.7699868099298328,15468,53,5,48,sqlite,large_size,0,success,0.009011374088004231,16,3669,"{""cache_mb"": 128, ""db_path"": ""analysis/finetuned_rdbms_162_baseline_min_floor_100ms_contraction_all_engines/tmp/large_size/sqlite/bench.db"", ""mmap_mb"": 128, ""temp_store"": ""MEMORY"", ""threads"": 1}",
00c1b13978d245f6da24965d56335002de703b35a8274f834f5e63436139162a,/home/timlittau/Documents/InferQ/analysis/finetuned_rdbms_162/qpy/00c1b13978d245f6da24965d56335002de703b35a8274f834f5e63436139162a.qpy,4,46,0.7699868099298328,15468,53,5,48,sqlite,large_size,1,success,0.008291874080896378,16,3669,"{""cache_mb"": 128, ""db_path"": ""analysis/finetuned_rdbms_162_baseline_min_floor_100ms_contraction_all_engines/tmp/large_size/sqlite/bench.db"", ""mmap_mb"": 128, ""temp_store"": ""MEMORY"", ""threads"": 1}",
00c1b13978d245f6da24965d56335002de703b35a8274f834f5e63436139162a,/home/timlittau/Documents/InferQ/analysis/finetuned_rdbms_162/qpy/00c1b13978d245f6da24965d56335002de703b35a8274f834f5e63436139162a.qpy,4,46,0.7699868099298328,15468,53,5,48,duckdb,large_size,0,timeout,0.11729596997611225,0,122999,"{""max_temp_directory_size"": ""128GB"", ""memory_limit"": ""7409MB"", ""preserve_insertion_order"": true, ""temp_directory"": ""analysis/finetuned_rdbms_162_baseline_min_floor_100ms_contraction_all_engines/tmp/large_size/duckdb"", ""threads"": 1}",duckdb timed out after 0.1s
00c1b13978d245f6da24965d56335002de703b35a8274f834f5e63436139162a,/home/timlittau/Documents/InferQ/analysis/finetuned_rdbms_162/qpy/00c1b13978d245f6da24965d56335002de703b35a8274f834f5e63436139162a.qpy,4,46,0.7699868099298328,15468,53,5,48,duckdb,large_size,1,timeout,0.11580114089883864,0,19350,"{""max_temp_directory_size"": ""128GB"", ""memory_limit"": ""7409MB"", ""preserve_insertion_order"": true, ""temp_directory"": ""analysis/finetuned_rdbms_162_baseline_min_floor_100ms_contraction_all_engines/tmp/large_size/duckdb"", ""threads"": 1}",duckdb timed out after 0.1s
00c1b13978d245f6da24965d56335002de703b35a8274f834f5e63436139162a,/home/timlittau/Documents/InferQ/analysis/finetuned_rdbms_162/qpy/00c1b13978d245f6da24965d56335002de703b35a8274f834f5e63436139162a.qpy,4,46,0.7699868099298328,15468,53,5,48,postgres,large_size,0,success,0.02014800114557147,16,20184,"{""effective_cache_size"": ""2GB"", ""from_collapse_limit"": 1, ""hash_mem_multiplier"": ""1.94"", ""jit"": ""off"", ""join_collapse_limit"": 4, ""max_parallel_workers_per_gather"": 0, ""temp_buffers"": ""65MB"", ""temp_file_limit"": ""-1"", ""work_mem"": ""55MB""}",
00c1b13978d245f6da24965d56335002de703b35a8274f834f5e63436139162a,/home/timlittau/Documents/InferQ/analysis/finetuned_rdbms_162/qpy/00c1b13978d245f6da24965d56335002de703b35a8274f834f5e63436139162a.qpy,4,46,0.7699868099298328,15468,53,5,48,postgres,large_size,1,success,0.019514309940859675,16,23904,"{""effective_cache_size"": ""2GB"", ""from_collapse_limit"": 1, ""hash_mem_multiplier"": ""1.94"", ""jit"": ""off"", ""join_collapse_limit"": 4, ""max_parallel_workers_per_gather"": 0, ""temp_buffers"": ""65MB"", ""temp_file_limit"": ""-1"", ""work_mem"": ""55MB""}",
00c40138362fd5e43a5658676f3e0b55b2f3feaddde3ab73df2821354890bd46,/home/timlittau/Documents/InferQ/analysis/finetuned_rdbms_162/qpy/00c40138362fd5e43a5658676f3e0b55b2f3feaddde3ab73df2821354890bd46.qpy,3,9,0.1173273348249495,3821,14,4,10,sqlite,small_size,0,success,0.001789183123037219,8,3807,"{""cache_mb"": 64, ""db_path"": "":memory:"", ""mmap_mb"": 0, ""temp_store"": ""MEMORY"", ""threads"": 1}",
00c40138362fd5e43a5658676f3e0b55b2f3feaddde3ab73df2821354890bd46,/home/timlittau/Documents/InferQ/analysis/finetuned_rdbms_162/qpy/00c40138362fd5e43a5658676f3e0b55b2f3feaddde3ab73df2821354890bd46.qpy,3,9,0.1173273348249495,3821,14,4,10,sqlite,small_size,1,success,0.0013185630086809397,8,3807,"{""cache_mb"": 64, ""db_path"": "":memory:"", ""mmap_mb"": 0, ""temp_store"": ""MEMORY"", ""threads"": 1}",
00c40138362fd5e43a5658676f3e0b55b2f3feaddde3ab73df2821354890bd46,/home/timlittau/Documents/InferQ/analysis/finetuned_rdbms_162/qpy/00c40138362fd5e43a5658676f3e0b55b2f3feaddde3ab73df2821354890bd46.qpy,3,9,0.1173273348249495,3821,14,4,10,duckdb,small_size,0,success,0.01813925290480256,8,7983,"{""max_temp_directory_size"": ""256GB"", ""memory_limit"": ""10780MB"", ""preserve_insertion_order"": false, ""temp_directory"": ""analysis/finetuned_rdbms_162_baseline_min_floor_100ms_contraction_all_engines/tmp/small_size/duckdb"", ""threads"": 2}",
00c40138362fd5e43a5658676f3e0b55b2f3feaddde3ab73df2821354890bd46,/home/timlittau/Documents/InferQ/analysis/finetuned_rdbms_162/qpy/00c40138362fd5e43a5658676f3e0b55b2f3feaddde3ab73df2821354890bd46.qpy,3,9,0.1173273348249495,3821,14,4,10,duckdb,small_size,1,success,0.01784162991680205,8,7889,"{""max_temp_directory_size"": ""256GB"", ""memory_limit"": ""10780MB"", ""preserve_insertion_order"": false, ""temp_directory"": ""analysis/finetuned_rdbms_162_baseline_min_floor_100ms_contraction_all_engines/tmp/small_size/duckdb"", ""threads"": 2}",
00c40138362fd5e43a5658676f3e0b55b2f3feaddde3ab73df2821354890bd46,/home/timlittau/Documents/InferQ/analysis/finetuned_rdbms_162/qpy/00c40138362fd5e43a5658676f3e0b55b2f3feaddde3ab73df2821354890bd46.qpy,3,9,0.1173273348249495,3821,14,4,10,postgres,small_size,0,success,0.0037030179519206285,8,9506,"{""effective_cache_size"": ""8GB"", ""from_collapse_limit"": 1, ""hash_mem_multiplier"": ""2.0"", ""jit"": ""off"", ""join_collapse_limit"": 1, ""max_parallel_workers_per_gather"": 4, ""temp_buffers"": ""128MB"", ""temp_file_limit"": ""-1"", ""work_mem"": ""256MB""}",
00c40138362fd5e43a5658676f3e0b55b2f3feaddde3ab73df2821354890bd46,/home/timlittau/Documents/InferQ/analysis/finetuned_rdbms_162/qpy/00c40138362fd5e43a5658676f3e0b55b2f3feaddde3ab73df2821354890bd46.qpy,3,9,0.1173273348249495,3821,14,4,10,postgres,small_size,1,success,0.0034676669165492058,8,8402,"{""effective_cache_size"": ""8GB"", ""from_collapse_limit"": 1, ""hash_mem_multiplier"": ""2.0"", ""jit"": ""off"", ""join_collapse_limit"": 1, ""max_parallel_workers_per_gather"": 4, ""temp_buffers"": ""128MB"", ""temp_file_limit"": ""-1"", ""work_mem"": ""256MB""}",
00c9becc6264c65d2781ca5359ce91540c8cb3cff518ff8caf62090b0cc08465,/home/timlittau/Documents/InferQ/analysis/finetuned_rdbms_162/qpy/00c9becc6264c65d2781ca5359ce91540c8cb3cff518ff8caf62090b0cc08465.qpy,9,33,0.6975053651258349,12022,44,4,40,sqlite,small_size,0,success,0.01311597810126841,512,29705,"{""cache_mb"": 64, ""db_path"": "":memory:"", ""mmap_mb"": 0, ""temp_store"": ""MEMORY"", ""threads"": 1}",
00c9becc6264c65d2781ca5359ce91540c8cb3cff518ff8caf62090b0cc08465,/home/timlittau/Documents/InferQ/analysis/finetuned_rdbms_162/qpy/00c9becc6264c65d2781ca5359ce91540c8cb3cff518ff8caf62090b0cc08465.qpy,9,33,0.6975053651258349,12022,44,4,40,sqlite,small_size,1,success,0.012610568897798657,512,29705,"{""cache_mb"": 64, ""db_path"": "":memory:"", ""mmap_mb"": 0, ""temp_store"": ""MEMORY"", ""threads"": 1}",
00c9becc6264c65d2781ca5359ce91540c8cb3cff518ff8caf62090b0cc08465,/home/timlittau/Documents/InferQ/analysis/finetuned_rdbms_162/qpy/00c9becc6264c65d2781ca5359ce91540c8cb3cff518ff8caf62090b0cc08465.qpy,9,33,0.6975053651258349,12022,44,4,40,duckdb,small_size,0,timeout,0.11629673698917031,0,16090,"{""max_temp_directory_size"": ""256GB"", ""memory_limit"": ""10780MB"", ""preserve_insertion_order"": false, ""temp_directory"": ""analysis/finetuned_rdbms_162_baseline_min_floor_100ms_contraction_all_engines/tmp/small_size/duckdb"", ""threads"": 2}",duckdb timed out after 0.1s
00c9becc6264c65d2781ca5359ce91540c8cb3cff518ff8caf62090b0cc08465,/home/timlittau/Documents/InferQ/analysis/finetuned_rdbms_162/qpy/00c9becc6264c65d2781ca5359ce91540c8cb3cff518ff8caf62090b0cc08465.qpy,9,33,0.6975053651258349,12022,44,4,40,duckdb,small_size,1,timeout,0.11244199192151427,0,15970,"{""max_temp_directory_size"": ""256GB"", ""memory_limit"": ""10780MB"", ""preserve_insertion_order"": false, ""temp_directory"": ""analysis/finetuned_rdbms_162_baseline_min_floor_100ms_contraction_all_engines/tmp/small_size/duckdb"", ""threads"": 2}",duckdb timed out after 0.1s
00c9becc6264c65d2781ca5359ce91540c8cb3cff518ff8caf62090b0cc08465,/home/timlittau/Documents/InferQ/analysis/finetuned_rdbms_162/qpy/00c9becc6264c65d2781ca5359ce91540c8cb3cff518ff8caf62090b0cc08465.qpy,9,33,0.6975053651258349,12022,44,4,40,postgres,small_size,0,success,0.020383363123983145,512,43420,"{""effective_cache_size"": ""8GB"", ""from_collapse_limit"": 1, ""hash_mem_multiplier"": ""2.0"", ""jit"": ""off"", ""join_collapse_limit"": 1, ""max_parallel_workers_per_gather"": 4, ""temp_buffers"": ""128MB"", ""temp_file_limit"": ""-1"", ""work_mem"": ""256MB""}",
00c9becc6264c65d2781ca5359ce91540c8cb3cff518ff8caf62090b0cc08465,/home/timlittau/Documents/InferQ/analysis/finetuned_rdbms_162/qpy/00c9becc6264c65d2781ca5359ce91540c8cb3cff518ff8caf62090b0cc08465.qpy,9,33,0.6975053651258349,12022,44,4,40,postgres,small_size,1,success,0.0218966961838305,512,43372,"{""effective_cache_size"": ""8GB"", ""from_collapse_limit"": 1, ""hash_mem_multiplier"": ""2.0"", ""jit"": ""off"", ""join_collapse_limit"": 1, ""max_parallel_workers_per_gather"": 4, ""temp_buffers"": ""128MB"", ""temp_file_limit"": ""-1"", ""work_mem"": ""256MB""}",
00cbb6840d9d537437ecbc990236e17e56fbc206b3a98e8f506f9c15ffdd4508,/home/timlittau/Documents/InferQ/analysis/finetuned_rdbms_162/qpy/00cbb6840d9d537437ecbc990236e17e56fbc206b3a98e8f506f9c15ffdd4508.qpy,14,122,2.1867339708842337,42154,139,5,134,sqlite,large_size,0,timeout,0.10295259184204042,0,58837,"{""cache_mb"": 128, ""db_path"": ""analysis/finetuned_rdbms_162_baseline_min_floor_100ms_contraction_all_engines/tmp/large_size/sqlite/bench.db"", ""mmap_mb"": 128, ""temp_store"": ""MEMORY"", ""threads"": 1}",sqlite timed out after 0.1s
00cbb6840d9d537437ecbc990236e17e56fbc206b3a98e8f506f9c15ffdd4508,/home/timlittau/Documents/InferQ/analysis/finetuned_rdbms_162/qpy/00cbb6840d9d537437ecbc990236e17e56fbc206b3a98e8f506f9c15ffdd4508.qpy,14,122,2.1867339708842337,42154,139,5,134,sqlite,large_size,1,timeout,0.2041108498815447,0,3894,"{""cache_mb"": 128, ""db_path"": ""analysis/finetuned_rdbms_162_baseline_min_floor_100ms_contraction_all_engines/tmp/large_size/sqlite/bench.db"", ""mmap_mb"": 128, ""temp_store"": ""MEMORY"", ""threads"": 1}",sqlite timed out after 0.1s
00cbb6840d9d537437ecbc990236e17e56fbc206b3a98e8f506f9c15ffdd4508,/home/timlittau/Documents/InferQ/analysis/finetuned_rdbms_162/qpy/00cbb6840d9d537437ecbc990236e17e56fbc206b3a98e8f506f9c15ffdd4508.qpy,14,122,2.1867339708842337,42154,139,5,134,duckdb,large_size,0,timeout,0.11554153589531779,0,46442,"{""max_temp_directory_size"": ""128GB"", ""memory_limit"": ""7409MB"", ""preserve_insertion_order"": true, ""temp_directory"": ""analysis/finetuned_rdbms_162_baseline_min_floor_100ms_contraction_all_engines/tmp/large_size/duckdb"", ""threads"": 1}",duckdb timed out after 0.1s
00cbb6840d9d537437ecbc990236e17e56fbc206b3a98e8f506f9c15ffdd4508,/home/timlittau/Documents/InferQ/analysis/finetuned_rdbms_162/qpy/00cbb6840d9d537437ecbc990236e17e56fbc206b3a98e8f506f9c15ffdd4508.qpy,14,122,2.1867339708842337,42154,139,5,134,duckdb,large_size,1,timeout,0.11989313294179738,0,46160,"{""max_temp_directory_size"": ""128GB"", ""memory_limit"": ""7409MB"", ""preserve_insertion_order"": true, ""temp_directory"": ""analysis/finetuned_rdbms_162_baseline_min_floor_100ms_contraction_all_engines/tmp/large_size/duckdb"", ""threads"": 1}",duckdb timed out after 0.1s
00cbb6840d9d537437ecbc990236e17e56fbc206b3a98e8f506f9c15ffdd4508,/home/timlittau/Documents/InferQ/analysis/finetuned_rdbms_162/qpy/00cbb6840d9d537437ecbc990236e17e56fbc206b3a98e8f506f9c15ffdd4508.qpy,14,122,2.1867339708842337,42154,139,5,134,postgres,large_size,0,timeout,0.11205899016931653,0,48008,"{""effective_cache_size"": ""2GB"", ""from_collapse_limit"": 1, ""hash_mem_multiplier"": ""1.94"", ""jit"": ""off"", ""join_collapse_limit"": 4, ""max_parallel_workers_per_gather"": 0, ""temp_buffers"": ""65MB"", ""temp_file_limit"": ""-1"", ""work_mem"": ""55MB""}",postgres timed out after 0.1s
00cbb6840d9d537437ecbc990236e17e56fbc206b3a98e8f506f9c15ffdd4508,/home/timlittau/Documents/InferQ/analysis/finetuned_rdbms_162/qpy/00cbb6840d9d537437ecbc990236e17e56fbc206b3a98e8f506f9c15ffdd4508.qpy,14,122,2.1867339708842337,42154,139,5,134,postgres,large_size,1,timeout,0.11112191108986735,0,48008,"{""effective_cache_size"": ""2GB"", ""from_collapse_limit"": 1, ""hash_mem_multiplier"": ""1.94"", ""jit"": ""off"", ""join_collapse_limit"": 4, ""max_parallel_workers_per_gather"": 0, ""temp_buffers"": ""65MB"", ""temp_file_limit"": ""-1"", ""work_mem"": ""55MB""}",postgres timed out after 0.1s
00d1d1eb8b59b37a53189e24e68c3e946f18affa7c82ed4eb28ed3f8e21cf4c7,/home/timlittau/Documents/InferQ/analysis/finetuned_rdbms_162/qpy/00d1d1eb8b59b37a53189e24e68c3e946f18affa7c82ed4eb28ed3f8e21cf4c7.qpy,14,64,1.4308767700567842,22867,82,6,76,sqlite,large_size,0,timeout,0.11679416010156274,0,3894,"{""cache_mb"": 128, ""db_path"": ""analysis/finetuned_rdbms_162_baseline_min_floor_100ms_contraction_all_engines/tmp/large_size/sqlite/bench.db"", ""mmap_mb"": 128, ""temp_store"": ""MEMORY"", ""threads"": 1}",sqlite timed out after 0.1s
00d1d1eb8b59b37a53189e24e68c3e946f18affa7c82ed4eb28ed3f8e21cf4c7,/home/timlittau/Documents/InferQ/analysis/finetuned_rdbms_162/qpy/00d1d1eb8b59b37a53189e24e68c3e946f18affa7c82ed4eb28ed3f8e21cf4c7.qpy,14,64,1.4308767700567842,22867,82,6,76,sqlite,large_size,1,timeout,0.10339423920959234,0,952537,"{""cache_mb"": 128, ""db_path"": ""analysis/finetuned_rdbms_162_baseline_min_floor_100ms_contraction_all_engines/tmp/large_size/sqlite/bench.db"", ""mmap_mb"": 128, ""temp_store"": ""MEMORY"", ""threads"": 1}",sqlite timed out after 0.1s
00d1d1eb8b59b37a53189e24e68c3e946f18affa7c82ed4eb28ed3f8e21cf4c7,/home/timlittau/Documents/InferQ/analysis/finetuned_rdbms_162/qpy/00d1d1eb8b59b37a53189e24e68c3e946f18affa7c82ed4eb28ed3f8e21cf4c7.qpy,14,64,1.4308767700567842,22867,82,6,76,duckdb,large_size,0,timeout,0.11033238307572901,0,27249,"{""max_temp_directory_size"": ""128GB"", ""memory_limit"": ""7409MB"", ""preserve_insertion_order"": true, ""temp_directory"": ""analysis/finetuned_rdbms_162_baseline_min_floor_100ms_contraction_all_engines/tmp/large_size/duckdb"", ""threads"": 1}",duckdb timed out after 0.1s
00d1d1eb8b59b37a53189e24e68c3e946f18affa7c82ed4eb28ed3f8e21cf4c7,/home/timlittau/Documents/InferQ/analysis/finetuned_rdbms_162/qpy/00d1d1eb8b59b37a53189e24e68c3e946f18affa7c82ed4eb28ed3f8e21cf4c7.qpy,14,64,1.4308767700567842,22867,82,6,76,duckdb,large_size,1,timeout,0.11613830178976059,0,27249,"{""max_temp_directory_size"": ""128GB"", ""memory_limit"": ""7409MB"", ""preserve_insertion_order"": true, ""temp_directory"": ""analysis/finetuned_rdbms_162_baseline_min_floor_100ms_contraction_all_engines/tmp/large_size/duckdb"", ""threads"": 1}",duckdb timed out after 0.1s
00d1d1eb8b59b37a53189e24e68c3e946f18affa7c82ed4eb28ed3f8e21cf4c7,/home/timlittau/Documents/InferQ/analysis/finetuned_rdbms_162/qpy/00d1d1eb8b59b37a53189e24e68c3e946f18affa7c82ed4eb28ed3f8e21cf4c7.qpy,14,64,1.4308767700567842,22867,82,6,76,postgres,large_size,0,timeout,0.11215816996991634,0,589761,"{""effective_cache_size"": ""2GB"", ""from_collapse_limit"": 1, ""hash_mem_multiplier"": ""1.94"", ""jit"": ""off"", ""join_collapse_limit"": 4, ""max_parallel_workers_per_gather"": 0, ""temp_buffers"": ""65MB"", ""temp_file_limit"": ""-1"", ""work_mem"": ""55MB""}",postgres timed out after 0.1s
00d1d1eb8b59b37a53189e24e68c3e946f18affa7c82ed4eb28ed3f8e21cf4c7,/home/timlittau/Documents/InferQ/analysis/finetuned_rdbms_162/qpy/00d1d1eb8b59b37a53189e24e68c3e946f18affa7c82ed4eb28ed3f8e21cf4c7.qpy,14,64,1.4308767700567842,22867,82,6,76,postgres,large_size,1,error,0.14262187690474093,0,2833099,"{""effective_cache_size"": ""2GB"", ""from_collapse_limit"": 1, ""hash_mem_multiplier"": ""1.94"", ""jit"": ""off"", ""join_collapse_limit"": 4, ""max_parallel_workers_per_gather"": 0, ""temp_buffers"": ""65MB"", ""temp_file_limit"": ""-1"", ""work_mem"": ""55MB""}","canceling statement due to statement timeout\\n\\nTraceback (most recent call last):\\n  File ""/home/timlittau/Documents/InferQ/scripts/finetuned_rdbms/run_finetuned_rdbms.py"", line 354, in run_with_tracemalloc\\n    result = fn()\\n  File ""/home/timlittau/Documents/InferQ/scripts/finetuned_rdbms/run_full_7705_two_profile.py"", line 351, in <lambda>\\n    lambda: engine_runner(query, runner_tuning, timeout_s, fetch_chunk_size)\\n            ~~~~~~~~~~~~~^^^^^^^^^^^^^^^^^^^^^^^^^^^^^^^^^^^^^^^^^^^^^^^^^^^\\n  File ""/home/timlittau/Documents/InferQ/scripts/finetuned_rdbms/run_finetuned_rdbms.py"", line 540, in run_postgres\\n    raise result[""error""]\\n  File ""/home/timlittau/Documents/InferQ/scripts/finetuned_rdbms/run_finetuned_rdbms.py"", line 519, in execute\\n    cur.execute(query)\\n    ~~~~~~~~~~~^^^^^^^\\npsycopg2.errors.QueryCanceled: canceling statement due to statement timeout\\n\\n"
00d46f73fd0ec237d1ca633e421957bbf00ea7ffbe4596c781d6fd8c226502c5,/home/timlittau/Documents/InferQ/analysis/finetuned_rdbms_162/qpy/00d46f73fd0ec237d1ca633e421957bbf00ea7ffbe4596c781d6fd8c226502c5.qpy,4,26,0.3928884130436927,9221,34,6,28,sqlite,small_size,0,success,0.004224478034302592,4,3807,"{""cache_mb"": 64, ""db_path"": "":memory:"", ""mmap_mb"": 0, ""temp_store"": ""MEMORY"", ""threads"": 1}",
00d46f73fd0ec237d1ca633e421957bbf00ea7ffbe4596c781d6fd8c226502c5,/home/timlittau/Documents/InferQ/analysis/finetuned_rdbms_162/qpy/00d46f73fd0ec237d1ca633e421957bbf00ea7ffbe4596c781d6fd8c226502c5.qpy,4,26,0.3928884130436927,9221,34,6,28,sqlite,small_size,1,success,0.004131125984713435,4,3807,"{""cache_mb"": 64, ""db_path"": "":memory:"", ""mmap_mb"": 0, ""temp_store"": ""MEMORY"", ""threads"": 1}",
00d46f73fd0ec237d1ca633e421957bbf00ea7ffbe4596c781d6fd8c226502c5,/home/timlittau/Documents/InferQ/analysis/finetuned_rdbms_162/qpy/00d46f73fd0ec237d1ca633e421957bbf00ea7ffbe4596c781d6fd8c226502c5.qpy,4,26,0.3928884130436927,9221,34,6,28,duckdb,small_size,0,timeout,0.11483418080024421,0,2719459,"{""max_temp_directory_size"": ""256GB"", ""memory_limit"": ""10780MB"", ""preserve_insertion_order"": false, ""temp_directory"": ""analysis/finetuned_rdbms_162_baseline_min_floor_100ms_contraction_all_engines/tmp/small_size/duckdb"", ""threads"": 2}",duckdb timed out after 0.1s
00d46f73fd0ec237d1ca633e421957bbf00ea7ffbe4596c781d6fd8c226502c5,/home/timlittau/Documents/InferQ/analysis/finetuned_rdbms_162/qpy/00d46f73fd0ec237d1ca633e421957bbf00ea7ffbe4596c781d6fd8c226502c5.qpy,4,26,0.3928884130436927,9221,34,6,28,duckdb,small_size,1,timeout,0.11593798408284783,0,671623,"{""max_temp_directory_size"": ""256GB"", ""memory_limit"": ""10780MB"", ""preserve_insertion_order"": false, ""temp_directory"": ""analysis/finetuned_rdbms_162_baseline_min_floor_100ms_contraction_all_engines/tmp/small_size/duckdb"", ""threads"": 2}",duckdb timed out after 0.1s
00d46f73fd0ec237d1ca633e421957bbf00ea7ffbe4596c781d6fd8c226502c5,/home/timlittau/Documents/InferQ/analysis/finetuned_rdbms_162/qpy/00d46f73fd0ec237d1ca633e421957bbf00ea7ffbe4596c781d6fd8c226502c5.qpy,4,26,0.3928884130436927,9221,34,6,28,postgres,small_size,0,success,0.00973911420442164,4,13890,"{""effective_cache_size"": ""8GB"", ""from_collapse_limit"": 1, ""hash_mem_multiplier"": ""2.0"", ""jit"": ""off"", ""join_collapse_limit"": 1, ""max_parallel_workers_per_gather"": 4, ""temp_buffers"": ""128MB"", ""temp_file_limit"": ""-1"", ""work_mem"": ""256MB""}",
00d46f73fd0ec237d1ca633e421957bbf00ea7ffbe4596c781d6fd8c226502c5,/home/timlittau/Documents/InferQ/analysis/finetuned_rdbms_162/qpy/00d46f73fd0ec237d1ca633e421957bbf00ea7ffbe4596c781d6fd8c226502c5.qpy,4,26,0.3928884130436927,9221,34,6,28,postgres,small_size,1,success,0.009457351872697473,4,13890,"{""effective_cache_size"": ""8GB"", ""from_collapse_limit"": 1, ""hash_mem_multiplier"": ""2.0"", ""jit"": ""off"", ""join_collapse_limit"": 1, ""max_parallel_workers_per_gather"": 4, ""temp_buffers"": ""128MB"", ""temp_file_limit"": ""-1"", ""work_mem"": ""256MB""}",
00da97da4de0308ac7b14ce8c47e9779a0c1cfc28395a644cabd17ae703ddc7f,/home/timlittau/Documents/InferQ/analysis/finetuned_rdbms_162/qpy/00da97da4de0308ac7b14ce8c47e9779a0c1cfc28395a644cabd17ae703ddc7f.qpy,15,91,1.2789243690203875,31057,110,6,104,sqlite,large_size,0,timeout,0.2323321420699358,0,3894,"{""cache_mb"": 128, ""db_path"": ""analysis/finetuned_rdbms_162_baseline_min_floor_100ms_contraction_all_engines/tmp/large_size/sqlite/bench.db"", ""mmap_mb"": 128, ""temp_store"": ""MEMORY"", ""threads"": 1}",sqlite timed out after 0.1s
00da97da4de0308ac7b14ce8c47e9779a0c1cfc28395a644cabd17ae703ddc7f,/home/timlittau/Documents/InferQ/analysis/finetuned_rdbms_162/qpy/00da97da4de0308ac7b14ce8c47e9779a0c1cfc28395a644cabd17ae703ddc7f.qpy,15,91,1.2789243690203875,31057,110,6,104,sqlite,large_size,1,timeout,0.22797790495678782,0,3894,"{""cache_mb"": 128, ""db_path"": ""analysis/finetuned_rdbms_162_baseline_min_floor_100ms_contraction_all_engines/tmp/large_size/sqlite/bench.db"", ""mmap_mb"": 128, ""temp_store"": ""MEMORY"", ""threads"": 1}",sqlite timed out after 0.1s
00da97da4de0308ac7b14ce8c47e9779a0c1cfc28395a644cabd17ae703ddc7f,/home/timlittau/Documents/InferQ/analysis/finetuned_rdbms_162/qpy/00da97da4de0308ac7b14ce8c47e9779a0c1cfc28395a644cabd17ae703ddc7f.qpy,15,91,1.2789243690203875,31057,110,6,104,duckdb,large_size,0,timeout,0.11967985494993627,0,35001,"{""max_temp_directory_size"": ""128GB"", ""memory_limit"": ""7409MB"", ""preserve_insertion_order"": true, ""temp_directory"": ""analysis/finetuned_rdbms_162_baseline_min_floor_100ms_contraction_all_engines/tmp/large_size/duckdb"", ""threads"": 1}",duckdb timed out after 0.1s
00da97da4de0308ac7b14ce8c47e9779a0c1cfc28395a644cabd17ae703ddc7f,/home/timlittau/Documents/InferQ/analysis/finetuned_rdbms_162/qpy/00da97da4de0308ac7b14ce8c47e9779a0c1cfc28395a644cabd17ae703ddc7f.qpy,15,91,1.2789243690203875,31057,110,6,104,duckdb,large_size,1,timeout,0.11267142090946436,0,35101,"{""max_temp_directory_size"": ""128GB"", ""memory_limit"": ""7409MB"", ""preserve_insertion_order"": true, ""temp_directory"": ""analysis/finetuned_rdbms_162_baseline_min_floor_100ms_contraction_all_engines/tmp/large_size/duckdb"", ""threads"": 1}",duckdb timed out after 0.1s
00da97da4de0308ac7b14ce8c47e9779a0c1cfc28395a644cabd17ae703ddc7f,/home/timlittau/Documents/InferQ/analysis/finetuned_rdbms_162/qpy/00da97da4de0308ac7b14ce8c47e9779a0c1cfc28395a644cabd17ae703ddc7f.qpy,15,91,1.2789243690203875,31057,110,6,104,postgres,large_size,0,timeout,0.11275615403428674,0,36862,"{""effective_cache_size"": ""2GB"", ""from_collapse_limit"": 1, ""hash_mem_multiplier"": ""1.94"", ""jit"": ""off"", ""join_collapse_limit"": 4, ""max_parallel_workers_per_gather"": 0, ""temp_buffers"": ""65MB"", ""temp_file_limit"": ""-1"", ""work_mem"": ""55MB""}",postgres timed out after 0.1s
00da97da4de0308ac7b14ce8c47e9779a0c1cfc28395a644cabd17ae703ddc7f,/home/timlittau/Documents/InferQ/analysis/finetuned_rdbms_162/qpy/00da97da4de0308ac7b14ce8c47e9779a0c1cfc28395a644cabd17ae703ddc7f.qpy,15,91,1.2789243690203875,31057,110,6,104,postgres,large_size,1,timeout,0.11039746506139636,0,36911,"{""effective_cache_size"": ""2GB"", ""from_collapse_limit"": 1, ""hash_mem_multiplier"": ""1.94"", ""jit"": ""off"", ""join_collapse_limit"": 4, ""max_parallel_workers_per_gather"": 0, ""temp_buffers"": ""65MB"", ""temp_file_limit"": ""-1"", ""work_mem"": ""55MB""}",postgres timed out after 0.1s
00e11bb726d67d34bff07041b47b942075be1ccfa05335eef99c02b3afacdbb7,/home/timlittau/Documents/InferQ/analysis/finetuned_rdbms_162/qpy/00e11bb726d67d34bff07041b47b942075be1ccfa05335eef99c02b3afacdbb7.qpy,3,15,0.22975842515006661,5418,20,4,16,sqlite,small_size,0,success,0.00262600090354681,8,3807,"{""cache_mb"": 64, ""db_path"": "":memory:"", ""mmap_mb"": 0, ""temp_store"": ""MEMORY"", ""threads"": 1}",
00e11bb726d67d34bff07041b47b942075be1ccfa05335eef99c02b3afacdbb7,/home/timlittau/Documents/InferQ/analysis/finetuned_rdbms_162/qpy/00e11bb726d67d34bff07041b47b942075be1ccfa05335eef99c02b3afacdbb7.qpy,3,15,0.22975842515006661,5418,20,4,16,sqlite,small_size,1,success,0.0022685350850224495,8,3807,"{""cache_mb"": 64, ""db_path"": "":memory:"", ""mmap_mb"": 0, ""temp_store"": ""MEMORY"", ""threads"": 1}",
00e11bb726d67d34bff07041b47b942075be1ccfa05335eef99c02b3afacdbb7,/home/timlittau/Documents/InferQ/analysis/finetuned_rdbms_162/qpy/00e11bb726d67d34bff07041b47b942075be1ccfa05335eef99c02b3afacdbb7.qpy,3,15,0.22975842515006661,5418,20,4,16,duckdb,small_size,0,success,0.03429227415472269,8,9304,"{""max_temp_directory_size"": ""256GB"", ""memory_limit"": ""10780MB"", ""preserve_insertion_order"": false, ""temp_directory"": ""analysis/finetuned_rdbms_162_baseline_min_floor_100ms_contraction_all_engines/tmp/small_size/duckdb"", ""threads"": 2}",
00e11bb726d67d34bff07041b47b942075be1ccfa05335eef99c02b3afacdbb7,/home/timlittau/Documents/InferQ/analysis/finetuned_rdbms_162/qpy/00e11bb726d67d34bff07041b47b942075be1ccfa05335eef99c02b3afacdbb7.qpy,3,15,0.22975842515006661,5418,20,4,16,duckdb,small_size,1,success,0.036782385082915425,8,9366,"{""max_temp_directory_size"": ""256GB"", ""memory_limit"": ""10780MB"", ""preserve_insertion_order"": false, ""temp_directory"": ""analysis/finetuned_rdbms_162_baseline_min_floor_100ms_contraction_all_engines/tmp/small_size/duckdb"", ""threads"": 2}",
00e11bb726d67d34bff07041b47b942075be1ccfa05335eef99c02b3afacdbb7,/home/timlittau/Documents/InferQ/analysis/finetuned_rdbms_162/qpy/00e11bb726d67d34bff07041b47b942075be1ccfa05335eef99c02b3afacdbb7.qpy,3,15,0.22975842515006661,5418,20,4,16,postgres,small_size,0,success,0.00517538795247674,8,11103,"{""effective_cache_size"": ""8GB"", ""from_collapse_limit"": 1, ""hash_mem_multiplier"": ""2.0"", ""jit"": ""off"", ""join_collapse_limit"": 1, ""max_parallel_workers_per_gather"": 4, ""temp_buffers"": ""128MB"", ""temp_file_limit"": ""-1"", ""work_mem"": ""256MB""}",
00e11bb726d67d34bff07041b47b942075be1ccfa05335eef99c02b3afacdbb7,/home/timlittau/Documents/InferQ/analysis/finetuned_rdbms_162/qpy/00e11bb726d67d34bff07041b47b942075be1ccfa05335eef99c02b3afacdbb7.qpy,3,15,0.22975842515006661,5418,20,4,16,postgres,small_size,1,success,0.0051982589066028595,8,9999,"{""effective_cache_size"": ""8GB"", ""from_collapse_limit"": 1, ""hash_mem_multiplier"": ""2.0"", ""jit"": ""off"", ""join_collapse_limit"": 1, ""max_parallel_workers_per_gather"": 4, ""temp_buffers"": ""128MB"", ""temp_file_limit"": ""-1"", ""work_mem"": ""256MB""}",
00e1ff27cc211fd0f89be0242ad4627e59c90b439c839fcbe15c92d74755276d,/home/timlittau/Documents/InferQ/analysis/finetuned_rdbms_162/qpy/00e1ff27cc211fd0f89be0242ad4627e59c90b439c839fcbe15c92d74755276d.qpy,6,69,1.1318203420378268,22950,80,7,73,sqlite,small_size,0,success,0.012407537084072828,16,3807,"{""cache_mb"": 64, ""db_path"": "":memory:"", ""mmap_mb"": 0, ""temp_store"": ""MEMORY"", ""threads"": 1}",
00e1ff27cc211fd0f89be0242ad4627e59c90b439c839fcbe15c92d74755276d,/home/timlittau/Documents/InferQ/analysis/finetuned_rdbms_162/qpy/00e1ff27cc211fd0f89be0242ad4627e59c90b439c839fcbe15c92d74755276d.qpy,6,69,1.1318203420378268,22950,80,7,73,sqlite,small_size,1,success,0.011740574147552252,16,3807,"{""cache_mb"": 64, ""db_path"": "":memory:"", ""mmap_mb"": 0, ""temp_store"": ""MEMORY"", ""threads"": 1}",
00e1ff27cc211fd0f89be0242ad4627e59c90b439c839fcbe15c92d74755276d,/home/timlittau/Documents/InferQ/analysis/finetuned_rdbms_162/qpy/00e1ff27cc211fd0f89be0242ad4627e59c90b439c839fcbe15c92d74755276d.qpy,6,69,1.1318203420378268,22950,80,7,73,duckdb,small_size,0,timeout,0.11588519089855254,0,26988,"{""max_temp_directory_size"": ""256GB"", ""memory_limit"": ""10780MB"", ""preserve_insertion_order"": false, ""temp_directory"": ""analysis/finetuned_rdbms_162_baseline_min_floor_100ms_contraction_all_engines/tmp/small_size/duckdb"", ""threads"": 2}",duckdb timed out after 0.1s
00e1ff27cc211fd0f89be0242ad4627e59c90b439c839fcbe15c92d74755276d,/home/timlittau/Documents/InferQ/analysis/finetuned_rdbms_162/qpy/00e1ff27cc211fd0f89be0242ad4627e59c90b439c839fcbe15c92d74755276d.qpy,6,69,1.1318203420378268,22950,80,7,73,duckdb,small_size,1,timeout,0.11276499298401177,0,27086,"{""max_temp_directory_size"": ""256GB"", ""memory_limit"": ""10780MB"", ""preserve_insertion_order"": false, ""temp_directory"": ""analysis/finetuned_rdbms_162_baseline_min_floor_100ms_contraction_all_engines/tmp/small_size/duckdb"", ""threads"": 2}",duckdb timed out after 0.1s
00e1ff27cc211fd0f89be0242ad4627e59c90b439c839fcbe15c92d74755276d,/home/timlittau/Documents/InferQ/analysis/finetuned_rdbms_162/qpy/00e1ff27cc211fd0f89be0242ad4627e59c90b439c839fcbe15c92d74755276d.qpy,6,69,1.1318203420378268,22950,80,7,73,postgres,small_size,0,success,0.03617943706922233,16,27841,"{""effective_cache_size"": ""8GB"", ""from_collapse_limit"": 1, ""hash_mem_multiplier"": ""2.0"", ""jit"": ""off"", ""join_collapse_limit"": 1, ""max_parallel_workers_per_gather"": 4, ""temp_buffers"": ""128MB"", ""temp_file_limit"": ""-1"", ""work_mem"": ""256MB""}",
00e1ff27cc211fd0f89be0242ad4627e59c90b439c839fcbe15c92d74755276d,/home/timlittau/Documents/InferQ/analysis/finetuned_rdbms_162/qpy/00e1ff27cc211fd0f89be0242ad4627e59c90b439c839fcbe15c92d74755276d.qpy,6,69,1.1318203420378268,22950,80,7,73,postgres,small_size,1,success,0.03564698901027441,16,27841,"{""effective_cache_size"": ""8GB"", ""from_collapse_limit"": 1, ""hash_mem_multiplier"": ""2.0"", ""jit"": ""off"", ""join_collapse_limit"": 1, ""max_parallel_workers_per_gather"": 4, ""temp_buffers"": ""128MB"", ""temp_file_limit"": ""-1"", ""work_mem"": ""256MB""}",
00ec5fb4a226b8b08e8bad04fe6b4d437d2ce245024abf00877fb2a96426fdf7,/home/timlittau/Documents/InferQ/analysis/finetuned_rdbms_162/qpy/00ec5fb4a226b8b08e8bad04fe6b4d437d2ce245024abf00877fb2a96426fdf7.qpy,11,40,0.6841382950078696,14201,52,3,49,sqlite,large_size,0,success,0.02856401796452701,2048,124367,"{""cache_mb"": 128, ""db_path"": ""analysis/finetuned_rdbms_162_baseline_min_floor_100ms_contraction_all_engines/tmp/large_size/sqlite/bench.db"", ""mmap_mb"": 128, ""temp_store"": ""MEMORY"", ""threads"": 1}",
00ec5fb4a226b8b08e8bad04fe6b4d437d2ce245024abf00877fb2a96426fdf7,/home/timlittau/Documents/InferQ/analysis/finetuned_rdbms_162/qpy/00ec5fb4a226b8b08e8bad04fe6b4d437d2ce245024abf00877fb2a96426fdf7.qpy,11,40,0.6841382950078696,14201,52,3,49,sqlite,large_size,1,success,0.016937477979809046,2048,124367,"{""cache_mb"": 128, ""db_path"": ""analysis/finetuned_rdbms_162_baseline_min_floor_100ms_contraction_all_engines/tmp/large_size/sqlite/bench.db"", ""mmap_mb"": 128, ""temp_store"": ""MEMORY"", ""threads"": 1}",
00ec5fb4a226b8b08e8bad04fe6b4d437d2ce245024abf00877fb2a96426fdf7,/home/timlittau/Documents/InferQ/analysis/finetuned_rdbms_162/qpy/00ec5fb4a226b8b08e8bad04fe6b4d437d2ce245024abf00877fb2a96426fdf7.qpy,11,40,0.6841382950078696,14201,52,3,49,duckdb,large_size,0,timeout,0.10720368195325136,0,18025,"{""max_temp_directory_size"": ""128GB"", ""memory_limit"": ""7409MB"", ""preserve_insertion_order"": true, ""temp_directory"": ""analysis/finetuned_rdbms_162_baseline_min_floor_100ms_contraction_all_engines/tmp/large_size/duckdb"", ""threads"": 1}",duckdb timed out after 0.1s
00ec5fb4a226b8b08e8bad04fe6b4d437d2ce245024abf00877fb2a96426fdf7,/home/timlittau/Documents/InferQ/analysis/finetuned_rdbms_162/qpy/00ec5fb4a226b8b08e8bad04fe6b4d437d2ce245024abf00877fb2a96426fdf7.qpy,11,40,0.6841382950078696,14201,52,3,49,duckdb,large_size,1,timeout,0.10967985517345369,0,18339,"{""max_temp_directory_size"": ""128GB"", ""memory_limit"": ""7409MB"", ""preserve_insertion_order"": true, ""temp_directory"": ""analysis/finetuned_rdbms_162_baseline_min_floor_100ms_contraction_all_engines/tmp/large_size/duckdb"", ""threads"": 1}",duckdb timed out after 0.1s
00ec5fb4a226b8b08e8bad04fe6b4d437d2ce245024abf00877fb2a96426fdf7,/home/timlittau/Documents/InferQ/analysis/finetuned_rdbms_162/qpy/00ec5fb4a226b8b08e8bad04fe6b4d437d2ce245024abf00877fb2a96426fdf7.qpy,11,40,0.6841382950078696,14201,52,3,49,postgres,large_size,0,success,0.04821419692598283,2048,138989,"{""effective_cache_size"": ""2GB"", ""from_collapse_limit"": 1, ""hash_mem_multiplier"": ""1.94"", ""jit"": ""off"", ""join_collapse_limit"": 4, ""max_parallel_workers_per_gather"": 0, ""temp_buffers"": ""65MB"", ""temp_file_limit"": ""-1"", ""work_mem"": ""55MB""}",
00ec5fb4a226b8b08e8bad04fe6b4d437d2ce245024abf00877fb2a96426fdf7,/home/timlittau/Documents/InferQ/analysis/finetuned_rdbms_162/qpy/00ec5fb4a226b8b08e8bad04fe6b4d437d2ce245024abf00877fb2a96426fdf7.qpy,11,40,0.6841382950078696,14201,52,3,49,postgres,large_size,1,success,0.0477601271122694,2048,138941,"{""effective_cache_size"": ""2GB"", ""from_collapse_limit"": 1, ""hash_mem_multiplier"": ""1.94"", ""jit"": ""off"", ""join_collapse_limit"": 4, ""max_parallel_workers_per_gather"": 0, ""temp_buffers"": ""65MB"", ""temp_file_limit"": ""-1"", ""work_mem"": ""55MB""}",
00ecc9493970261db82fdbec1cab729699b8ca7a1d31dc596dedc781d8c6301e,/home/timlittau/Documents/InferQ/analysis/finetuned_rdbms_162/qpy/00ecc9493970261db82fdbec1cab729699b8ca7a1d31dc596dedc781d8c6301e.qpy,15,95,1.97189583000727,33203,112,4,108,sqlite,large_size,0,timeout,0.10161215509288013,0,124277,"{""cache_mb"": 128, ""db_path"": ""analysis/finetuned_rdbms_162_baseline_min_floor_100ms_contraction_all_engines/tmp/large_size/sqlite/bench.db"", ""mmap_mb"": 128, ""temp_store"": ""MEMORY"", ""threads"": 1}",sqlite timed out after 0.1s
00ecc9493970261db82fdbec1cab729699b8ca7a1d31dc596dedc781d8c6301e,/home/timlittau/Documents/InferQ/analysis/finetuned_rdbms_162/qpy/00ecc9493970261db82fdbec1cab729699b8ca7a1d31dc596dedc781d8c6301e.qpy,15,95,1.97189583000727,33203,112,4,108,sqlite,large_size,1,timeout,0.12172612291760743,0,3894,"{""cache_mb"": 128, ""db_path"": ""analysis/finetuned_rdbms_162_baseline_min_floor_100ms_contraction_all_engines/tmp/large_size/sqlite/bench.db"", ""mmap_mb"": 128, ""temp_store"": ""MEMORY"", ""threads"": 1}",sqlite timed out after 0.1s
00ecc9493970261db82fdbec1cab729699b8ca7a1d31dc596dedc781d8c6301e,/home/timlittau/Documents/InferQ/analysis/finetuned_rdbms_162/qpy/00ecc9493970261db82fdbec1cab729699b8ca7a1d31dc596dedc781d8c6301e.qpy,15,95,1.97189583000727,33203,112,4,108,duckdb,large_size,0,timeout,0.10803356999531388,0,125177,"{""max_temp_directory_size"": ""128GB"", ""memory_limit"": ""7409MB"", ""preserve_insertion_order"": true, ""temp_directory"": ""analysis/finetuned_rdbms_162_baseline_min_floor_100ms_contraction_all_engines/tmp/large_size/duckdb"", ""threads"": 1}",duckdb timed out after 0.1s
00ecc9493970261db82fdbec1cab729699b8ca7a1d31dc596dedc781d8c6301e,/home/timlittau/Documents/InferQ/analysis/finetuned_rdbms_162/qpy/00ecc9493970261db82fdbec1cab729699b8ca7a1d31dc596dedc781d8c6301e.qpy,15,95,1.97189583000727,33203,112,4,108,duckdb,large_size,1,timeout,0.11831610510125756,0,37147,"{""max_temp_directory_size"": ""128GB"", ""memory_limit"": ""7409MB"", ""preserve_insertion_order"": true, ""temp_directory"": ""analysis/finetuned_rdbms_162_baseline_min_floor_100ms_contraction_all_engines/tmp/large_size/duckdb"", ""threads"": 1}",duckdb timed out after 0.1s
00ecc9493970261db82fdbec1cab729699b8ca7a1d31dc596dedc781d8c6301e,/home/timlittau/Documents/InferQ/analysis/finetuned_rdbms_162/qpy/00ecc9493970261db82fdbec1cab729699b8ca7a1d31dc596dedc781d8c6301e.qpy,15,95,1.97189583000727,33203,112,4,108,postgres,large_size,0,timeout,0.11145611200481653,0,39057,"{""effective_cache_size"": ""2GB"", ""from_collapse_limit"": 1, ""hash_mem_multiplier"": ""1.94"", ""jit"": ""off"", ""join_collapse_limit"": 4, ""max_parallel_workers_per_gather"": 0, ""temp_buffers"": ""65MB"", ""temp_file_limit"": ""-1"", ""work_mem"": ""55MB""}",postgres timed out after 0.1s
00ecc9493970261db82fdbec1cab729699b8ca7a1d31dc596dedc781d8c6301e,/home/timlittau/Documents/InferQ/analysis/finetuned_rdbms_162/qpy/00ecc9493970261db82fdbec1cab729699b8ca7a1d31dc596dedc781d8c6301e.qpy,15,95,1.97189583000727,33203,112,4,108,postgres,large_size,1,timeout,0.11137502710334957,0,39057,"{""effective_cache_size"": ""2GB"", ""from_collapse_limit"": 1, ""hash_mem_multiplier"": ""1.94"", ""jit"": ""off"", ""join_collapse_limit"": 4, ""max_parallel_workers_per_gather"": 0, ""temp_buffers"": ""65MB"", ""temp_file_limit"": ""-1"", ""work_mem"": ""55MB""}",postgres timed out after 0.1s
00ecd9e5c067687b352fb7f5d412c4130394db28976309c353e94f1eead33fbe,/home/timlittau/Documents/InferQ/analysis/finetuned_rdbms_162/qpy/00ecd9e5c067687b352fb7f5d412c4130394db28976309c353e94f1eead33fbe.qpy,13,63,1.2364629509393126,22501,79,5,74,sqlite,small_size,0,timeout,0.14190868684090674,0,3704,"{""cache_mb"": 64, ""db_path"": "":memory:"", ""mmap_mb"": 0, ""temp_store"": ""MEMORY"", ""threads"": 1}",sqlite timed out after 0.1s
00ecd9e5c067687b352fb7f5d412c4130394db28976309c353e94f1eead33fbe,/home/timlittau/Documents/InferQ/analysis/finetuned_rdbms_162/qpy/00ecd9e5c067687b352fb7f5d412c4130394db28976309c353e94f1eead33fbe.qpy,13,63,1.2364629509393126,22501,79,5,74,sqlite,small_size,1,timeout,0.10269816708751023,0,74163,"{""cache_mb"": 64, ""db_path"": "":memory:"", ""mmap_mb"": 0, ""temp_store"": ""MEMORY"", ""threads"": 1}",sqlite timed out after 0.1s
00ecd9e5c067687b352fb7f5d412c4130394db28976309c353e94f1eead33fbe,/home/timlittau/Documents/InferQ/analysis/finetuned_rdbms_162/qpy/00ecd9e5c067687b352fb7f5d412c4130394db28976309c353e94f1eead33fbe.qpy,13,63,1.2364629509393126,22501,79,5,74,duckdb,small_size,0,timeout,0.1112154710572213,0,26539,"{""max_temp_directory_size"": ""256GB"", ""memory_limit"": ""10780MB"", ""preserve_insertion_order"": false, ""temp_directory"": ""analysis/finetuned_rdbms_162_baseline_min_floor_100ms_contraction_all_engines/tmp/small_size/duckdb"", ""threads"": 2}",duckdb timed out after 0.1s
00ecd9e5c067687b352fb7f5d412c4130394db28976309c353e94f1eead33fbe,/home/timlittau/Documents/InferQ/analysis/finetuned_rdbms_162/qpy/00ecd9e5c067687b352fb7f5d412c4130394db28976309c353e94f1eead33fbe.qpy,13,63,1.2364629509393126,22501,79,5,74,duckdb,small_size,1,timeout,0.11995630315504968,0,28125,"{""max_temp_directory_size"": ""256GB"", ""memory_limit"": ""10780MB"", ""preserve_insertion_order"": false, ""temp_directory"": ""analysis/finetuned_rdbms_162_baseline_min_floor_100ms_contraction_all_engines/tmp/small_size/duckdb"", ""threads"": 2}",duckdb timed out after 0.1s
00ecd9e5c067687b352fb7f5d412c4130394db28976309c353e94f1eead33fbe,/home/timlittau/Documents/InferQ/analysis/finetuned_rdbms_162/qpy/00ecd9e5c067687b352fb7f5d412c4130394db28976309c353e94f1eead33fbe.qpy,13,63,1.2364629509393126,22501,79,5,74,postgres,small_size,0,timeout,0.11079763318412006,0,29441,"{""effective_cache_size"": ""8GB"", ""from_collapse_limit"": 1, ""hash_mem_multiplier"": ""2.0"", ""jit"": ""off"", ""join_collapse_limit"": 1, ""max_parallel_workers_per_gather"": 4, ""temp_buffers"": ""128MB"", ""temp_file_limit"": ""-1"", ""work_mem"": ""256MB""}",postgres timed out after 0.1s
00ecd9e5c067687b352fb7f5d412c4130394db28976309c353e94f1eead33fbe,/home/timlittau/Documents/InferQ/analysis/finetuned_rdbms_162/qpy/00ecd9e5c067687b352fb7f5d412c4130394db28976309c353e94f1eead33fbe.qpy,13,63,1.2364629509393126,22501,79,5,74,postgres,small_size,1,timeout,0.10752604180015624,0,28355,"{""effective_cache_size"": ""8GB"", ""from_collapse_limit"": 1, ""hash_mem_multiplier"": ""2.0"", ""jit"": ""off"", ""join_collapse_limit"": 1, ""max_parallel_workers_per_gather"": 4, ""temp_buffers"": ""128MB"", ""temp_file_limit"": ""-1"", ""work_mem"": ""256MB""}",postgres timed out after 0.1s
00ee8e8283de8007aabf4ccf5115b213b565e7fbebed8c8c286912755c1e877d,/home/timlittau/Documents/InferQ/analysis/finetuned_rdbms_162/qpy/00ee8e8283de8007aabf4ccf5115b213b565e7fbebed8c8c286912755c1e877d.qpy,7,40,0.39506898494437337,14148,50,5,45,sqlite,large_size,0,success,0.010111424140632153,128,7939,"{""cache_mb"": 128, ""db_path"": ""analysis/finetuned_rdbms_162_baseline_min_floor_100ms_contraction_all_engines/tmp/large_size/sqlite/bench.db"", ""mmap_mb"": 128, ""temp_store"": ""MEMORY"", ""threads"": 1}",
00ee8e8283de8007aabf4ccf5115b213b565e7fbebed8c8c286912755c1e877d,/home/timlittau/Documents/InferQ/analysis/finetuned_rdbms_162/qpy/00ee8e8283de8007aabf4ccf5115b213b565e7fbebed8c8c286912755c1e877d.qpy,7,40,0.39506898494437337,14148,50,5,45,sqlite,large_size,1,success,0.009396210080012679,128,7939,"{""cache_mb"": 128, ""db_path"": ""analysis/finetuned_rdbms_162_baseline_min_floor_100ms_contraction_all_engines/tmp/large_size/sqlite/bench.db"", ""mmap_mb"": 128, ""temp_store"": ""MEMORY"", ""threads"": 1}",
00ee8e8283de8007aabf4ccf5115b213b565e7fbebed8c8c286912755c1e877d,/home/timlittau/Documents/InferQ/analysis/finetuned_rdbms_162/qpy/00ee8e8283de8007aabf4ccf5115b213b565e7fbebed8c8c286912755c1e877d.qpy,7,40,0.39506898494437337,14148,50,5,45,duckdb,large_size,0,success,0.03723688400350511,128,18530,"{""max_temp_directory_size"": ""128GB"", ""memory_limit"": ""7409MB"", ""preserve_insertion_order"": true, ""temp_directory"": ""analysis/finetuned_rdbms_162_baseline_min_floor_100ms_contraction_all_engines/tmp/large_size/duckdb"", ""threads"": 1}",
00ee8e8283de8007aabf4ccf5115b213b565e7fbebed8c8c286912755c1e877d,/home/timlittau/Documents/InferQ/analysis/finetuned_rdbms_162/qpy/00ee8e8283de8007aabf4ccf5115b213b565e7fbebed8c8c286912755c1e877d.qpy,7,40,0.39506898494437337,14148,50,5,45,duckdb,large_size,1,success,0.037505216198042035,128,18410,"{""max_temp_directory_size"": ""128GB"", ""memory_limit"": ""7409MB"", ""preserve_insertion_order"": true, ""temp_directory"": ""analysis/finetuned_rdbms_162_baseline_min_floor_100ms_contraction_all_engines/tmp/large_size/duckdb"", ""threads"": 1}",
00ee8e8283de8007aabf4ccf5115b213b565e7fbebed8c8c286912755c1e877d,/home/timlittau/Documents/InferQ/analysis/finetuned_rdbms_162/qpy/00ee8e8283de8007aabf4ccf5115b213b565e7fbebed8c8c286912755c1e877d.qpy,7,40,0.39506898494437337,14148,50,5,45,postgres,large_size,0,success,0.02059250487945974,128,23815,"{""effective_cache_size"": ""2GB"", ""from_collapse_limit"": 1, ""hash_mem_multiplier"": ""1.94"", ""jit"": ""off"", ""join_collapse_limit"": 4, ""max_parallel_workers_per_gather"": 0, ""temp_buffers"": ""65MB"", ""temp_file_limit"": ""-1"", ""work_mem"": ""55MB""}",
00ee8e8283de8007aabf4ccf5115b213b565e7fbebed8c8c286912755c1e877d,/home/timlittau/Documents/InferQ/analysis/finetuned_rdbms_162/qpy/00ee8e8283de8007aabf4ccf5115b213b565e7fbebed8c8c286912755c1e877d.qpy,7,40,0.39506898494437337,14148,50,5,45,postgres,large_size,1,success,0.01982714398764074,128,23815,"{""effective_cache_size"": ""2GB"", ""from_collapse_limit"": 1, ""hash_mem_multiplier"": ""1.94"", ""jit"": ""off"", ""join_collapse_limit"": 4, ""max_parallel_workers_per_gather"": 0, ""temp_buffers"": ""65MB"", ""temp_file_limit"": ""-1"", ""work_mem"": ""55MB""}",
00ef46d5f22d8c19e0e884391483426ac59050122810315a89a7d069cdb7dfc0,/home/timlittau/Documents/InferQ/analysis/finetuned_rdbms_162/qpy/00ef46d5f22d8c19e0e884391483426ac59050122810315a89a7d069cdb7dfc0.qpy,14,60,1.5936457619536668,21560,76,4,72,sqlite,large_size,0,timeout,0.10421604290604591,0,293537,"{""cache_mb"": 128, ""db_path"": ""analysis/finetuned_rdbms_162_baseline_min_floor_100ms_contraction_all_engines/tmp/large_size/sqlite/bench.db"", ""mmap_mb"": 128, ""temp_store"": ""MEMORY"", ""threads"": 1}",sqlite timed out after 0.1s
00ef46d5f22d8c19e0e884391483426ac59050122810315a89a7d069cdb7dfc0,/home/timlittau/Documents/InferQ/analysis/finetuned_rdbms_162/qpy/00ef46d5f22d8c19e0e884391483426ac59050122810315a89a7d069cdb7dfc0.qpy,14,60,1.5936457619536668,21560,76,4,72,sqlite,large_size,1,timeout,0.10388004500418901,0,331225,"{""cache_mb"": 128, ""db_path"": ""analysis/finetuned_rdbms_162_baseline_min_floor_100ms_contraction_all_engines/tmp/large_size/sqlite/bench.db"", ""mmap_mb"": 128, ""temp_store"": ""MEMORY"", ""threads"": 1}",sqlite timed out after 0.1s
00ef46d5f22d8c19e0e884391483426ac59050122810315a89a7d069cdb7dfc0,/home/timlittau/Documents/InferQ/analysis/finetuned_rdbms_162/qpy/00ef46d5f22d8c19e0e884391483426ac59050122810315a89a7d069cdb7dfc0.qpy,14,60,1.5936457619536668,21560,76,4,72,duckdb,large_size,0,timeout,0.11304878792725503,0,25760,"{""max_temp_directory_size"": ""128GB"", ""memory_limit"": ""7409MB"", ""preserve_insertion_order"": true, ""temp_directory"": ""analysis/finetuned_rdbms_162_baseline_min_floor_100ms_contraction_all_engines/tmp/large_size/duckdb"", ""threads"": 1}",duckdb timed out after 0.1s
00ef46d5f22d8c19e0e884391483426ac59050122810315a89a7d069cdb7dfc0,/home/timlittau/Documents/InferQ/analysis/finetuned_rdbms_162/qpy/00ef46d5f22d8c19e0e884391483426ac59050122810315a89a7d069cdb7dfc0.qpy,14,60,1.5936457619536668,21560,76,4,72,duckdb,large_size,1,timeout,0.11002808390185237,0,26926,"{""max_temp_directory_size"": ""128GB"", ""memory_limit"": ""7409MB"", ""preserve_insertion_order"": true, ""temp_directory"": ""analysis/finetuned_rdbms_162_baseline_min_floor_100ms_contraction_all_engines/tmp/large_size/duckdb"", ""threads"": 1}",duckdb timed out after 0.1s
00ef46d5f22d8c19e0e884391483426ac59050122810315a89a7d069cdb7dfc0,/home/timlittau/Documents/InferQ/analysis/finetuned_rdbms_162/qpy/00ef46d5f22d8c19e0e884391483426ac59050122810315a89a7d069cdb7dfc0.qpy,14,60,1.5936457619536668,21560,76,4,72,postgres,large_size,0,timeout,0.11010679695755243,0,27414,"{""effective_cache_size"": ""2GB"", ""from_collapse_limit"": 1, ""hash_mem_multiplier"": ""1.94"", ""jit"": ""off"", ""join_collapse_limit"": 4, ""max_parallel_workers_per_gather"": 0, ""temp_buffers"": ""65MB"", ""temp_file_limit"": ""-1"", ""work_mem"": ""55MB""}",postgres timed out after 0.1s
00ef46d5f22d8c19e0e884391483426ac59050122810315a89a7d069cdb7dfc0,/home/timlittau/Documents/InferQ/analysis/finetuned_rdbms_162/qpy/00ef46d5f22d8c19e0e884391483426ac59050122810315a89a7d069cdb7dfc0.qpy,14,60,1.5936457619536668,21560,76,4,72,postgres,large_size,1,timeout,0.1092238740529865,0,27414,"{""effective_cache_size"": ""2GB"", ""from_collapse_limit"": 1, ""hash_mem_multiplier"": ""1.94"", ""jit"": ""off"", ""join_collapse_limit"": 4, ""max_parallel_workers_per_gather"": 0, ""temp_buffers"": ""65MB"", ""temp_file_limit"": ""-1"", ""work_mem"": ""55MB""}",postgres timed out after 0.1s
00ef714d919f3353835832e35bfdc45992d9acd7c9847253227777f07554b6f6,/home/timlittau/Documents/InferQ/analysis/finetuned_rdbms_162/qpy/00ef714d919f3353835832e35bfdc45992d9acd7c9847253227777f07554b6f6.qpy,5,19,0.32898537907749414,7602,29,7,22,sqlite,small_size,0,success,0.003563470905646682,32,3807,"{""cache_mb"": 64, ""db_path"": "":memory:"", ""mmap_mb"": 0, ""temp_store"": ""MEMORY"", ""threads"": 1}",
00ef714d919f3353835832e35bfdc45992d9acd7c9847253227777f07554b6f6,/home/timlittau/Documents/InferQ/analysis/finetuned_rdbms_162/qpy/00ef714d919f3353835832e35bfdc45992d9acd7c9847253227777f07554b6f6.qpy,5,19,0.32898537907749414,7602,29,7,22,sqlite,small_size,1,success,0.0031609381549060345,32,3807,"{""cache_mb"": 64, ""db_path"": "":memory:"", ""mmap_mb"": 0, ""temp_store"": ""MEMORY"", ""threads"": 1}",
00ef714d919f3353835832e35bfdc45992d9acd7c9847253227777f07554b6f6,/home/timlittau/Documents/InferQ/analysis/finetuned_rdbms_162/qpy/00ef714d919f3353835832e35bfdc45992d9acd7c9847253227777f07554b6f6.qpy,5,19,0.32898537907749414,7602,29,7,22,duckdb,small_size,0,timeout,0.11458734702318907,0,12078,"{""max_temp_directory_size"": ""256GB"", ""memory_limit"": ""10780MB"", ""preserve_insertion_order"": false, ""temp_directory"": ""analysis/finetuned_rdbms_162_baseline_min_floor_100ms_contraction_all_engines/tmp/small_size/duckdb"", ""threads"": 2}",duckdb timed out after 0.1s
00ef714d919f3353835832e35bfdc45992d9acd7c9847253227777f07554b6f6,/home/timlittau/Documents/InferQ/analysis/finetuned_rdbms_162/qpy/00ef714d919f3353835832e35bfdc45992d9acd7c9847253227777f07554b6f6.qpy,5,19,0.32898537907749414,7602,29,7,22,duckdb,small_size,1,timeout,0.11328624794259667,0,11958,"{""max_temp_directory_size"": ""256GB"", ""memory_limit"": ""10780MB"", ""preserve_insertion_order"": false, ""temp_directory"": ""analysis/finetuned_rdbms_162_baseline_min_floor_100ms_contraction_all_engines/tmp/small_size/duckdb"", ""threads"": 2}",duckdb timed out after 0.1s
00ef714d919f3353835832e35bfdc45992d9acd7c9847253227777f07554b6f6,/home/timlittau/Documents/InferQ/analysis/finetuned_rdbms_162/qpy/00ef714d919f3353835832e35bfdc45992d9acd7c9847253227777f07554b6f6.qpy,5,19,0.32898537907749414,7602,29,7,22,postgres,small_size,0,success,0.008124510059133172,32,12536,"{""effective_cache_size"": ""8GB"", ""from_collapse_limit"": 1, ""hash_mem_multiplier"": ""2.0"", ""jit"": ""off"", ""join_collapse_limit"": 1, ""max_parallel_workers_per_gather"": 4, ""temp_buffers"": ""128MB"", ""temp_file_limit"": ""-1"", ""work_mem"": ""256MB""}",
00ef714d919f3353835832e35bfdc45992d9acd7c9847253227777f07554b6f6,/home/timlittau/Documents/InferQ/analysis/finetuned_rdbms_162/qpy/00ef714d919f3353835832e35bfdc45992d9acd7c9847253227777f07554b6f6.qpy,5,19,0.32898537907749414,7602,29,7,22,postgres,small_size,1,success,0.007680573035031557,32,12536,"{""effective_cache_size"": ""8GB"", ""from_collapse_limit"": 1, ""hash_mem_multiplier"": ""2.0"", ""jit"": ""off"", ""join_collapse_limit"": 1, ""max_parallel_workers_per_gather"": 4, ""temp_buffers"": ""128MB"", ""temp_file_limit"": ""-1"", ""work_mem"": ""256MB""}",
00f0fe2fb30ad5cc450dac08b509cb8d4bfadbf3a7d8eab488d39c4be140d580,/home/timlittau/Documents/InferQ/analysis/finetuned_rdbms_162/qpy/00f0fe2fb30ad5cc450dac08b509cb8d4bfadbf3a7d8eab488d39c4be140d580.qpy,13,93,1.497511246940121,32700,109,5,104,sqlite,large_size,0,timeout,0.10452487994916737,0,3894,"{""cache_mb"": 128, ""db_path"": ""analysis/finetuned_rdbms_162_baseline_min_floor_100ms_contraction_all_engines/tmp/large_size/sqlite/bench.db"", ""mmap_mb"": 128, ""temp_store"": ""MEMORY"", ""threads"": 1}",sqlite timed out after 0.1s
00f0fe2fb30ad5cc450dac08b509cb8d4bfadbf3a7d8eab488d39c4be140d580,/home/timlittau/Documents/InferQ/analysis/finetuned_rdbms_162/qpy/00f0fe2fb30ad5cc450dac08b509cb8d4bfadbf3a7d8eab488d39c4be140d580.qpy,13,93,1.497511246940121,32700,109,5,104,sqlite,large_size,1,timeout,0.17385371518321335,0,6555979,"{""cache_mb"": 128, ""db_path"": ""analysis/finetuned_rdbms_162_baseline_min_floor_100ms_contraction_all_engines/tmp/large_size/sqlite/bench.db"", ""mmap_mb"": 128, ""temp_store"": ""MEMORY"", ""threads"": 1}",sqlite timed out after 0.1s
00f0fe2fb30ad5cc450dac08b509cb8d4bfadbf3a7d8eab488d39c4be140d580,/home/timlittau/Documents/InferQ/analysis/finetuned_rdbms_162/qpy/00f0fe2fb30ad5cc450dac08b509cb8d4bfadbf3a7d8eab488d39c4be140d580.qpy,13,93,1.497511246940121,32700,109,5,104,duckdb,large_size,0,timeout,0.1173370759934187,0,193084,"{""max_temp_directory_size"": ""128GB"", ""memory_limit"": ""7409MB"", ""preserve_insertion_order"": true, ""temp_directory"": ""analysis/finetuned_rdbms_162_baseline_min_floor_100ms_contraction_all_engines/tmp/large_size/duckdb"", ""threads"": 1}",duckdb timed out after 0.1s
00f0fe2fb30ad5cc450dac08b509cb8d4bfadbf3a7d8eab488d39c4be140d580,/home/timlittau/Documents/InferQ/analysis/finetuned_rdbms_162/qpy/00f0fe2fb30ad5cc450dac08b509cb8d4bfadbf3a7d8eab488d39c4be140d580.qpy,13,93,1.497511246940121,32700,109,5,104,duckdb,large_size,1,timeout,0.11078935489058495,0,36586,"{""max_temp_directory_size"": ""128GB"", ""memory_limit"": ""7409MB"", ""preserve_insertion_order"": true, ""temp_directory"": ""analysis/finetuned_rdbms_162_baseline_min_floor_100ms_contraction_all_engines/tmp/large_size/duckdb"", ""threads"": 1}",duckdb timed out after 0.1s
00f0fe2fb30ad5cc450dac08b509cb8d4bfadbf3a7d8eab488d39c4be140d580,/home/timlittau/Documents/InferQ/analysis/finetuned_rdbms_162/qpy/00f0fe2fb30ad5cc450dac08b509cb8d4bfadbf3a7d8eab488d39c4be140d580.qpy,13,93,1.497511246940121,32700,109,5,104,postgres,large_size,0,timeout,0.11135245091281831,0,38554,"{""effective_cache_size"": ""2GB"", ""from_collapse_limit"": 1, ""hash_mem_multiplier"": ""1.94"", ""jit"": ""off"", ""join_collapse_limit"": 4, ""max_parallel_workers_per_gather"": 0, ""temp_buffers"": ""65MB"", ""temp_file_limit"": ""-1"", ""work_mem"": ""55MB""}",postgres timed out after 0.1s
00f0fe2fb30ad5cc450dac08b509cb8d4bfadbf3a7d8eab488d39c4be140d580,/home/timlittau/Documents/InferQ/analysis/finetuned_rdbms_162/qpy/00f0fe2fb30ad5cc450dac08b509cb8d4bfadbf3a7d8eab488d39c4be140d580.qpy,13,93,1.497511246940121,32700,109,5,104,postgres,large_size,1,timeout,0.10992305702529848,0,38554,"{""effective_cache_size"": ""2GB"", ""from_collapse_limit"": 1, ""hash_mem_multiplier"": ""1.94"", ""jit"": ""off"", ""join_collapse_limit"": 4, ""max_parallel_workers_per_gather"": 0, ""temp_buffers"": ""65MB"", ""temp_file_limit"": ""-1"", ""work_mem"": ""55MB""}",postgres timed out after 0.1s
00f8d59eee000223bf0530763bc8e4e2a8f3c37ed318e9906143918fe6aec287,/home/timlittau/Documents/InferQ/analysis/finetuned_rdbms_162/qpy/00f8d59eee000223bf0530763bc8e4e2a8f3c37ed318e9906143918fe6aec287.qpy,15,16,0.28165305801667273,8353,33,4,29,sqlite,large_size,0,success,0.004248986952006817,64,4461,"{""cache_mb"": 128, ""db_path"": ""analysis/finetuned_rdbms_162_baseline_min_floor_100ms_contraction_all_engines/tmp/large_size/sqlite/bench.db"", ""mmap_mb"": 128, ""temp_store"": ""MEMORY"", ""threads"": 1}",
00f8d59eee000223bf0530763bc8e4e2a8f3c37ed318e9906143918fe6aec287,/home/timlittau/Documents/InferQ/analysis/finetuned_rdbms_162/qpy/00f8d59eee000223bf0530763bc8e4e2a8f3c37ed318e9906143918fe6aec287.qpy,15,16,0.28165305801667273,8353,33,4,29,sqlite,large_size,1,success,0.003917184891179204,64,4413,"{""cache_mb"": 128, ""db_path"": ""analysis/finetuned_rdbms_162_baseline_min_floor_100ms_contraction_all_engines/tmp/large_size/sqlite/bench.db"", ""mmap_mb"": 128, ""temp_store"": ""MEMORY"", ""threads"": 1}",
00f8d59eee000223bf0530763bc8e4e2a8f3c37ed318e9906143918fe6aec287,/home/timlittau/Documents/InferQ/analysis/finetuned_rdbms_162/qpy/00f8d59eee000223bf0530763bc8e4e2a8f3c37ed318e9906143918fe6aec287.qpy,15,16,0.28165305801667273,8353,33,4,29,duckdb,large_size,0,success,0.04294265084899962,64,583141,"{""max_temp_directory_size"": ""128GB"", ""memory_limit"": ""7409MB"", ""preserve_insertion_order"": true, ""temp_directory"": ""analysis/finetuned_rdbms_162_baseline_min_floor_100ms_contraction_all_engines/tmp/large_size/duckdb"", ""threads"": 1}",
00f8d59eee000223bf0530763bc8e4e2a8f3c37ed318e9906143918fe6aec287,/home/timlittau/Documents/InferQ/analysis/finetuned_rdbms_162/qpy/00f8d59eee000223bf0530763bc8e4e2a8f3c37ed318e9906143918fe6aec287.qpy,15,16,0.28165305801667273,8353,33,4,29,duckdb,large_size,1,success,0.04921792889945209,64,3677493,"{""max_temp_directory_size"": ""128GB"", ""memory_limit"": ""7409MB"", ""preserve_insertion_order"": true, ""temp_directory"": ""analysis/finetuned_rdbms_162_baseline_min_floor_100ms_contraction_all_engines/tmp/large_size/duckdb"", ""threads"": 1}",
00f8d59eee000223bf0530763bc8e4e2a8f3c37ed318e9906143918fe6aec287,/home/timlittau/Documents/InferQ/analysis/finetuned_rdbms_162/qpy/00f8d59eee000223bf0530763bc8e4e2a8f3c37ed318e9906143918fe6aec287.qpy,15,16,0.28165305801667273,8353,33,4,29,postgres,large_size,0,success,0.009207810973748565,64,15141,"{""effective_cache_size"": ""2GB"", ""from_collapse_limit"": 1, ""hash_mem_multiplier"": ""1.94"", ""jit"": ""off"", ""join_collapse_limit"": 4, ""max_parallel_workers_per_gather"": 0, ""temp_buffers"": ""65MB"", ""temp_file_limit"": ""-1"", ""work_mem"": ""55MB""}",
00f8d59eee000223bf0530763bc8e4e2a8f3c37ed318e9906143918fe6aec287,/home/timlittau/Documents/InferQ/analysis/finetuned_rdbms_162/qpy/00f8d59eee000223bf0530763bc8e4e2a8f3c37ed318e9906143918fe6aec287.qpy,15,16,0.28165305801667273,8353,33,4,29,postgres,large_size,1,success,0.005357929039746523,64,15141,"{""effective_cache_size"": ""2GB"", ""from_collapse_limit"": 1, ""hash_mem_multiplier"": ""1.94"", ""jit"": ""off"", ""join_collapse_limit"": 4, ""max_parallel_workers_per_gather"": 0, ""temp_buffers"": ""65MB"", ""temp_file_limit"": ""-1"", ""work_mem"": ""55MB""}",
00fdba0ca5ff9b2d09a56fb7bae713216052ecae3430289dd0ed013b2ccf2c44,/home/timlittau/Documents/InferQ/analysis/finetuned_rdbms_162/qpy/00fdba0ca5ff9b2d09a56fb7bae713216052ecae3430289dd0ed013b2ccf2c44.qpy,4,47,0.4661692110821605,14904,53,4,49,sqlite,large_size,0,success,0.008392479969188571,16,3669,"{""cache_mb"": 128, ""db_path"": ""analysis/finetuned_rdbms_162_baseline_min_floor_100ms_contraction_all_engines/tmp/large_size/sqlite/bench.db"", ""mmap_mb"": 128, ""temp_store"": ""MEMORY"", ""threads"": 1}",
00fdba0ca5ff9b2d09a56fb7bae713216052ecae3430289dd0ed013b2ccf2c44,/home/timlittau/Documents/InferQ/analysis/finetuned_rdbms_162/qpy/00fdba0ca5ff9b2d09a56fb7bae713216052ecae3430289dd0ed013b2ccf2c44.qpy,4,47,0.4661692110821605,14904,53,4,49,sqlite,large_size,1,success,0.008208776824176311,16,3669,"{""cache_mb"": 128, ""db_path"": ""analysis/finetuned_rdbms_162_baseline_min_floor_100ms_contraction_all_engines/tmp/large_size/sqlite/bench.db"", ""mmap_mb"": 128, ""temp_store"": ""MEMORY"", ""threads"": 1}",
00fdba0ca5ff9b2d09a56fb7bae713216052ecae3430289dd0ed013b2ccf2c44,/home/timlittau/Documents/InferQ/analysis/finetuned_rdbms_162/qpy/00fdba0ca5ff9b2d09a56fb7bae713216052ecae3430289dd0ed013b2ccf2c44.qpy,4,47,0.4661692110821605,14904,53,4,49,duckdb,large_size,0,timeout,0.11385996802709997,0,19098,"{""max_temp_directory_size"": ""128GB"", ""memory_limit"": ""7409MB"", ""preserve_insertion_order"": true, ""temp_directory"": ""analysis/finetuned_rdbms_162_baseline_min_floor_100ms_contraction_all_engines/tmp/large_size/duckdb"", ""threads"": 1}",duckdb timed out after 0.1s
00fdba0ca5ff9b2d09a56fb7bae713216052ecae3430289dd0ed013b2ccf2c44,/home/timlittau/Documents/InferQ/analysis/finetuned_rdbms_162/qpy/00fdba0ca5ff9b2d09a56fb7bae713216052ecae3430289dd0ed013b2ccf2c44.qpy,4,47,0.4661692110821605,14904,53,4,49,duckdb,large_size,1,timeout,0.11552650108933449,0,19286,"{""max_temp_directory_size"": ""128GB"", ""memory_limit"": ""7409MB"", ""preserve_insertion_order"": true, ""temp_directory"": ""analysis/finetuned_rdbms_162_baseline_min_floor_100ms_contraction_all_engines/tmp/large_size/duckdb"", ""threads"": 1}",duckdb timed out after 0.1s
00fdba0ca5ff9b2d09a56fb7bae713216052ecae3430289dd0ed013b2ccf2c44,/home/timlittau/Documents/InferQ/analysis/finetuned_rdbms_162/qpy/00fdba0ca5ff9b2d09a56fb7bae713216052ecae3430289dd0ed013b2ccf2c44.qpy,4,47,0.4661692110821605,14904,53,4,49,postgres,large_size,0,success,0.02088348986580968,16,19621,"{""effective_cache_size"": ""2GB"", ""from_collapse_limit"": 1, ""hash_mem_multiplier"": ""1.94"", ""jit"": ""off"", ""join_collapse_limit"": 4, ""max_parallel_workers_per_gather"": 0, ""temp_buffers"": ""65MB"", ""temp_file_limit"": ""-1"", ""work_mem"": ""55MB""}",
00fdba0ca5ff9b2d09a56fb7bae713216052ecae3430289dd0ed013b2ccf2c44,/home/timlittau/Documents/InferQ/analysis/finetuned_rdbms_162/qpy/00fdba0ca5ff9b2d09a56fb7bae713216052ecae3430289dd0ed013b2ccf2c44.qpy,4,47,0.4661692110821605,14904,53,4,49,postgres,large_size,1,success,0.020102361915633082,16,19621,"{""effective_cache_size"": ""2GB"", ""from_collapse_limit"": 1, ""hash_mem_multiplier"": ""1.94"", ""jit"": ""off"", ""join_collapse_limit"": 4, ""max_parallel_workers_per_gather"": 0, ""temp_buffers"": ""65MB"", ""temp_file_limit"": ""-1"", ""work_mem"": ""55MB""}",
00fe1a12e354036ecd34d0a97f1946ec1272dfe90a20773a3ad4207dd4910679,/home/timlittau/Documents/InferQ/analysis/finetuned_rdbms_162/qpy/00fe1a12e354036ecd34d0a97f1946ec1272dfe90a20773a3ad4207dd4910679.qpy,2,11,0.14913789997808635,4514,16,5,11,sqlite,large_size,0,success,0.0017095869407057762,4,3669,"{""cache_mb"": 128, ""db_path"": ""analysis/finetuned_rdbms_162_baseline_min_floor_100ms_contraction_all_engines/tmp/large_size/sqlite/bench.db"", ""mmap_mb"": 128, ""temp_store"": ""MEMORY"", ""threads"": 1}",
00fe1a12e354036ecd34d0a97f1946ec1272dfe90a20773a3ad4207dd4910679,/home/timlittau/Documents/InferQ/analysis/finetuned_rdbms_162/qpy/00fe1a12e354036ecd34d0a97f1946ec1272dfe90a20773a3ad4207dd4910679.qpy,2,11,0.14913789997808635,4514,16,5,11,sqlite,large_size,1,success,0.0016695540398359299,4,3669,"{""cache_mb"": 128, ""db_path"": ""analysis/finetuned_rdbms_162_baseline_min_floor_100ms_contraction_all_engines/tmp/large_size/sqlite/bench.db"", ""mmap_mb"": 128, ""temp_store"": ""MEMORY"", ""threads"": 1}",
00fe1a12e354036ecd34d0a97f1946ec1272dfe90a20773a3ad4207dd4910679,/home/timlittau/Documents/InferQ/analysis/finetuned_rdbms_162/qpy/00fe1a12e354036ecd34d0a97f1946ec1272dfe90a20773a3ad4207dd4910679.qpy,2,11,0.14913789997808635,4514,16,5,11,duckdb,large_size,0,success,0.02174061513505876,4,8776,"{""max_temp_directory_size"": ""128GB"", ""memory_limit"": ""7409MB"", ""preserve_insertion_order"": true, ""temp_directory"": ""analysis/finetuned_rdbms_162_baseline_min_floor_100ms_contraction_all_engines/tmp/large_size/duckdb"", ""threads"": 1}",
00fe1a12e354036ecd34d0a97f1946ec1272dfe90a20773a3ad4207dd4910679,/home/timlittau/Documents/InferQ/analysis/finetuned_rdbms_162/qpy/00fe1a12e354036ecd34d0a97f1946ec1272dfe90a20773a3ad4207dd4910679.qpy,2,11,0.14913789997808635,4514,16,5,11,duckdb,large_size,1,success,0.02125749597325921,4,8496,"{""max_temp_directory_size"": ""128GB"", ""memory_limit"": ""7409MB"", ""preserve_insertion_order"": true, ""temp_directory"": ""analysis/finetuned_rdbms_162_baseline_min_floor_100ms_contraction_all_engines/tmp/large_size/duckdb"", ""threads"": 1}",
00fe1a12e354036ecd34d0a97f1946ec1272dfe90a20773a3ad4207dd4910679,/home/timlittau/Documents/InferQ/analysis/finetuned_rdbms_162/qpy/00fe1a12e354036ecd34d0a97f1946ec1272dfe90a20773a3ad4207dd4910679.qpy,2,11,0.14913789997808635,4514,16,5,11,postgres,large_size,0,success,0.004023788962513208,4,9007,"{""effective_cache_size"": ""2GB"", ""from_collapse_limit"": 1, ""hash_mem_multiplier"": ""1.94"", ""jit"": ""off"", ""join_collapse_limit"": 4, ""max_parallel_workers_per_gather"": 0, ""temp_buffers"": ""65MB"", ""temp_file_limit"": ""-1"", ""work_mem"": ""55MB""}",
00fe1a12e354036ecd34d0a97f1946ec1272dfe90a20773a3ad4207dd4910679,/home/timlittau/Documents/InferQ/analysis/finetuned_rdbms_162/qpy/00fe1a12e354036ecd34d0a97f1946ec1272dfe90a20773a3ad4207dd4910679.qpy,2,11,0.14913789997808635,4514,16,5,11,postgres,large_size,1,success,0.003814897034317255,4,9007,"{""effective_cache_size"": ""2GB"", ""from_collapse_limit"": 1, ""hash_mem_multiplier"": ""1.94"", ""jit"": ""off"", ""join_collapse_limit"": 4, ""max_parallel_workers_per_gather"": 0, ""temp_buffers"": ""65MB"", ""temp_file_limit"": ""-1"", ""work_mem"": ""55MB""}",
00fe6eeb68b9a8b205cdf11c874a07dee5bfdf37b864842b92de0b4f3a7b65c0,/home/timlittau/Documents/InferQ/analysis/finetuned_rdbms_162/qpy/00fe6eeb68b9a8b205cdf11c874a07dee5bfdf37b864842b92de0b4f3a7b65c0.qpy,7,55,0.7504951478913426,18737,65,5,60,sqlite,large_size,0,success,0.017933707917109132,128,7939,"{""cache_mb"": 128, ""db_path"": ""analysis/finetuned_rdbms_162_baseline_min_floor_100ms_contraction_all_engines/tmp/large_size/sqlite/bench.db"", ""mmap_mb"": 128, ""temp_store"": ""MEMORY"", ""threads"": 1}",
00fe6eeb68b9a8b205cdf11c874a07dee5bfdf37b864842b92de0b4f3a7b65c0,/home/timlittau/Documents/InferQ/analysis/finetuned_rdbms_162/qpy/00fe6eeb68b9a8b205cdf11c874a07dee5bfdf37b864842b92de0b4f3a7b65c0.qpy,7,55,0.7504951478913426,18737,65,5,60,sqlite,large_size,1,success,0.017247340874746442,128,7939,"{""cache_mb"": 128, ""db_path"": ""analysis/finetuned_rdbms_162_baseline_min_floor_100ms_contraction_all_engines/tmp/large_size/sqlite/bench.db"", ""mmap_mb"": 128, ""temp_store"": ""MEMORY"", ""threads"": 1}",
00fe6eeb68b9a8b205cdf11c874a07dee5bfdf37b864842b92de0b4f3a7b65c0,/home/timlittau/Documents/InferQ/analysis/finetuned_rdbms_162/qpy/00fe6eeb68b9a8b205cdf11c874a07dee5bfdf37b864842b92de0b4f3a7b65c0.qpy,7,55,0.7504951478913426,18737,65,5,60,duckdb,large_size,0,timeout,0.11051939614117146,0,23979,"{""max_temp_directory_size"": ""128GB"", ""memory_limit"": ""7409MB"", ""preserve_insertion_order"": true, ""temp_directory"": ""analysis/finetuned_rdbms_162_baseline_min_floor_100ms_contraction_all_engines/tmp/large_size/duckdb"", ""threads"": 1}",duckdb timed out after 0.1s
00fe6eeb68b9a8b205cdf11c874a07dee5bfdf37b864842b92de0b4f3a7b65c0,/home/timlittau/Documents/InferQ/analysis/finetuned_rdbms_162/qpy/00fe6eeb68b9a8b205cdf11c874a07dee5bfdf37b864842b92de0b4f3a7b65c0.qpy,7,55,0.7504951478913426,18737,65,5,60,duckdb,large_size,1,timeout,0.11545887286774814,0,22995,"{""max_temp_directory_size"": ""128GB"", ""memory_limit"": ""7409MB"", ""preserve_insertion_order"": true, ""temp_directory"": ""analysis/finetuned_rdbms_162_baseline_min_floor_100ms_contraction_all_engines/tmp/large_size/duckdb"", ""threads"": 1}",duckdb timed out after 0.1s
00fe6eeb68b9a8b205cdf11c874a07dee5bfdf37b864842b92de0b4f3a7b65c0,/home/timlittau/Documents/InferQ/analysis/finetuned_rdbms_162/qpy/00fe6eeb68b9a8b205cdf11c874a07dee5bfdf37b864842b92de0b4f3a7b65c0.qpy,7,55,0.7504951478913426,18737,65,5,60,postgres,large_size,0,success,0.03807415789924562,128,28452,"{""effective_cache_size"": ""2GB"", ""from_collapse_limit"": 1, ""hash_mem_multiplier"": ""1.94"", ""jit"": ""off"", ""join_collapse_limit"": 4, ""max_parallel_workers_per_gather"": 0, ""temp_buffers"": ""65MB"", ""temp_file_limit"": ""-1"", ""work_mem"": ""55MB""}",
00fe6eeb68b9a8b205cdf11c874a07dee5bfdf37b864842b92de0b4f3a7b65c0,/home/timlittau/Documents/InferQ/analysis/finetuned_rdbms_162/qpy/00fe6eeb68b9a8b205cdf11c874a07dee5bfdf37b864842b92de0b4f3a7b65c0.qpy,7,55,0.7504951478913426,18737,65,5,60,postgres,large_size,1,success,0.03642821405082941,128,28404,"{""effective_cache_size"": ""2GB"", ""from_collapse_limit"": 1, ""hash_mem_multiplier"": ""1.94"", ""jit"": ""off"", ""join_collapse_limit"": 4, ""max_parallel_workers_per_gather"": 0, ""temp_buffers"": ""65MB"", ""temp_file_limit"": ""-1"", ""work_mem"": ""55MB""}",
00fe9f56c7b1224adf2367b79631d9500cce42514d3fceaad60845370241468f,/home/timlittau/Documents/InferQ/analysis/finetuned_rdbms_162/qpy/00fe9f56c7b1224adf2367b79631d9500cce42514d3fceaad60845370241468f.qpy,7,25,0.3826857169624418,9918,36,6,30,sqlite,large_size,0,success,0.005276679061353207,128,8491,"{""cache_mb"": 128, ""db_path"": ""analysis/finetuned_rdbms_162_baseline_min_floor_100ms_contraction_all_engines/tmp/large_size/sqlite/bench.db"", ""mmap_mb"": 128, ""temp_store"": ""MEMORY"", ""threads"": 1}",
00fe9f56c7b1224adf2367b79631d9500cce42514d3fceaad60845370241468f,/home/timlittau/Documents/InferQ/analysis/finetuned_rdbms_162/qpy/00fe9f56c7b1224adf2367b79631d9500cce42514d3fceaad60845370241468f.qpy,7,25,0.3826857169624418,9918,36,6,30,sqlite,large_size,1,success,0.004726853920146823,128,7939,"{""cache_mb"": 128, ""db_path"": ""analysis/finetuned_rdbms_162_baseline_min_floor_100ms_contraction_all_engines/tmp/large_size/sqlite/bench.db"", ""mmap_mb"": 128, ""temp_store"": ""MEMORY"", ""threads"": 1}",
00fe9f56c7b1224adf2367b79631d9500cce42514d3fceaad60845370241468f,/home/timlittau/Documents/InferQ/analysis/finetuned_rdbms_162/qpy/00fe9f56c7b1224adf2367b79631d9500cce42514d3fceaad60845370241468f.qpy,7,25,0.3826857169624418,9918,36,6,30,duckdb,large_size,0,success,0.05350247398018837,128,14118,"{""max_temp_directory_size"": ""128GB"", ""memory_limit"": ""7409MB"", ""preserve_insertion_order"": true, ""temp_directory"": ""analysis/finetuned_rdbms_162_baseline_min_floor_100ms_contraction_all_engines/tmp/large_size/duckdb"", ""threads"": 1}",
00fe9f56c7b1224adf2367b79631d9500cce42514d3fceaad60845370241468f,/home/timlittau/Documents/InferQ/analysis/finetuned_rdbms_162/qpy/00fe9f56c7b1224adf2367b79631d9500cce42514d3fceaad60845370241468f.qpy,7,25,0.3826857169624418,9918,36,6,30,duckdb,large_size,1,success,0.05284356395713985,128,13804,"{""max_temp_directory_size"": ""128GB"", ""memory_limit"": ""7409MB"", ""preserve_insertion_order"": true, ""temp_directory"": ""analysis/finetuned_rdbms_162_baseline_min_floor_100ms_contraction_all_engines/tmp/large_size/duckdb"", ""threads"": 1}",
00fe9f56c7b1224adf2367b79631d9500cce42514d3fceaad60845370241468f,/home/timlittau/Documents/InferQ/analysis/finetuned_rdbms_162/qpy/00fe9f56c7b1224adf2367b79631d9500cce42514d3fceaad60845370241468f.qpy,7,25,0.3826857169624418,9918,36,6,30,postgres,large_size,0,success,0.007110957987606525,128,19586,"{""effective_cache_size"": ""2GB"", ""from_collapse_limit"": 1, ""hash_mem_multiplier"": ""1.94"", ""jit"": ""off"", ""join_collapse_limit"": 4, ""max_parallel_workers_per_gather"": 0, ""temp_buffers"": ""65MB"", ""temp_file_limit"": ""-1"", ""work_mem"": ""55MB""}",
00fe9f56c7b1224adf2367b79631d9500cce42514d3fceaad60845370241468f,/home/timlittau/Documents/InferQ/analysis/finetuned_rdbms_162/qpy/00fe9f56c7b1224adf2367b79631d9500cce42514d3fceaad60845370241468f.qpy,7,25,0.3826857169624418,9918,36,6,30,postgres,large_size,1,success,0.009964831871911883,128,19586,"{""effective_cache_size"": ""2GB"", ""from_collapse_limit"": 1, ""hash_mem_multiplier"": ""1.94"", ""jit"": ""off"", ""join_collapse_limit"": 4, ""max_parallel_workers_per_gather"": 0, ""temp_buffers"": ""65MB"", ""temp_file_limit"": ""-1"", ""work_mem"": ""55MB""}",
00feaeb4ea5158016e28d4976d72f986db5890765873a684bb5ca1edaa68bcc4,/home/timlittau/Documents/InferQ/analysis/finetuned_rdbms_162/qpy/00feaeb4ea5158016e28d4976d72f986db5890765873a684bb5ca1edaa68bcc4.qpy,12,25,0.4911733460612595,10322,40,5,35,sqlite,large_size,0,success,0.004652164876461029,8,3669,"{""cache_mb"": 128, ""db_path"": ""analysis/finetuned_rdbms_162_baseline_min_floor_100ms_contraction_all_engines/tmp/large_size/sqlite/bench.db"", ""mmap_mb"": 128, ""temp_store"": ""MEMORY"", ""threads"": 1}",
00feaeb4ea5158016e28d4976d72f986db5890765873a684bb5ca1edaa68bcc4,/home/timlittau/Documents/InferQ/analysis/finetuned_rdbms_162/qpy/00feaeb4ea5158016e28d4976d72f986db5890765873a684bb5ca1edaa68bcc4.qpy,12,25,0.4911733460612595,10322,40,5,35,sqlite,large_size,1,success,0.004465315956622362,8,3669,"{""cache_mb"": 128, ""db_path"": ""analysis/finetuned_rdbms_162_baseline_min_floor_100ms_contraction_all_engines/tmp/large_size/sqlite/bench.db"", ""mmap_mb"": 128, ""temp_store"": ""MEMORY"", ""threads"": 1}",
00feaeb4ea5158016e28d4976d72f986db5890765873a684bb5ca1edaa68bcc4,/home/timlittau/Documents/InferQ/analysis/finetuned_rdbms_162/qpy/00feaeb4ea5158016e28d4976d72f986db5890765873a684bb5ca1edaa68bcc4.qpy,12,25,0.4911733460612595,10322,40,5,35,duckdb,large_size,0,timeout,0.11448194086551666,0,14516,"{""max_temp_directory_size"": ""128GB"", ""memory_limit"": ""7409MB"", ""preserve_insertion_order"": true, ""temp_directory"": ""analysis/finetuned_rdbms_162_baseline_min_floor_100ms_contraction_all_engines/tmp/large_size/duckdb"", ""threads"": 1}",duckdb timed out after 0.1s
00feaeb4ea5158016e28d4976d72f986db5890765873a684bb5ca1edaa68bcc4,/home/timlittau/Documents/InferQ/analysis/finetuned_rdbms_162/qpy/00feaeb4ea5158016e28d4976d72f986db5890765873a684bb5ca1edaa68bcc4.qpy,12,25,0.4911733460612595,10322,40,5,35,duckdb,large_size,1,timeout,0.1132297869771719,0,15452,"{""max_temp_directory_size"": ""128GB"", ""memory_limit"": ""7409MB"", ""preserve_insertion_order"": true, ""temp_directory"": ""analysis/finetuned_rdbms_162_baseline_min_floor_100ms_contraction_all_engines/tmp/large_size/duckdb"", ""threads"": 1}",duckdb timed out after 0.1s
00feaeb4ea5158016e28d4976d72f986db5890765873a684bb5ca1edaa68bcc4,/home/timlittau/Documents/InferQ/analysis/finetuned_rdbms_162/qpy/00feaeb4ea5158016e28d4976d72f986db5890765873a684bb5ca1edaa68bcc4.qpy,12,25,0.4911733460612595,10322,40,5,35,postgres,large_size,0,success,0.010224689962342381,8,16781,"{""effective_cache_size"": ""2GB"", ""from_collapse_limit"": 1, ""hash_mem_multiplier"": ""1.94"", ""jit"": ""off"", ""join_collapse_limit"": 4, ""max_parallel_workers_per_gather"": 0, ""temp_buffers"": ""65MB"", ""temp_file_limit"": ""-1"", ""work_mem"": ""55MB""}",
00feaeb4ea5158016e28d4976d72f986db5890765873a684bb5ca1edaa68bcc4,/home/timlittau/Documents/InferQ/analysis/finetuned_rdbms_162/qpy/00feaeb4ea5158016e28d4976d72f986db5890765873a684bb5ca1edaa68bcc4.qpy,12,25,0.4911733460612595,10322,40,5,35,postgres,large_size,1,success,0.01018690294586122,8,15695,"{""effective_cache_size"": ""2GB"", ""from_collapse_limit"": 1, ""hash_mem_multiplier"": ""1.94"", ""jit"": ""off"", ""join_collapse_limit"": 4, ""max_parallel_workers_per_gather"": 0, ""temp_buffers"": ""65MB"", ""temp_file_limit"": ""-1"", ""work_mem"": ""55MB""}",
010c503261a2df2bbb1a3e08146f314fa9bf79b97cb05a52885eda911e13aea1,/home/timlittau/Documents/InferQ/analysis/finetuned_rdbms_162/qpy/010c503261a2df2bbb1a3e08146f314fa9bf79b97cb05a52885eda911e13aea1.qpy,15,1,0.046327106887474656,3589,16,2,14,sqlite,small_size,0,success,0.0013772149104624987,2,3807,"{""cache_mb"": 64, ""db_path"": "":memory:"", ""mmap_mb"": 0, ""temp_store"": ""MEMORY"", ""threads"": 1}",
010c503261a2df2bbb1a3e08146f314fa9bf79b97cb05a52885eda911e13aea1,/home/timlittau/Documents/InferQ/analysis/finetuned_rdbms_162/qpy/010c503261a2df2bbb1a3e08146f314fa9bf79b97cb05a52885eda911e13aea1.qpy,15,1,0.046327106887474656,3589,16,2,14,sqlite,small_size,1,success,0.0012630599085241556,2,3807,"{""cache_mb"": 64, ""db_path"": "":memory:"", ""mmap_mb"": 0, ""temp_store"": ""MEMORY"", ""threads"": 1}",
010c503261a2df2bbb1a3e08146f314fa9bf79b97cb05a52885eda911e13aea1,/home/timlittau/Documents/InferQ/analysis/finetuned_rdbms_162/qpy/010c503261a2df2bbb1a3e08146f314fa9bf79b97cb05a52885eda911e13aea1.qpy,15,1,0.046327106887474656,3589,16,2,14,duckdb,small_size,0,success,0.013119864976033568,2,8007,"{""max_temp_directory_size"": ""256GB"", ""memory_limit"": ""10780MB"", ""preserve_insertion_order"": false, ""temp_directory"": ""analysis/finetuned_rdbms_162_baseline_min_floor_100ms_contraction_all_engines/tmp/small_size/duckdb"", ""threads"": 2}",
010c503261a2df2bbb1a3e08146f314fa9bf79b97cb05a52885eda911e13aea1,/home/timlittau/Documents/InferQ/analysis/finetuned_rdbms_162/qpy/010c503261a2df2bbb1a3e08146f314fa9bf79b97cb05a52885eda911e13aea1.qpy,15,1,0.046327106887474656,3589,16,2,14,duckdb,small_size,1,success,0.013220614055171609,2,8007,"{""max_temp_directory_size"": ""256GB"", ""memory_limit"": ""10780MB"", ""preserve_insertion_order"": false, ""temp_directory"": ""analysis/finetuned_rdbms_162_baseline_min_floor_100ms_contraction_all_engines/tmp/small_size/duckdb"", ""threads"": 2}",
010c503261a2df2bbb1a3e08146f314fa9bf79b97cb05a52885eda911e13aea1,/home/timlittau/Documents/InferQ/analysis/finetuned_rdbms_162/qpy/010c503261a2df2bbb1a3e08146f314fa9bf79b97cb05a52885eda911e13aea1.qpy,15,1,0.046327106887474656,3589,16,2,14,postgres,small_size,0,success,0.003741083899512887,2,9226,"{""effective_cache_size"": ""8GB"", ""from_collapse_limit"": 1, ""hash_mem_multiplier"": ""2.0"", ""jit"": ""off"", ""join_collapse_limit"": 1, ""max_parallel_workers_per_gather"": 4, ""temp_buffers"": ""128MB"", ""temp_file_limit"": ""-1"", ""work_mem"": ""256MB""}",
010c503261a2df2bbb1a3e08146f314fa9bf79b97cb05a52885eda911e13aea1,/home/timlittau/Documents/InferQ/analysis/finetuned_rdbms_162/qpy/010c503261a2df2bbb1a3e08146f314fa9bf79b97cb05a52885eda911e13aea1.qpy,15,1,0.046327106887474656,3589,16,2,14,postgres,small_size,1,success,0.0033734049648046494,2,9226,"{""effective_cache_size"": ""8GB"", ""from_collapse_limit"": 1, ""hash_mem_multiplier"": ""2.0"", ""jit"": ""off"", ""join_collapse_limit"": 1, ""max_parallel_workers_per_gather"": 4, ""temp_buffers"": ""128MB"", ""temp_file_limit"": ""-1"", ""work_mem"": ""256MB""}",
0125ca45f129b8d6e99fbb118aa7434f1bdb35d8ba4b862215c8e00be5d424d8,/home/timlittau/Documents/InferQ/analysis/finetuned_rdbms_162/qpy/0125ca45f129b8d6e99fbb118aa7434f1bdb35d8ba4b862215c8e00be5d424d8.qpy,10,39,0.6229697039816529,14356,52,5,47,sqlite,large_size,0,success,0.01875425106845796,1024,58783,"{""cache_mb"": 128, ""db_path"": ""analysis/finetuned_rdbms_162_baseline_min_floor_100ms_contraction_all_engines/tmp/large_size/sqlite/bench.db"", ""mmap_mb"": 128, ""temp_store"": ""MEMORY"", ""threads"": 1}",
0125ca45f129b8d6e99fbb118aa7434f1bdb35d8ba4b862215c8e00be5d424d8,/home/timlittau/Documents/InferQ/analysis/finetuned_rdbms_162/qpy/0125ca45f129b8d6e99fbb118aa7434f1bdb35d8ba4b862215c8e00be5d424d8.qpy,10,39,0.6229697039816529,14356,52,5,47,sqlite,large_size,1,success,0.018978755921125412,1024,58783,"{""cache_mb"": 128, ""db_path"": ""analysis/finetuned_rdbms_162_baseline_min_floor_100ms_contraction_all_engines/tmp/large_size/sqlite/bench.db"", ""mmap_mb"": 128, ""temp_store"": ""MEMORY"", ""threads"": 1}",
0125ca45f129b8d6e99fbb118aa7434f1bdb35d8ba4b862215c8e00be5d424d8,/home/timlittau/Documents/InferQ/analysis/finetuned_rdbms_162/qpy/0125ca45f129b8d6e99fbb118aa7434f1bdb35d8ba4b862215c8e00be5d424d8.qpy,10,39,0.6229697039816529,14356,52,5,47,duckdb,large_size,0,success,0.09455470996908844,1024,59769,"{""max_temp_directory_size"": ""128GB"", ""memory_limit"": ""7409MB"", ""preserve_insertion_order"": true, ""temp_directory"": ""analysis/finetuned_rdbms_162_baseline_min_floor_100ms_contraction_all_engines/tmp/large_size/duckdb"", ""threads"": 1}",
0125ca45f129b8d6e99fbb118aa7434f1bdb35d8ba4b862215c8e00be5d424d8,/home/timlittau/Documents/InferQ/analysis/finetuned_rdbms_162/qpy/0125ca45f129b8d6e99fbb118aa7434f1bdb35d8ba4b862215c8e00be5d424d8.qpy,10,39,0.6229697039816529,14356,52,5,47,duckdb,large_size,1,success,0.09513807413168252,1024,59487,"{""max_temp_directory_size"": ""128GB"", ""memory_limit"": ""7409MB"", ""preserve_insertion_order"": true, ""temp_directory"": ""analysis/finetuned_rdbms_162_baseline_min_floor_100ms_contraction_all_engines/tmp/large_size/duckdb"", ""threads"": 1}",
0125ca45f129b8d6e99fbb118aa7434f1bdb35d8ba4b862215c8e00be5d424d8,/home/timlittau/Documents/InferQ/analysis/finetuned_rdbms_162/qpy/0125ca45f129b8d6e99fbb118aa7434f1bdb35d8ba4b862215c8e00be5d424d8.qpy,10,39,0.6229697039816529,14356,52,5,47,postgres,large_size,0,success,0.02990198601037264,1024,74465,"{""effective_cache_size"": ""2GB"", ""from_collapse_limit"": 1, ""hash_mem_multiplier"": ""1.94"", ""jit"": ""off"", ""join_collapse_limit"": 4, ""max_parallel_workers_per_gather"": 0, ""temp_buffers"": ""65MB"", ""temp_file_limit"": ""-1"", ""work_mem"": ""55MB""}",
0125ca45f129b8d6e99fbb118aa7434f1bdb35d8ba4b862215c8e00be5d424d8,/home/timlittau/Documents/InferQ/analysis/finetuned_rdbms_162/qpy/0125ca45f129b8d6e99fbb118aa7434f1bdb35d8ba4b862215c8e00be5d424d8.qpy,10,39,0.6229697039816529,14356,52,5,47,postgres,large_size,1,success,0.02900155703537166,1024,74465,"{""effective_cache_size"": ""2GB"", ""from_collapse_limit"": 1, ""hash_mem_multiplier"": ""1.94"", ""jit"": ""off"", ""join_collapse_limit"": 4, ""max_parallel_workers_per_gather"": 0, ""temp_buffers"": ""65MB"", ""temp_file_limit"": ""-1"", ""work_mem"": ""55MB""}",
01263d765a198bbe341b92fe306ccd088a91be3347ee2b6e0a21c853a308dcda,/home/timlittau/Documents/InferQ/analysis/finetuned_rdbms_162/qpy/01263d765a198bbe341b92fe306ccd088a91be3347ee2b6e0a21c853a308dcda.qpy,6,60,1.076688013970852,19304,69,5,64,sqlite,large_size,0,success,0.011285946937277913,64,4413,"{""cache_mb"": 128, ""db_path"": ""analysis/finetuned_rdbms_162_baseline_min_floor_100ms_contraction_all_engines/tmp/large_size/sqlite/bench.db"", ""mmap_mb"": 128, ""temp_store"": ""MEMORY"", ""threads"": 1}",
01263d765a198bbe341b92fe306ccd088a91be3347ee2b6e0a21c853a308dcda,/home/timlittau/Documents/InferQ/analysis/finetuned_rdbms_162/qpy/01263d765a198bbe341b92fe306ccd088a91be3347ee2b6e0a21c853a308dcda.qpy,6,60,1.076688013970852,19304,69,5,64,sqlite,large_size,1,success,0.011044627986848354,64,4413,"{""cache_mb"": 128, ""db_path"": ""analysis/finetuned_rdbms_162_baseline_min_floor_100ms_contraction_all_engines/tmp/large_size/sqlite/bench.db"", ""mmap_mb"": 128, ""temp_store"": ""MEMORY"", ""threads"": 1}",
01263d765a198bbe341b92fe306ccd088a91be3347ee2b6e0a21c853a308dcda,/home/timlittau/Documents/InferQ/analysis/finetuned_rdbms_162/qpy/01263d765a198bbe341b92fe306ccd088a91be3347ee2b6e0a21c853a308dcda.qpy,6,60,1.076688013970852,19304,69,5,64,duckdb,large_size,0,timeout,0.11267877602949739,0,23222,"{""max_temp_directory_size"": ""128GB"", ""memory_limit"": ""7409MB"", ""preserve_insertion_order"": true, ""temp_directory"": ""analysis/finetuned_rdbms_162_baseline_min_floor_100ms_contraction_all_engines/tmp/large_size/duckdb"", ""threads"": 1}",duckdb timed out after 0.1s
01263d765a198bbe341b92fe306ccd088a91be3347ee2b6e0a21c853a308dcda,/home/timlittau/Documents/InferQ/analysis/finetuned_rdbms_162/qpy/01263d765a198bbe341b92fe306ccd088a91be3347ee2b6e0a21c853a308dcda.qpy,6,60,1.076688013970852,19304,69,5,64,duckdb,large_size,1,timeout,0.11594103300012648,0,23310,"{""max_temp_directory_size"": ""128GB"", ""memory_limit"": ""7409MB"", ""preserve_insertion_order"": true, ""temp_directory"": ""analysis/finetuned_rdbms_162_baseline_min_floor_100ms_contraction_all_engines/tmp/large_size/duckdb"", ""threads"": 1}",duckdb timed out after 0.1s
01263d765a198bbe341b92fe306ccd088a91be3347ee2b6e0a21c853a308dcda,/home/timlittau/Documents/InferQ/analysis/finetuned_rdbms_162/qpy/01263d765a198bbe341b92fe306ccd088a91be3347ee2b6e0a21c853a308dcda.qpy,6,60,1.076688013970852,19304,69,5,64,postgres,large_size,0,success,0.02610515500418842,64,25349,"{""effective_cache_size"": ""2GB"", ""from_collapse_limit"": 1, ""hash_mem_multiplier"": ""1.94"", ""jit"": ""off"", ""join_collapse_limit"": 4, ""max_parallel_workers_per_gather"": 0, ""temp_buffers"": ""65MB"", ""temp_file_limit"": ""-1"", ""work_mem"": ""55MB""}",
01263d765a198bbe341b92fe306ccd088a91be3347ee2b6e0a21c853a308dcda,/home/timlittau/Documents/InferQ/analysis/finetuned_rdbms_162/qpy/01263d765a198bbe341b92fe306ccd088a91be3347ee2b6e0a21c853a308dcda.qpy,6,60,1.076688013970852,19304,69,5,64,postgres,large_size,1,success,0.026377262081950903,64,25301,"{""effective_cache_size"": ""2GB"", ""from_collapse_limit"": 1, ""hash_mem_multiplier"": ""1.94"", ""jit"": ""off"", ""join_collapse_limit"": 4, ""max_parallel_workers_per_gather"": 0, ""temp_buffers"": ""65MB"", ""temp_file_limit"": ""-1"", ""work_mem"": ""55MB""}",
0134df7b8ca72145731d4fccca722f706aeca415b5c1fec402181619927408e2,/home/timlittau/Documents/InferQ/analysis/finetuned_rdbms_162/qpy/0134df7b8ca72145731d4fccca722f706aeca415b5c1fec402181619927408e2.qpy,7,49,0.7799926199950278,17290,61,7,54,sqlite,small_size,0,success,0.01343087013810873,128,8077,"{""cache_mb"": 64, ""db_path"": "":memory:"", ""mmap_mb"": 0, ""temp_store"": ""MEMORY"", ""threads"": 1}",
0134df7b8ca72145731d4fccca722f706aeca415b5c1fec402181619927408e2,/home/timlittau/Documents/InferQ/analysis/finetuned_rdbms_162/qpy/0134df7b8ca72145731d4fccca722f706aeca415b5c1fec402181619927408e2.qpy,7,49,0.7799926199950278,17290,61,7,54,sqlite,small_size,1,success,0.012447243090718985,128,8077,"{""cache_mb"": 64, ""db_path"": "":memory:"", ""mmap_mb"": 0, ""temp_store"": ""MEMORY"", ""threads"": 1}",
0134df7b8ca72145731d4fccca722f706aeca415b5c1fec402181619927408e2,/home/timlittau/Documents/InferQ/analysis/finetuned_rdbms_162/qpy/0134df7b8ca72145731d4fccca722f706aeca415b5c1fec402181619927408e2.qpy,7,49,0.7799926199950278,17290,61,7,54,duckdb,small_size,0,timeout,0.11493485607206821,0,1611849,"{""max_temp_directory_size"": ""256GB"", ""memory_limit"": ""10780MB"", ""preserve_insertion_order"": false, ""temp_directory"": ""analysis/finetuned_rdbms_162_baseline_min_floor_100ms_contraction_all_engines/tmp/small_size/duckdb"", ""threads"": 2}",duckdb timed out after 0.1s
0134df7b8ca72145731d4fccca722f706aeca415b5c1fec402181619927408e2,/home/timlittau/Documents/InferQ/analysis/finetuned_rdbms_162/qpy/0134df7b8ca72145731d4fccca722f706aeca415b5c1fec402181619927408e2.qpy,7,49,0.7799926199950278,17290,61,7,54,duckdb,small_size,1,timeout,0.1143683239351958,0,222596,"{""max_temp_directory_size"": ""256GB"", ""memory_limit"": ""10780MB"", ""preserve_insertion_order"": false, ""temp_directory"": ""analysis/finetuned_rdbms_162_baseline_min_floor_100ms_contraction_all_engines/tmp/small_size/duckdb"", ""threads"": 2}",duckdb timed out after 0.1s
0134df7b8ca72145731d4fccca722f706aeca415b5c1fec402181619927408e2,/home/timlittau/Documents/InferQ/analysis/finetuned_rdbms_162/qpy/0134df7b8ca72145731d4fccca722f706aeca415b5c1fec402181619927408e2.qpy,7,49,0.7799926199950278,17290,61,7,54,postgres,small_size,0,success,0.027689811075106263,128,26958,"{""effective_cache_size"": ""8GB"", ""from_collapse_limit"": 1, ""hash_mem_multiplier"": ""2.0"", ""jit"": ""off"", ""join_collapse_limit"": 1, ""max_parallel_workers_per_gather"": 4, ""temp_buffers"": ""128MB"", ""temp_file_limit"": ""-1"", ""work_mem"": ""256MB""}",
0134df7b8ca72145731d4fccca722f706aeca415b5c1fec402181619927408e2,/home/timlittau/Documents/InferQ/analysis/finetuned_rdbms_162/qpy/0134df7b8ca72145731d4fccca722f706aeca415b5c1fec402181619927408e2.qpy,7,49,0.7799926199950278,17290,61,7,54,postgres,small_size,1,success,0.02638894715346396,128,26958,"{""effective_cache_size"": ""8GB"", ""from_collapse_limit"": 1, ""hash_mem_multiplier"": ""2.0"", ""jit"": ""off"", ""join_collapse_limit"": 1, ""max_parallel_workers_per_gather"": 4, ""temp_buffers"": ""128MB"", ""temp_file_limit"": ""-1"", ""work_mem"": ""256MB""}",
013d675b5ce5fd555119bcb2d3d33721d66cba0892e5258c4fd7852985f8ac79,/home/timlittau/Documents/InferQ/analysis/finetuned_rdbms_162/qpy/013d675b5ce5fd555119bcb2d3d33721d66cba0892e5258c4fd7852985f8ac79.qpy,2,8,0.07105135382153094,3203,12,4,8,sqlite,small_size,0,success,0.0013808740768581629,4,18367,"{""cache_mb"": 64, ""db_path"": "":memory:"", ""mmap_mb"": 0, ""temp_store"": ""MEMORY"", ""threads"": 1}",
013d675b5ce5fd555119bcb2d3d33721d66cba0892e5258c4fd7852985f8ac79,/home/timlittau/Documents/InferQ/analysis/finetuned_rdbms_162/qpy/013d675b5ce5fd555119bcb2d3d33721d66cba0892e5258c4fd7852985f8ac79.qpy,2,8,0.07105135382153094,3203,12,4,8,sqlite,small_size,1,success,0.002813047030940652,4,3807,"{""cache_mb"": 64, ""db_path"": "":memory:"", ""mmap_mb"": 0, ""temp_store"": ""MEMORY"", ""threads"": 1}",
013d675b5ce5fd555119bcb2d3d33721d66cba0892e5258c4fd7852985f8ac79,/home/timlittau/Documents/InferQ/analysis/finetuned_rdbms_162/qpy/013d675b5ce5fd555119bcb2d3d33721d66cba0892e5258c4fd7852985f8ac79.qpy,2,8,0.07105135382153094,3203,12,4,8,duckdb,small_size,0,success,0.01183548686094582,4,7117,"{""max_temp_directory_size"": ""256GB"", ""memory_limit"": ""10780MB"", ""preserve_insertion_order"": false, ""temp_directory"": ""analysis/finetuned_rdbms_162_baseline_min_floor_100ms_contraction_all_engines/tmp/small_size/duckdb"", ""threads"": 2}",
013d675b5ce5fd555119bcb2d3d33721d66cba0892e5258c4fd7852985f8ac79,/home/timlittau/Documents/InferQ/analysis/finetuned_rdbms_162/qpy/013d675b5ce5fd555119bcb2d3d33721d66cba0892e5258c4fd7852985f8ac79.qpy,2,8,0.07105135382153094,3203,12,4,8,duckdb,small_size,1,success,0.010896380990743637,4,6965,"{""max_temp_directory_size"": ""256GB"", ""memory_limit"": ""10780MB"", ""preserve_insertion_order"": false, ""temp_directory"": ""analysis/finetuned_rdbms_162_baseline_min_floor_100ms_contraction_all_engines/tmp/small_size/duckdb"", ""threads"": 2}",
013d675b5ce5fd555119bcb2d3d33721d66cba0892e5258c4fd7852985f8ac79,/home/timlittau/Documents/InferQ/analysis/finetuned_rdbms_162/qpy/013d675b5ce5fd555119bcb2d3d33721d66cba0892e5258c4fd7852985f8ac79.qpy,2,8,0.07105135382153094,3203,12,4,8,postgres,small_size,0,success,0.002938514109700918,4,7696,"{""effective_cache_size"": ""8GB"", ""from_collapse_limit"": 1, ""hash_mem_multiplier"": ""2.0"", ""jit"": ""off"", ""join_collapse_limit"": 1, ""max_parallel_workers_per_gather"": 4, ""temp_buffers"": ""128MB"", ""temp_file_limit"": ""-1"", ""work_mem"": ""256MB""}",
013d675b5ce5fd555119bcb2d3d33721d66cba0892e5258c4fd7852985f8ac79,/home/timlittau/Documents/InferQ/analysis/finetuned_rdbms_162/qpy/013d675b5ce5fd555119bcb2d3d33721d66cba0892e5258c4fd7852985f8ac79.qpy,2,8,0.07105135382153094,3203,12,4,8,postgres,small_size,1,success,0.002783693140372634,4,7696,"{""effective_cache_size"": ""8GB"", ""from_collapse_limit"": 1, ""hash_mem_multiplier"": ""2.0"", ""jit"": ""off"", ""join_collapse_limit"": 1, ""max_parallel_workers_per_gather"": 4, ""temp_buffers"": ""128MB"", ""temp_file_limit"": ""-1"", ""work_mem"": ""256MB""}",
01462679dd760fc6698642d6f6d994145e896a8d549139ba358c5a221b8c6e2a,/home/timlittau/Documents/InferQ/analysis/finetuned_rdbms_162/qpy/01462679dd760fc6698642d6f6d994145e896a8d549139ba358c5a221b8c6e2a.qpy,6,18,0.17471784399822354,7020,26,4,22,sqlite,small_size,0,success,0.004402445862069726,64,5127,"{""cache_mb"": 64, ""db_path"": "":memory:"", ""mmap_mb"": 0, ""temp_store"": ""MEMORY"", ""threads"": 1}",
01462679dd760fc6698642d6f6d994145e896a8d549139ba358c5a221b8c6e2a,/home/timlittau/Documents/InferQ/analysis/finetuned_rdbms_162/qpy/01462679dd760fc6698642d6f6d994145e896a8d549139ba358c5a221b8c6e2a.qpy,6,18,0.17471784399822354,7020,26,4,22,sqlite,small_size,1,success,0.004079977050423622,64,4551,"{""cache_mb"": 64, ""db_path"": "":memory:"", ""mmap_mb"": 0, ""temp_store"": ""MEMORY"", ""threads"": 1}",
01462679dd760fc6698642d6f6d994145e896a8d549139ba358c5a221b8c6e2a,/home/timlittau/Documents/InferQ/analysis/finetuned_rdbms_162/qpy/01462679dd760fc6698642d6f6d994145e896a8d549139ba358c5a221b8c6e2a.qpy,6,18,0.17471784399822354,7020,26,4,22,duckdb,small_size,0,success,0.0149952438659966,64,13402,"{""max_temp_directory_size"": ""256GB"", ""memory_limit"": ""10780MB"", ""preserve_insertion_order"": false, ""temp_directory"": ""analysis/finetuned_rdbms_162_baseline_min_floor_100ms_contraction_all_engines/tmp/small_size/duckdb"", ""threads"": 2}",
01462679dd760fc6698642d6f6d994145e896a8d549139ba358c5a221b8c6e2a,/home/timlittau/Documents/InferQ/analysis/finetuned_rdbms_162/qpy/01462679dd760fc6698642d6f6d994145e896a8d549139ba358c5a221b8c6e2a.qpy,6,18,0.17471784399822354,7020,26,4,22,duckdb,small_size,1,success,0.0156785158906132,64,10964,"{""max_temp_directory_size"": ""256GB"", ""memory_limit"": ""10780MB"", ""preserve_insertion_order"": false, ""temp_directory"": ""analysis/finetuned_rdbms_162_baseline_min_floor_100ms_contraction_all_engines/tmp/small_size/duckdb"", ""threads"": 2}",
01462679dd760fc6698642d6f6d994145e896a8d549139ba358c5a221b8c6e2a,/home/timlittau/Documents/InferQ/analysis/finetuned_rdbms_162/qpy/01462679dd760fc6698642d6f6d994145e896a8d549139ba358c5a221b8c6e2a.qpy,6,18,0.17471784399822354,7020,26,4,22,postgres,small_size,0,success,0.0076638029422611,64,13014,"{""effective_cache_size"": ""8GB"", ""from_collapse_limit"": 1, ""hash_mem_multiplier"": ""2.0"", ""jit"": ""off"", ""join_collapse_limit"": 1, ""max_parallel_workers_per_gather"": 4, ""temp_buffers"": ""128MB"", ""temp_file_limit"": ""-1"", ""work_mem"": ""256MB""}",
01462679dd760fc6698642d6f6d994145e896a8d549139ba358c5a221b8c6e2a,/home/timlittau/Documents/InferQ/analysis/finetuned_rdbms_162/qpy/01462679dd760fc6698642d6f6d994145e896a8d549139ba358c5a221b8c6e2a.qpy,6,18,0.17471784399822354,7020,26,4,22,postgres,small_size,1,success,0.007731849094852805,64,13014,"{""effective_cache_size"": ""8GB"", ""from_collapse_limit"": 1, ""hash_mem_multiplier"": ""2.0"", ""jit"": ""off"", ""join_collapse_limit"": 1, ""max_parallel_workers_per_gather"": 4, ""temp_buffers"": ""128MB"", ""temp_file_limit"": ""-1"", ""work_mem"": ""256MB""}",
0146e4cb3ec638a092bc2ff052ceb1508662f8f8c19b13c53aae660f23c7b0fb,/home/timlittau/Documents/InferQ/analysis/finetuned_rdbms_162/qpy/0146e4cb3ec638a092bc2ff052ceb1508662f8f8c19b13c53aae660f23c7b0fb.qpy,11,12,0.17921115783974528,5901,25,4,21,sqlite,small_size,0,success,0.001965249888598919,4,3807,"{""cache_mb"": 64, ""db_path"": "":memory:"", ""mmap_mb"": 0, ""temp_store"": ""MEMORY"", ""threads"": 1}",
0146e4cb3ec638a092bc2ff052ceb1508662f8f8c19b13c53aae660f23c7b0fb,/home/timlittau/Documents/InferQ/analysis/finetuned_rdbms_162/qpy/0146e4cb3ec638a092bc2ff052ceb1508662f8f8c19b13c53aae660f23c7b0fb.qpy,11,12,0.17921115783974528,5901,25,4,21,sqlite,small_size,1,success,0.0016184221021831036,4,3807,"{""cache_mb"": 64, ""db_path"": "":memory:"", ""mmap_mb"": 0, ""temp_store"": ""MEMORY"", ""threads"": 1}",
0146e4cb3ec638a092bc2ff052ceb1508662f8f8c19b13c53aae660f23c7b0fb,/home/timlittau/Documents/InferQ/analysis/finetuned_rdbms_162/qpy/0146e4cb3ec638a092bc2ff052ceb1508662f8f8c19b13c53aae660f23c7b0fb.qpy,11,12,0.17921115783974528,5901,25,4,21,duckdb,small_size,0,success,0.014772731810808182,4,9969,"{""max_temp_directory_size"": ""256GB"", ""memory_limit"": ""10780MB"", ""preserve_insertion_order"": false, ""temp_directory"": ""analysis/finetuned_rdbms_162_baseline_min_floor_100ms_contraction_all_engines/tmp/small_size/duckdb"", ""threads"": 2}",
0146e4cb3ec638a092bc2ff052ceb1508662f8f8c19b13c53aae660f23c7b0fb,/home/timlittau/Documents/InferQ/analysis/finetuned_rdbms_162/qpy/0146e4cb3ec638a092bc2ff052ceb1508662f8f8c19b13c53aae660f23c7b0fb.qpy,11,12,0.17921115783974528,5901,25,4,21,duckdb,small_size,1,success,0.014881065115332603,4,9725,"{""max_temp_directory_size"": ""256GB"", ""memory_limit"": ""10780MB"", ""preserve_insertion_order"": false, ""temp_directory"": ""analysis/finetuned_rdbms_162_baseline_min_floor_100ms_contraction_all_engines/tmp/small_size/duckdb"", ""threads"": 2}",
0146e4cb3ec638a092bc2ff052ceb1508662f8f8c19b13c53aae660f23c7b0fb,/home/timlittau/Documents/InferQ/analysis/finetuned_rdbms_162/qpy/0146e4cb3ec638a092bc2ff052ceb1508662f8f8c19b13c53aae660f23c7b0fb.qpy,11,12,0.17921115783974528,5901,25,4,21,postgres,small_size,0,success,0.005746954120695591,4,11186,"{""effective_cache_size"": ""8GB"", ""from_collapse_limit"": 1, ""hash_mem_multiplier"": ""2.0"", ""jit"": ""off"", ""join_collapse_limit"": 1, ""max_parallel_workers_per_gather"": 4, ""temp_buffers"": ""128MB"", ""temp_file_limit"": ""-1"", ""work_mem"": ""256MB""}",
0146e4cb3ec638a092bc2ff052ceb1508662f8f8c19b13c53aae660f23c7b0fb,/home/timlittau/Documents/InferQ/analysis/finetuned_rdbms_162/qpy/0146e4cb3ec638a092bc2ff052ceb1508662f8f8c19b13c53aae660f23c7b0fb.qpy,11,12,0.17921115783974528,5901,25,4,21,postgres,small_size,1,success,0.0058741040993481874,4,11186,"{""effective_cache_size"": ""8GB"", ""from_collapse_limit"": 1, ""hash_mem_multiplier"": ""2.0"", ""jit"": ""off"", ""join_collapse_limit"": 1, ""max_parallel_workers_per_gather"": 4, ""temp_buffers"": ""128MB"", ""temp_file_limit"": ""-1"", ""work_mem"": ""256MB""}",
01501b8722df50c519c543ff8e4dfbfb2524ef4f8c2a56018d6e08762f64dd45,/home/timlittau/Documents/InferQ/analysis/finetuned_rdbms_162/qpy/01501b8722df50c519c543ff8e4dfbfb2524ef4f8c2a56018d6e08762f64dd45.qpy,2,5,0.035924267023801804,2518,9,4,5,sqlite,small_size,0,success,0.0009567290544509888,4,3807,"{""cache_mb"": 64, ""db_path"": "":memory:"", ""mmap_mb"": 0, ""temp_store"": ""MEMORY"", ""threads"": 1}",
01501b8722df50c519c543ff8e4dfbfb2524ef4f8c2a56018d6e08762f64dd45,/home/timlittau/Documents/InferQ/analysis/finetuned_rdbms_162/qpy/01501b8722df50c519c543ff8e4dfbfb2524ef4f8c2a56018d6e08762f64dd45.qpy,2,5,0.035924267023801804,2518,9,4,5,sqlite,small_size,1,success,0.0007623638957738876,4,3807,"{""cache_mb"": 64, ""db_path"": "":memory:"", ""mmap_mb"": 0, ""temp_store"": ""MEMORY"", ""threads"": 1}",
01501b8722df50c519c543ff8e4dfbfb2524ef4f8c2a56018d6e08762f64dd45,/home/timlittau/Documents/InferQ/analysis/finetuned_rdbms_162/qpy/01501b8722df50c519c543ff8e4dfbfb2524ef4f8c2a56018d6e08762f64dd45.qpy,2,5,0.035924267023801804,2518,9,4,5,duckdb,small_size,0,success,0.0058992160484194756,4,6682,"{""max_temp_directory_size"": ""256GB"", ""memory_limit"": ""10780MB"", ""preserve_insertion_order"": false, ""temp_directory"": ""analysis/finetuned_rdbms_162_baseline_min_floor_100ms_contraction_all_engines/tmp/small_size/duckdb"", ""threads"": 2}",
01501b8722df50c519c543ff8e4dfbfb2524ef4f8c2a56018d6e08762f64dd45,/home/timlittau/Documents/InferQ/analysis/finetuned_rdbms_162/qpy/01501b8722df50c519c543ff8e4dfbfb2524ef4f8c2a56018d6e08762f64dd45.qpy,2,5,0.035924267023801804,2518,9,4,5,duckdb,small_size,1,success,0.005365688120946288,4,6586,"{""max_temp_directory_size"": ""256GB"", ""memory_limit"": ""10780MB"", ""preserve_insertion_order"": false, ""temp_directory"": ""analysis/finetuned_rdbms_162_baseline_min_floor_100ms_contraction_all_engines/tmp/small_size/duckdb"", ""threads"": 2}",
01501b8722df50c519c543ff8e4dfbfb2524ef4f8c2a56018d6e08762f64dd45,/home/timlittau/Documents/InferQ/analysis/finetuned_rdbms_162/qpy/01501b8722df50c519c543ff8e4dfbfb2524ef4f8c2a56018d6e08762f64dd45.qpy,2,5,0.035924267023801804,2518,9,4,5,postgres,small_size,0,success,0.00231134588830173,4,7011,"{""effective_cache_size"": ""8GB"", ""from_collapse_limit"": 1, ""hash_mem_multiplier"": ""2.0"", ""jit"": ""off"", ""join_collapse_limit"": 1, ""max_parallel_workers_per_gather"": 4, ""temp_buffers"": ""128MB"", ""temp_file_limit"": ""-1"", ""work_mem"": ""256MB""}",
01501b8722df50c519c543ff8e4dfbfb2524ef4f8c2a56018d6e08762f64dd45,/home/timlittau/Documents/InferQ/analysis/finetuned_rdbms_162/qpy/01501b8722df50c519c543ff8e4dfbfb2524ef4f8c2a56018d6e08762f64dd45.qpy,2,5,0.035924267023801804,2518,9,4,5,postgres,small_size,1,success,0.002245475072413683,4,7011,"{""effective_cache_size"": ""8GB"", ""from_collapse_limit"": 1, ""hash_mem_multiplier"": ""2.0"", ""jit"": ""off"", ""join_collapse_limit"": 1, ""max_parallel_workers_per_gather"": 4, ""temp_buffers"": ""128MB"", ""temp_file_limit"": ""-1"", ""work_mem"": ""256MB""}",
01679b3022e01d8852da11493cab7fcbb7d66ea509eff437e9ef9750b7392f4d,/home/timlittau/Documents/InferQ/analysis/finetuned_rdbms_162/qpy/01679b3022e01d8852da11493cab7fcbb7d66ea509eff437e9ef9750b7392f4d.qpy,2,11,0.08524496993049979,4521,16,5,11,sqlite,large_size,0,success,0.0018899771384894848,4,3669,"{""cache_mb"": 128, ""db_path"": ""analysis/finetuned_rdbms_162_baseline_min_floor_100ms_contraction_all_engines/tmp/large_size/sqlite/bench.db"", ""mmap_mb"": 128, ""temp_store"": ""MEMORY"", ""threads"": 1}",
01679b3022e01d8852da11493cab7fcbb7d66ea509eff437e9ef9750b7392f4d,/home/timlittau/Documents/InferQ/analysis/finetuned_rdbms_162/qpy/01679b3022e01d8852da11493cab7fcbb7d66ea509eff437e9ef9750b7392f4d.qpy,2,11,0.08524496993049979,4521,16,5,11,sqlite,large_size,1,success,0.0016678860411047935,4,3669,"{""cache_mb"": 128, ""db_path"": ""analysis/finetuned_rdbms_162_baseline_min_floor_100ms_contraction_all_engines/tmp/large_size/sqlite/bench.db"", ""mmap_mb"": 128, ""temp_store"": ""MEMORY"", ""threads"": 1}",
01679b3022e01d8852da11493cab7fcbb7d66ea509eff437e9ef9750b7392f4d,/home/timlittau/Documents/InferQ/analysis/finetuned_rdbms_162/qpy/01679b3022e01d8852da11493cab7fcbb7d66ea509eff437e9ef9750b7392f4d.qpy,2,11,0.08524496993049979,4521,16,5,11,duckdb,large_size,0,success,0.012286661192774773,4,8659,"{""max_temp_directory_size"": ""128GB"", ""memory_limit"": ""7409MB"", ""preserve_insertion_order"": true, ""temp_directory"": ""analysis/finetuned_rdbms_162_baseline_min_floor_100ms_contraction_all_engines/tmp/large_size/duckdb"", ""threads"": 1}",
01679b3022e01d8852da11493cab7fcbb7d66ea509eff437e9ef9750b7392f4d,/home/timlittau/Documents/InferQ/analysis/finetuned_rdbms_162/qpy/01679b3022e01d8852da11493cab7fcbb7d66ea509eff437e9ef9750b7392f4d.qpy,2,11,0.08524496993049979,4521,16,5,11,duckdb,large_size,1,success,0.009212785167619586,4,8283,"{""max_temp_directory_size"": ""128GB"", ""memory_limit"": ""7409MB"", ""preserve_insertion_order"": true, ""temp_directory"": ""analysis/finetuned_rdbms_162_baseline_min_floor_100ms_contraction_all_engines/tmp/large_size/duckdb"", ""threads"": 1}",
01679b3022e01d8852da11493cab7fcbb7d66ea509eff437e9ef9750b7392f4d,/home/timlittau/Documents/InferQ/analysis/finetuned_rdbms_162/qpy/01679b3022e01d8852da11493cab7fcbb7d66ea509eff437e9ef9750b7392f4d.qpy,2,11,0.08524496993049979,4521,16,5,11,postgres,large_size,0,success,0.004025944042950869,4,8966,"{""effective_cache_size"": ""2GB"", ""from_collapse_limit"": 1, ""hash_mem_multiplier"": ""1.94"", ""jit"": ""off"", ""join_collapse_limit"": 4, ""max_parallel_workers_per_gather"": 0, ""temp_buffers"": ""65MB"", ""temp_file_limit"": ""-1"", ""work_mem"": ""55MB""}",
01679b3022e01d8852da11493cab7fcbb7d66ea509eff437e9ef9750b7392f4d,/home/timlittau/Documents/InferQ/analysis/finetuned_rdbms_162/qpy/01679b3022e01d8852da11493cab7fcbb7d66ea509eff437e9ef9750b7392f4d.qpy,2,11,0.08524496993049979,4521,16,5,11,postgres,large_size,1,success,0.0039148530922830105,4,9014,"{""effective_cache_size"": ""2GB"", ""from_collapse_limit"": 1, ""hash_mem_multiplier"": ""1.94"", ""jit"": ""off"", ""join_collapse_limit"": 4, ""max_parallel_workers_per_gather"": 0, ""temp_buffers"": ""65MB"", ""temp_file_limit"": ""-1"", ""work_mem"": ""55MB""}",
016f1c85ebe3f4b15c149a1d6bad300e68a6de6818b8beb6cbf025f73f7304dc,/home/timlittau/Documents/InferQ/analysis/finetuned_rdbms_162/qpy/016f1c85ebe3f4b15c149a1d6bad300e68a6de6818b8beb6cbf025f73f7304dc.qpy,6,17,0.19276402797549963,6164,24,3,21,sqlite,small_size,0,success,0.003165879985317588,64,5367,"{""cache_mb"": 64, ""db_path"": "":memory:"", ""mmap_mb"": 0, ""temp_store"": ""MEMORY"", ""threads"": 1}",
016f1c85ebe3f4b15c149a1d6bad300e68a6de6818b8beb6cbf025f73f7304dc,/home/timlittau/Documents/InferQ/analysis/finetuned_rdbms_162/qpy/016f1c85ebe3f4b15c149a1d6bad300e68a6de6818b8beb6cbf025f73f7304dc.qpy,6,17,0.19276402797549963,6164,24,3,21,sqlite,small_size,1,success,0.0020676329731941223,64,4551,"{""cache_mb"": 64, ""db_path"": "":memory:"", ""mmap_mb"": 0, ""temp_store"": ""MEMORY"", ""threads"": 1}",
016f1c85ebe3f4b15c149a1d6bad300e68a6de6818b8beb6cbf025f73f7304dc,/home/timlittau/Documents/InferQ/analysis/finetuned_rdbms_162/qpy/016f1c85ebe3f4b15c149a1d6bad300e68a6de6818b8beb6cbf025f73f7304dc.qpy,6,17,0.19276402797549963,6164,24,3,21,duckdb,small_size,0,success,0.04706307011656463,64,10234,"{""max_temp_directory_size"": ""256GB"", ""memory_limit"": ""10780MB"", ""preserve_insertion_order"": false, ""temp_directory"": ""analysis/finetuned_rdbms_162_baseline_min_floor_100ms_contraction_all_engines/tmp/small_size/duckdb"", ""threads"": 2}",
016f1c85ebe3f4b15c149a1d6bad300e68a6de6818b8beb6cbf025f73f7304dc,/home/timlittau/Documents/InferQ/analysis/finetuned_rdbms_162/qpy/016f1c85ebe3f4b15c149a1d6bad300e68a6de6818b8beb6cbf025f73f7304dc.qpy,6,17,0.19276402797549963,6164,24,3,21,duckdb,small_size,1,success,0.04643521108664572,64,10020,"{""max_temp_directory_size"": ""256GB"", ""memory_limit"": ""10780MB"", ""preserve_insertion_order"": false, ""temp_directory"": ""analysis/finetuned_rdbms_162_baseline_min_floor_100ms_contraction_all_engines/tmp/small_size/duckdb"", ""threads"": 2}",
016f1c85ebe3f4b15c149a1d6bad300e68a6de6818b8beb6cbf025f73f7304dc,/home/timlittau/Documents/InferQ/analysis/finetuned_rdbms_162/qpy/016f1c85ebe3f4b15c149a1d6bad300e68a6de6818b8beb6cbf025f73f7304dc.qpy,6,17,0.19276402797549963,6164,24,3,21,postgres,small_size,0,success,0.00736828800290823,64,12134,"{""effective_cache_size"": ""8GB"", ""from_collapse_limit"": 1, ""hash_mem_multiplier"": ""2.0"", ""jit"": ""off"", ""join_collapse_limit"": 1, ""max_parallel_workers_per_gather"": 4, ""temp_buffers"": ""128MB"", ""temp_file_limit"": ""-1"", ""work_mem"": ""256MB""}",
016f1c85ebe3f4b15c149a1d6bad300e68a6de6818b8beb6cbf025f73f7304dc,/home/timlittau/Documents/InferQ/analysis/finetuned_rdbms_162/qpy/016f1c85ebe3f4b15c149a1d6bad300e68a6de6818b8beb6cbf025f73f7304dc.qpy,6,17,0.19276402797549963,6164,24,3,21,postgres,small_size,1,success,0.007238510996103287,64,12134,"{""effective_cache_size"": ""8GB"", ""from_collapse_limit"": 1, ""hash_mem_multiplier"": ""2.0"", ""jit"": ""off"", ""join_collapse_limit"": 1, ""max_parallel_workers_per_gather"": 4, ""temp_buffers"": ""128MB"", ""temp_file_limit"": ""-1"", ""work_mem"": ""256MB""}",
0178f99f577d5daadf00d6e75094b02961e3ee1399e848b2913896f0a2f5e309,/home/timlittau/Documents/InferQ/analysis/finetuned_rdbms_162/qpy/0178f99f577d5daadf00d6e75094b02961e3ee1399e848b2913896f0a2f5e309.qpy,11,41,0.5660648979246616,14902,54,4,50,sqlite,large_size,0,success,0.019510264042764902,2048,124367,"{""cache_mb"": 128, ""db_path"": ""analysis/finetuned_rdbms_162_baseline_min_floor_100ms_contraction_all_engines/tmp/large_size/sqlite/bench.db"", ""mmap_mb"": 128, ""temp_store"": ""MEMORY"", ""threads"": 1}",
0178f99f577d5daadf00d6e75094b02961e3ee1399e848b2913896f0a2f5e309,/home/timlittau/Documents/InferQ/analysis/finetuned_rdbms_162/qpy/0178f99f577d5daadf00d6e75094b02961e3ee1399e848b2913896f0a2f5e309.qpy,11,41,0.5660648979246616,14902,54,4,50,sqlite,large_size,1,success,0.01840236596763134,2048,124367,"{""cache_mb"": 128, ""db_path"": ""analysis/finetuned_rdbms_162_baseline_min_floor_100ms_contraction_all_engines/tmp/large_size/sqlite/bench.db"", ""mmap_mb"": 128, ""temp_store"": ""MEMORY"", ""threads"": 1}",
0178f99f577d5daadf00d6e75094b02961e3ee1399e848b2913896f0a2f5e309,/home/timlittau/Documents/InferQ/analysis/finetuned_rdbms_162/qpy/0178f99f577d5daadf00d6e75094b02961e3ee1399e848b2913896f0a2f5e309.qpy,11,41,0.5660648979246616,14902,54,4,50,duckdb,large_size,0,timeout,0.10761977988295257,0,19040,"{""max_temp_directory_size"": ""128GB"", ""memory_limit"": ""7409MB"", ""preserve_insertion_order"": true, ""temp_directory"": ""analysis/finetuned_rdbms_162_baseline_min_floor_100ms_contraction_all_engines/tmp/large_size/duckdb"", ""threads"": 1}",duckdb timed out after 0.1s
0178f99f577d5daadf00d6e75094b02961e3ee1399e848b2913896f0a2f5e309,/home/timlittau/Documents/InferQ/analysis/finetuned_rdbms_162/qpy/0178f99f577d5daadf00d6e75094b02961e3ee1399e848b2913896f0a2f5e309.qpy,11,41,0.5660648979246616,14902,54,4,50,duckdb,large_size,1,timeout,0.1164995098952204,0,19284,"{""max_temp_directory_size"": ""128GB"", ""memory_limit"": ""7409MB"", ""preserve_insertion_order"": true, ""temp_directory"": ""analysis/finetuned_rdbms_162_baseline_min_floor_100ms_contraction_all_engines/tmp/large_size/duckdb"", ""threads"": 1}",duckdb timed out after 0.1s
0178f99f577d5daadf00d6e75094b02961e3ee1399e848b2913896f0a2f5e309,/home/timlittau/Documents/InferQ/analysis/finetuned_rdbms_162/qpy/0178f99f577d5daadf00d6e75094b02961e3ee1399e848b2913896f0a2f5e309.qpy,11,41,0.5660648979246616,14902,54,4,50,postgres,large_size,0,success,0.05529551487416029,2048,148833,"{""effective_cache_size"": ""2GB"", ""from_collapse_limit"": 1, ""hash_mem_multiplier"": ""1.94"", ""jit"": ""off"", ""join_collapse_limit"": 4, ""max_parallel_workers_per_gather"": 0, ""temp_buffers"": ""65MB"", ""temp_file_limit"": ""-1"", ""work_mem"": ""55MB""}",
0178f99f577d5daadf00d6e75094b02961e3ee1399e848b2913896f0a2f5e309,/home/timlittau/Documents/InferQ/analysis/finetuned_rdbms_162/qpy/0178f99f577d5daadf00d6e75094b02961e3ee1399e848b2913896f0a2f5e309.qpy,11,41,0.5660648979246616,14902,54,4,50,postgres,large_size,1,success,0.05981329013593495,2048,139642,"{""effective_cache_size"": ""2GB"", ""from_collapse_limit"": 1, ""hash_mem_multiplier"": ""1.94"", ""jit"": ""off"", ""join_collapse_limit"": 4, ""max_parallel_workers_per_gather"": 0, ""temp_buffers"": ""65MB"", ""temp_file_limit"": ""-1"", ""work_mem"": ""55MB""}",
0179e7e54cc86cfeab7eabc67c78b1dd1fd9f614c717b062e0ff2b47697d1856,/home/timlittau/Documents/InferQ/analysis/finetuned_rdbms_162/qpy/0179e7e54cc86cfeab7eabc67c78b1dd1fd9f614c717b062e0ff2b47697d1856.qpy,4,19,0.17899092403240502,7539,28,7,21,sqlite,small_size,0,success,0.0030714028980582952,16,3807,"{""cache_mb"": 64, ""db_path"": "":memory:"", ""mmap_mb"": 0, ""temp_store"": ""MEMORY"", ""threads"": 1}",
0179e7e54cc86cfeab7eabc67c78b1dd1fd9f614c717b062e0ff2b47697d1856,/home/timlittau/Documents/InferQ/analysis/finetuned_rdbms_162/qpy/0179e7e54cc86cfeab7eabc67c78b1dd1fd9f614c717b062e0ff2b47697d1856.qpy,4,19,0.17899092403240502,7539,28,7,21,sqlite,small_size,1,success,0.002568658208474517,16,3807,"{""cache_mb"": 64, ""db_path"": "":memory:"", ""mmap_mb"": 0, ""temp_store"": ""MEMORY"", ""threads"": 1}",
0179e7e54cc86cfeab7eabc67c78b1dd1fd9f614c717b062e0ff2b47697d1856,/home/timlittau/Documents/InferQ/analysis/finetuned_rdbms_162/qpy/0179e7e54cc86cfeab7eabc67c78b1dd1fd9f614c717b062e0ff2b47697d1856.qpy,4,19,0.17899092403240502,7539,28,7,21,duckdb,small_size,0,success,0.019596949918195605,16,122656,"{""max_temp_directory_size"": ""256GB"", ""memory_limit"": ""10780MB"", ""preserve_insertion_order"": false, ""temp_directory"": ""analysis/finetuned_rdbms_162_baseline_min_floor_100ms_contraction_all_engines/tmp/small_size/duckdb"", ""threads"": 2}",
0179e7e54cc86cfeab7eabc67c78b1dd1fd9f614c717b062e0ff2b47697d1856,/home/timlittau/Documents/InferQ/analysis/finetuned_rdbms_162/qpy/0179e7e54cc86cfeab7eabc67c78b1dd1fd9f614c717b062e0ff2b47697d1856.qpy,4,19,0.17899092403240502,7539,28,7,21,duckdb,small_size,1,success,0.021779573056846857,16,11453,"{""max_temp_directory_size"": ""256GB"", ""memory_limit"": ""10780MB"", ""preserve_insertion_order"": false, ""temp_directory"": ""analysis/finetuned_rdbms_162_baseline_min_floor_100ms_contraction_all_engines/tmp/small_size/duckdb"", ""threads"": 2}",
0179e7e54cc86cfeab7eabc67c78b1dd1fd9f614c717b062e0ff2b47697d1856,/home/timlittau/Documents/InferQ/analysis/finetuned_rdbms_162/qpy/0179e7e54cc86cfeab7eabc67c78b1dd1fd9f614c717b062e0ff2b47697d1856.qpy,4,19,0.17899092403240502,7539,28,7,21,postgres,small_size,0,success,0.0063100410625338554,16,12257,"{""effective_cache_size"": ""8GB"", ""from_collapse_limit"": 1, ""hash_mem_multiplier"": ""2.0"", ""jit"": ""off"", ""join_collapse_limit"": 1, ""max_parallel_workers_per_gather"": 4, ""temp_buffers"": ""128MB"", ""temp_file_limit"": ""-1"", ""work_mem"": ""256MB""}",
0179e7e54cc86cfeab7eabc67c78b1dd1fd9f614c717b062e0ff2b47697d1856,/home/timlittau/Documents/InferQ/analysis/finetuned_rdbms_162/qpy/0179e7e54cc86cfeab7eabc67c78b1dd1fd9f614c717b062e0ff2b47697d1856.qpy,4,19,0.17899092403240502,7539,28,7,21,postgres,small_size,1,success,0.0043970339465886354,16,12208,"{""effective_cache_size"": ""8GB"", ""from_collapse_limit"": 1, ""hash_mem_multiplier"": ""2.0"", ""jit"": ""off"", ""join_collapse_limit"": 1, ""max_parallel_workers_per_gather"": 4, ""temp_buffers"": ""128MB"", ""temp_file_limit"": ""-1"", ""work_mem"": ""256MB""}",
017ef1b077232a041e15b7aea2c138f4b6595d502107450b8160427a09ec26bc,/home/timlittau/Documents/InferQ/analysis/finetuned_rdbms_162/qpy/017ef1b077232a041e15b7aea2c138f4b6595d502107450b8160427a09ec26bc.qpy,5,19,0.15708604105748236,7366,27,5,22,sqlite,small_size,0,success,0.002446100814267993,32,3951,"{""cache_mb"": 64, ""db_path"": "":memory:"", ""mmap_mb"": 0, ""temp_store"": ""MEMORY"", ""threads"": 1}",
017ef1b077232a041e15b7aea2c138f4b6595d502107450b8160427a09ec26bc,/home/timlittau/Documents/InferQ/analysis/finetuned_rdbms_162/qpy/017ef1b077232a041e15b7aea2c138f4b6595d502107450b8160427a09ec26bc.qpy,5,19,0.15708604105748236,7366,27,5,22,sqlite,small_size,1,success,0.0019066159147769213,32,3807,"{""cache_mb"": 64, ""db_path"": "":memory:"", ""mmap_mb"": 0, ""temp_store"": ""MEMORY"", ""threads"": 1}",
017ef1b077232a041e15b7aea2c138f4b6595d502107450b8160427a09ec26bc,/home/timlittau/Documents/InferQ/analysis/finetuned_rdbms_162/qpy/017ef1b077232a041e15b7aea2c138f4b6595d502107450b8160427a09ec26bc.qpy,5,19,0.15708604105748236,7366,27,5,22,duckdb,small_size,0,success,0.014199044089764357,32,11160,"{""max_temp_directory_size"": ""256GB"", ""memory_limit"": ""10780MB"", ""preserve_insertion_order"": false, ""temp_directory"": ""analysis/finetuned_rdbms_162_baseline_min_floor_100ms_contraction_all_engines/tmp/small_size/duckdb"", ""threads"": 2}",
017ef1b077232a041e15b7aea2c138f4b6595d502107450b8160427a09ec26bc,/home/timlittau/Documents/InferQ/analysis/finetuned_rdbms_162/qpy/017ef1b077232a041e15b7aea2c138f4b6595d502107450b8160427a09ec26bc.qpy,5,19,0.15708604105748236,7366,27,5,22,duckdb,small_size,1,success,0.015592531068250537,32,11248,"{""max_temp_directory_size"": ""256GB"", ""memory_limit"": ""10780MB"", ""preserve_insertion_order"": false, ""temp_directory"": ""analysis/finetuned_rdbms_162_baseline_min_floor_100ms_contraction_all_engines/tmp/small_size/duckdb"", ""threads"": 2}",
017ef1b077232a041e15b7aea2c138f4b6595d502107450b8160427a09ec26bc,/home/timlittau/Documents/InferQ/analysis/finetuned_rdbms_162/qpy/017ef1b077232a041e15b7aea2c138f4b6595d502107450b8160427a09ec26bc.qpy,5,19,0.15708604105748236,7366,27,5,22,postgres,small_size,0,success,0.0043648481369018555,32,12298,"{""effective_cache_size"": ""8GB"", ""from_collapse_limit"": 1, ""hash_mem_multiplier"": ""2.0"", ""jit"": ""off"", ""join_collapse_limit"": 1, ""max_parallel_workers_per_gather"": 4, ""temp_buffers"": ""128MB"", ""temp_file_limit"": ""-1"", ""work_mem"": ""256MB""}",
017ef1b077232a041e15b7aea2c138f4b6595d502107450b8160427a09ec26bc,/home/timlittau/Documents/InferQ/analysis/finetuned_rdbms_162/qpy/017ef1b077232a041e15b7aea2c138f4b6595d502107450b8160427a09ec26bc.qpy,5,19,0.15708604105748236,7366,27,5,22,postgres,small_size,1,success,0.004232477163895965,32,12298,"{""effective_cache_size"": ""8GB"", ""from_collapse_limit"": 1, ""hash_mem_multiplier"": ""2.0"", ""jit"": ""off"", ""join_collapse_limit"": 1, ""max_parallel_workers_per_gather"": 4, ""temp_buffers"": ""128MB"", ""temp_file_limit"": ""-1"", ""work_mem"": ""256MB""}",
017fcf8bae42ec21fd51df4f2295871a5772720fb8cff2ae0d763411639a82a3,/home/timlittau/Documents/InferQ/analysis/finetuned_rdbms_162/qpy/017fcf8bae42ec21fd51df4f2295871a5772720fb8cff2ae0d763411639a82a3.qpy,11,95,1.229704851983115,32667,109,5,104,sqlite,small_size,0,timeout,0.11364307696931064,0,3451917,"{""cache_mb"": 64, ""db_path"": "":memory:"", ""mmap_mb"": 0, ""temp_store"": ""MEMORY"", ""threads"": 1}",sqlite timed out after 0.1s
017fcf8bae42ec21fd51df4f2295871a5772720fb8cff2ae0d763411639a82a3,/home/timlittau/Documents/InferQ/analysis/finetuned_rdbms_162/qpy/017fcf8bae42ec21fd51df4f2295871a5772720fb8cff2ae0d763411639a82a3.qpy,11,95,1.229704851983115,32667,109,5,104,sqlite,small_size,1,timeout,0.11260174098424613,0,2298061,"{""cache_mb"": 64, ""db_path"": "":memory:"", ""mmap_mb"": 0, ""temp_store"": ""MEMORY"", ""threads"": 1}",sqlite timed out after 0.1s
017fcf8bae42ec21fd51df4f2295871a5772720fb8cff2ae0d763411639a82a3,/home/timlittau/Documents/InferQ/analysis/finetuned_rdbms_162/qpy/017fcf8bae42ec21fd51df4f2295871a5772720fb8cff2ae0d763411639a82a3.qpy,11,95,1.229704851983115,32667,109,5,104,duckdb,small_size,0,timeout,0.10631311009638011,0,37085,"{""max_temp_directory_size"": ""256GB"", ""memory_limit"": ""10780MB"", ""preserve_insertion_order"": false, ""temp_directory"": ""analysis/finetuned_rdbms_162_baseline_min_floor_100ms_contraction_all_engines/tmp/small_size/duckdb"", ""threads"": 2}",duckdb timed out after 0.1s
017fcf8bae42ec21fd51df4f2295871a5772720fb8cff2ae0d763411639a82a3,/home/timlittau/Documents/InferQ/analysis/finetuned_rdbms_162/qpy/017fcf8bae42ec21fd51df4f2295871a5772720fb8cff2ae0d763411639a82a3.qpy,11,95,1.229704851983115,32667,109,5,104,duckdb,small_size,1,timeout,0.11978468904271722,0,36549,"{""max_temp_directory_size"": ""256GB"", ""memory_limit"": ""10780MB"", ""preserve_insertion_order"": false, ""temp_directory"": ""analysis/finetuned_rdbms_162_baseline_min_floor_100ms_contraction_all_engines/tmp/small_size/duckdb"", ""threads"": 2}",duckdb timed out after 0.1s
017fcf8bae42ec21fd51df4f2295871a5772720fb8cff2ae0d763411639a82a3,/home/timlittau/Documents/InferQ/analysis/finetuned_rdbms_162/qpy/017fcf8bae42ec21fd51df4f2295871a5772720fb8cff2ae0d763411639a82a3.qpy,11,95,1.229704851983115,32667,109,5,104,postgres,small_size,0,timeout,0.11068333382718265,0,38521,"{""effective_cache_size"": ""8GB"", ""from_collapse_limit"": 1, ""hash_mem_multiplier"": ""2.0"", ""jit"": ""off"", ""join_collapse_limit"": 1, ""max_parallel_workers_per_gather"": 4, ""temp_buffers"": ""128MB"", ""temp_file_limit"": ""-1"", ""work_mem"": ""256MB""}",postgres timed out after 0.1s
017fcf8bae42ec21fd51df4f2295871a5772720fb8cff2ae0d763411639a82a3,/home/timlittau/Documents/InferQ/analysis/finetuned_rdbms_162/qpy/017fcf8bae42ec21fd51df4f2295871a5772720fb8cff2ae0d763411639a82a3.qpy,11,95,1.229704851983115,32667,109,5,104,postgres,small_size,1,timeout,0.11096621514298022,0,38521,"{""effective_cache_size"": ""8GB"", ""from_collapse_limit"": 1, ""hash_mem_multiplier"": ""2.0"", ""jit"": ""off"", ""join_collapse_limit"": 1, ""max_parallel_workers_per_gather"": 4, ""temp_buffers"": ""128MB"", ""temp_file_limit"": ""-1"", ""work_mem"": ""256MB""}",postgres timed out after 0.1s
018b133aff784f16972d71028d5590bdc243844d2011f51bc840da6526bc1985,/home/timlittau/Documents/InferQ/analysis/finetuned_rdbms_162/qpy/018b133aff784f16972d71028d5590bdc243844d2011f51bc840da6526bc1985.qpy,10,24,0.3684465589467436,9824,37,5,32,sqlite,large_size,0,success,0.005286078900098801,128,8491,"{""cache_mb"": 128, ""db_path"": ""analysis/finetuned_rdbms_162_baseline_min_floor_100ms_contraction_all_engines/tmp/large_size/sqlite/bench.db"", ""mmap_mb"": 128, ""temp_store"": ""MEMORY"", ""threads"": 1}",
018b133aff784f16972d71028d5590bdc243844d2011f51bc840da6526bc1985,/home/timlittau/Documents/InferQ/analysis/finetuned_rdbms_162/qpy/018b133aff784f16972d71028d5590bdc243844d2011f51bc840da6526bc1985.qpy,10,24,0.3684465589467436,9824,37,5,32,sqlite,large_size,1,success,0.004712345078587532,128,7939,"{""cache_mb"": 128, ""db_path"": ""analysis/finetuned_rdbms_162_baseline_min_floor_100ms_contraction_all_engines/tmp/large_size/sqlite/bench.db"", ""mmap_mb"": 128, ""temp_store"": ""MEMORY"", ""threads"": 1}",
018b133aff784f16972d71028d5590bdc243844d2011f51bc840da6526bc1985,/home/timlittau/Documents/InferQ/analysis/finetuned_rdbms_162/qpy/018b133aff784f16972d71028d5590bdc243844d2011f51bc840da6526bc1985.qpy,10,24,0.3684465589467436,9824,37,5,32,duckdb,large_size,0,success,0.09049270092509687,128,14654,"{""max_temp_directory_size"": ""128GB"", ""memory_limit"": ""7409MB"", ""preserve_insertion_order"": true, ""temp_directory"": ""analysis/finetuned_rdbms_162_baseline_min_floor_100ms_contraction_all_engines/tmp/large_size/duckdb"", ""threads"": 1}",
018b133aff784f16972d71028d5590bdc243844d2011f51bc840da6526bc1985,/home/timlittau/Documents/InferQ/analysis/finetuned_rdbms_162/qpy/018b133aff784f16972d71028d5590bdc243844d2011f51bc840da6526bc1985.qpy,10,24,0.3684465589467436,9824,37,5,32,duckdb,large_size,1,success,0.09098164411261678,128,14020,"{""max_temp_directory_size"": ""128GB"", ""memory_limit"": ""7409MB"", ""preserve_insertion_order"": true, ""temp_directory"": ""analysis/finetuned_rdbms_162_baseline_min_floor_100ms_contraction_all_engines/tmp/large_size/duckdb"", ""threads"": 1}",
018b133aff784f16972d71028d5590bdc243844d2011f51bc840da6526bc1985,/home/timlittau/Documents/InferQ/analysis/finetuned_rdbms_162/qpy/018b133aff784f16972d71028d5590bdc243844d2011f51bc840da6526bc1985.qpy,10,24,0.3684465589467436,9824,37,5,32,postgres,large_size,0,success,0.01111752400174737,128,19757,"{""effective_cache_size"": ""2GB"", ""from_collapse_limit"": 1, ""hash_mem_multiplier"": ""1.94"", ""jit"": ""off"", ""join_collapse_limit"": 4, ""max_parallel_workers_per_gather"": 0, ""temp_buffers"": ""65MB"", ""temp_file_limit"": ""-1"", ""work_mem"": ""55MB""}",
018b133aff784f16972d71028d5590bdc243844d2011f51bc840da6526bc1985,/home/timlittau/Documents/InferQ/analysis/finetuned_rdbms_162/qpy/018b133aff784f16972d71028d5590bdc243844d2011f51bc840da6526bc1985.qpy,10,24,0.3684465589467436,9824,37,5,32,postgres,large_size,1,success,0.010954068042337894,128,19757,"{""effective_cache_size"": ""2GB"", ""from_collapse_limit"": 1, ""hash_mem_multiplier"": ""1.94"", ""jit"": ""off"", ""join_collapse_limit"": 4, ""max_parallel_workers_per_gather"": 0, ""temp_buffers"": ""65MB"", ""temp_file_limit"": ""-1"", ""work_mem"": ""55MB""}",
01a10545701a92cb3c1be91397db2756b215bc59ee41838115cec1ef9aa723fe,/home/timlittau/Documents/InferQ/analysis/finetuned_rdbms_162/qpy/01a10545701a92cb3c1be91397db2756b215bc59ee41838115cec1ef9aa723fe.qpy,13,2,0.0438474859111011,3419,15,2,13,sqlite,large_size,0,success,0.0013763192109763622,4,3669,"{""cache_mb"": 128, ""db_path"": ""analysis/finetuned_rdbms_162_baseline_min_floor_100ms_contraction_all_engines/tmp/large_size/sqlite/bench.db"", ""mmap_mb"": 128, ""temp_store"": ""MEMORY"", ""threads"": 1}",
01a10545701a92cb3c1be91397db2756b215bc59ee41838115cec1ef9aa723fe,/home/timlittau/Documents/InferQ/analysis/finetuned_rdbms_162/qpy/01a10545701a92cb3c1be91397db2756b215bc59ee41838115cec1ef9aa723fe.qpy,13,2,0.0438474859111011,3419,15,2,13,sqlite,large_size,1,success,0.0012479498982429504,4,3669,"{""cache_mb"": 128, ""db_path"": ""analysis/finetuned_rdbms_162_baseline_min_floor_100ms_contraction_all_engines/tmp/large_size/sqlite/bench.db"", ""mmap_mb"": 128, ""temp_store"": ""MEMORY"", ""threads"": 1}",
01a10545701a92cb3c1be91397db2756b215bc59ee41838115cec1ef9aa723fe,/home/timlittau/Documents/InferQ/analysis/finetuned_rdbms_162/qpy/01a10545701a92cb3c1be91397db2756b215bc59ee41838115cec1ef9aa723fe.qpy,13,2,0.0438474859111011,3419,15,2,13,duckdb,large_size,0,success,0.012968125054612756,4,7495,"{""max_temp_directory_size"": ""128GB"", ""memory_limit"": ""7409MB"", ""preserve_insertion_order"": true, ""temp_directory"": ""analysis/finetuned_rdbms_162_baseline_min_floor_100ms_contraction_all_engines/tmp/large_size/duckdb"", ""threads"": 1}",
01a10545701a92cb3c1be91397db2756b215bc59ee41838115cec1ef9aa723fe,/home/timlittau/Documents/InferQ/analysis/finetuned_rdbms_162/qpy/01a10545701a92cb3c1be91397db2756b215bc59ee41838115cec1ef9aa723fe.qpy,13,2,0.0438474859111011,3419,15,2,13,duckdb,large_size,1,success,0.013799280859529972,4,7363,"{""max_temp_directory_size"": ""128GB"", ""memory_limit"": ""7409MB"", ""preserve_insertion_order"": true, ""temp_directory"": ""analysis/finetuned_rdbms_162_baseline_min_floor_100ms_contraction_all_engines/tmp/large_size/duckdb"", ""threads"": 1}",
01a10545701a92cb3c1be91397db2756b215bc59ee41838115cec1ef9aa723fe,/home/timlittau/Documents/InferQ/analysis/finetuned_rdbms_162/qpy/01a10545701a92cb3c1be91397db2756b215bc59ee41838115cec1ef9aa723fe.qpy,13,2,0.0438474859111011,3419,15,2,13,postgres,large_size,0,success,0.0033335688058286905,4,8880,"{""effective_cache_size"": ""2GB"", ""from_collapse_limit"": 1, ""hash_mem_multiplier"": ""1.94"", ""jit"": ""off"", ""join_collapse_limit"": 4, ""max_parallel_workers_per_gather"": 0, ""temp_buffers"": ""65MB"", ""temp_file_limit"": ""-1"", ""work_mem"": ""55MB""}",
01a10545701a92cb3c1be91397db2756b215bc59ee41838115cec1ef9aa723fe,/home/timlittau/Documents/InferQ/analysis/finetuned_rdbms_162/qpy/01a10545701a92cb3c1be91397db2756b215bc59ee41838115cec1ef9aa723fe.qpy,13,2,0.0438474859111011,3419,15,2,13,postgres,large_size,1,success,0.003434667130932212,4,8880,"{""effective_cache_size"": ""2GB"", ""from_collapse_limit"": 1, ""hash_mem_multiplier"": ""1.94"", ""jit"": ""off"", ""join_collapse_limit"": 4, ""max_parallel_workers_per_gather"": 0, ""temp_buffers"": ""65MB"", ""temp_file_limit"": ""-1"", ""work_mem"": ""55MB""}",
01b9a092cc3518f1d8d4c1a002966b86a56838d272061cb4593c0bdf34d1a86f,/home/timlittau/Documents/InferQ/analysis/finetuned_rdbms_162/qpy/01b9a092cc3518f1d8d4c1a002966b86a56838d272061cb4593c0bdf34d1a86f.qpy,4,22,0.2545272239949554,8936,32,8,24,sqlite,small_size,0,success,0.0038523259572684765,16,123287,"{""cache_mb"": 64, ""db_path"": "":memory:"", ""mmap_mb"": 0, ""temp_store"": ""MEMORY"", ""threads"": 1}",
01b9a092cc3518f1d8d4c1a002966b86a56838d272061cb4593c0bdf34d1a86f,/home/timlittau/Documents/InferQ/analysis/finetuned_rdbms_162/qpy/01b9a092cc3518f1d8d4c1a002966b86a56838d272061cb4593c0bdf34d1a86f.qpy,4,22,0.2545272239949554,8936,32,8,24,sqlite,small_size,1,success,0.005450694123283029,16,3807,"{""cache_mb"": 64, ""db_path"": "":memory:"", ""mmap_mb"": 0, ""temp_store"": ""MEMORY"", ""threads"": 1}",
01b9a092cc3518f1d8d4c1a002966b86a56838d272061cb4593c0bdf34d1a86f,/home/timlittau/Documents/InferQ/analysis/finetuned_rdbms_162/qpy/01b9a092cc3518f1d8d4c1a002966b86a56838d272061cb4593c0bdf34d1a86f.qpy,4,22,0.2545272239949554,8936,32,8,24,duckdb,small_size,0,success,0.09645326901227236,16,3805947,"{""max_temp_directory_size"": ""256GB"", ""memory_limit"": ""10780MB"", ""preserve_insertion_order"": false, ""temp_directory"": ""analysis/finetuned_rdbms_162_baseline_min_floor_100ms_contraction_all_engines/tmp/small_size/duckdb"", ""threads"": 2}",
01b9a092cc3518f1d8d4c1a002966b86a56838d272061cb4593c0bdf34d1a86f,/home/timlittau/Documents/InferQ/analysis/finetuned_rdbms_162/qpy/01b9a092cc3518f1d8d4c1a002966b86a56838d272061cb4593c0bdf34d1a86f.qpy,4,22,0.2545272239949554,8936,32,8,24,duckdb,small_size,1,success,0.032218951964750886,16,13452,"{""max_temp_directory_size"": ""256GB"", ""memory_limit"": ""10780MB"", ""preserve_insertion_order"": false, ""temp_directory"": ""analysis/finetuned_rdbms_162_baseline_min_floor_100ms_contraction_all_engines/tmp/small_size/duckdb"", ""threads"": 2}",
01b9a092cc3518f1d8d4c1a002966b86a56838d272061cb4593c0bdf34d1a86f,/home/timlittau/Documents/InferQ/analysis/finetuned_rdbms_162/qpy/01b9a092cc3518f1d8d4c1a002966b86a56838d272061cb4593c0bdf34d1a86f.qpy,4,22,0.2545272239949554,8936,32,8,24,postgres,small_size,0,success,0.005323474993929267,16,13652,"{""effective_cache_size"": ""8GB"", ""from_collapse_limit"": 1, ""hash_mem_multiplier"": ""2.0"", ""jit"": ""off"", ""join_collapse_limit"": 1, ""max_parallel_workers_per_gather"": 4, ""temp_buffers"": ""128MB"", ""temp_file_limit"": ""-1"", ""work_mem"": ""256MB""}",
01b9a092cc3518f1d8d4c1a002966b86a56838d272061cb4593c0bdf34d1a86f,/home/timlittau/Documents/InferQ/analysis/finetuned_rdbms_162/qpy/01b9a092cc3518f1d8d4c1a002966b86a56838d272061cb4593c0bdf34d1a86f.qpy,4,22,0.2545272239949554,8936,32,8,24,postgres,small_size,1,success,0.008236113004386425,16,13652,"{""effective_cache_size"": ""8GB"", ""from_collapse_limit"": 1, ""hash_mem_multiplier"": ""2.0"", ""jit"": ""off"", ""join_collapse_limit"": 1, ""max_parallel_workers_per_gather"": 4, ""temp_buffers"": ""128MB"", ""temp_file_limit"": ""-1"", ""work_mem"": ""256MB""}",
01bd19794d6052ab271e3606a6fbaed0d8452dcb20ad34b55bc7dc0c48cefc41,/home/timlittau/Documents/InferQ/analysis/finetuned_rdbms_162/qpy/01bd19794d6052ab271e3606a6fbaed0d8452dcb20ad34b55bc7dc0c48cefc41.qpy,7,44,0.44628048804588616,15004,55,6,49,sqlite,large_size,0,success,0.006838294910266995,128,7939,"{""cache_mb"": 128, ""db_path"": ""analysis/finetuned_rdbms_162_baseline_min_floor_100ms_contraction_all_engines/tmp/large_size/sqlite/bench.db"", ""mmap_mb"": 128, ""temp_store"": ""MEMORY"", ""threads"": 1}",
01bd19794d6052ab271e3606a6fbaed0d8452dcb20ad34b55bc7dc0c48cefc41,/home/timlittau/Documents/InferQ/analysis/finetuned_rdbms_162/qpy/01bd19794d6052ab271e3606a6fbaed0d8452dcb20ad34b55bc7dc0c48cefc41.qpy,7,44,0.44628048804588616,15004,55,6,49,sqlite,large_size,1,success,0.006102621089667082,128,7939,"{""cache_mb"": 128, ""db_path"": ""analysis/finetuned_rdbms_162_baseline_min_floor_100ms_contraction_all_engines/tmp/large_size/sqlite/bench.db"", ""mmap_mb"": 128, ""temp_store"": ""MEMORY"", ""threads"": 1}",
01bd19794d6052ab271e3606a6fbaed0d8452dcb20ad34b55bc7dc0c48cefc41,/home/timlittau/Documents/InferQ/analysis/finetuned_rdbms_162/qpy/01bd19794d6052ab271e3606a6fbaed0d8452dcb20ad34b55bc7dc0c48cefc41.qpy,7,44,0.44628048804588616,15004,55,6,49,duckdb,large_size,0,success,0.07213279604911804,128,18890,"{""max_temp_directory_size"": ""128GB"", ""memory_limit"": ""7409MB"", ""preserve_insertion_order"": true, ""temp_directory"": ""analysis/finetuned_rdbms_162_baseline_min_floor_100ms_contraction_all_engines/tmp/large_size/duckdb"", ""threads"": 1}",
01bd19794d6052ab271e3606a6fbaed0d8452dcb20ad34b55bc7dc0c48cefc41,/home/timlittau/Documents/InferQ/analysis/finetuned_rdbms_162/qpy/01bd19794d6052ab271e3606a6fbaed0d8452dcb20ad34b55bc7dc0c48cefc41.qpy,7,44,0.44628048804588616,15004,55,6,49,duckdb,large_size,1,success,0.07145367795601487,128,19010,"{""max_temp_directory_size"": ""128GB"", ""memory_limit"": ""7409MB"", ""preserve_insertion_order"": true, ""temp_directory"": ""analysis/finetuned_rdbms_162_baseline_min_floor_100ms_contraction_all_engines/tmp/large_size/duckdb"", ""threads"": 1}",
01bd19794d6052ab271e3606a6fbaed0d8452dcb20ad34b55bc7dc0c48cefc41,/home/timlittau/Documents/InferQ/analysis/finetuned_rdbms_162/qpy/01bd19794d6052ab271e3606a6fbaed0d8452dcb20ad34b55bc7dc0c48cefc41.qpy,7,44,0.44628048804588616,15004,55,6,49,postgres,large_size,0,success,0.01262370403856039,128,24674,"{""effective_cache_size"": ""2GB"", ""from_collapse_limit"": 1, ""hash_mem_multiplier"": ""1.94"", ""jit"": ""off"", ""join_collapse_limit"": 4, ""max_parallel_workers_per_gather"": 0, ""temp_buffers"": ""65MB"", ""temp_file_limit"": ""-1"", ""work_mem"": ""55MB""}",
01bd19794d6052ab271e3606a6fbaed0d8452dcb20ad34b55bc7dc0c48cefc41,/home/timlittau/Documents/InferQ/analysis/finetuned_rdbms_162/qpy/01bd19794d6052ab271e3606a6fbaed0d8452dcb20ad34b55bc7dc0c48cefc41.qpy,7,44,0.44628048804588616,15004,55,6,49,postgres,large_size,1,success,0.03239892818965018,128,139990,"{""effective_cache_size"": ""2GB"", ""from_collapse_limit"": 1, ""hash_mem_multiplier"": ""1.94"", ""jit"": ""off"", ""join_collapse_limit"": 4, ""max_parallel_workers_per_gather"": 0, ""temp_buffers"": ""65MB"", ""temp_file_limit"": ""-1"", ""work_mem"": ""55MB""}",
01bf61e070b2ff29591934e1c5e85af73658bf5e2d3db39bc2b9638186e6fa8a,/home/timlittau/Documents/InferQ/analysis/finetuned_rdbms_162/qpy/01bf61e070b2ff29591934e1c5e85af73658bf5e2d3db39bc2b9638186e6fa8a.qpy,5,54,0.5357160030398518,18002,65,8,57,sqlite,small_size,0,success,0.009617735166102648,32,3807,"{""cache_mb"": 64, ""db_path"": "":memory:"", ""mmap_mb"": 0, ""temp_store"": ""MEMORY"", ""threads"": 1}",
01bf61e070b2ff29591934e1c5e85af73658bf5e2d3db39bc2b9638186e6fa8a,/home/timlittau/Documents/InferQ/analysis/finetuned_rdbms_162/qpy/01bf61e070b2ff29591934e1c5e85af73658bf5e2d3db39bc2b9638186e6fa8a.qpy,5,54,0.5357160030398518,18002,65,8,57,sqlite,small_size,1,success,0.009035313967615366,32,3807,"{""cache_mb"": 64, ""db_path"": "":memory:"", ""mmap_mb"": 0, ""temp_store"": ""MEMORY"", ""threads"": 1}",
01bf61e070b2ff29591934e1c5e85af73658bf5e2d3db39bc2b9638186e6fa8a,/home/timlittau/Documents/InferQ/analysis/finetuned_rdbms_162/qpy/01bf61e070b2ff29591934e1c5e85af73658bf5e2d3db39bc2b9638186e6fa8a.qpy,5,54,0.5357160030398518,18002,65,8,57,duckdb,small_size,0,timeout,0.1162184199783951,0,22416,"{""max_temp_directory_size"": ""256GB"", ""memory_limit"": ""10780MB"", ""preserve_insertion_order"": false, ""temp_directory"": ""analysis/finetuned_rdbms_162_baseline_min_floor_100ms_contraction_all_engines/tmp/small_size/duckdb"", ""threads"": 2}",duckdb timed out after 0.1s
01bf61e070b2ff29591934e1c5e85af73658bf5e2d3db39bc2b9638186e6fa8a,/home/timlittau/Documents/InferQ/analysis/finetuned_rdbms_162/qpy/01bf61e070b2ff29591934e1c5e85af73658bf5e2d3db39bc2b9638186e6fa8a.qpy,5,54,0.5357160030398518,18002,65,8,57,duckdb,small_size,1,timeout,0.12215092894621193,0,21764,"{""max_temp_directory_size"": ""256GB"", ""memory_limit"": ""10780MB"", ""preserve_insertion_order"": false, ""temp_directory"": ""analysis/finetuned_rdbms_162_baseline_min_floor_100ms_contraction_all_engines/tmp/small_size/duckdb"", ""threads"": 2}",duckdb timed out after 0.1s
01bf61e070b2ff29591934e1c5e85af73658bf5e2d3db39bc2b9638186e6fa8a,/home/timlittau/Documents/InferQ/analysis/finetuned_rdbms_162/qpy/01bf61e070b2ff29591934e1c5e85af73658bf5e2d3db39bc2b9638186e6fa8a.qpy,5,54,0.5357160030398518,18002,65,8,57,postgres,small_size,0,success,0.024114787112921476,32,22934,"{""effective_cache_size"": ""8GB"", ""from_collapse_limit"": 1, ""hash_mem_multiplier"": ""2.0"", ""jit"": ""off"", ""join_collapse_limit"": 1, ""max_parallel_workers_per_gather"": 4, ""temp_buffers"": ""128MB"", ""temp_file_limit"": ""-1"", ""work_mem"": ""256MB""}",
01bf61e070b2ff29591934e1c5e85af73658bf5e2d3db39bc2b9638186e6fa8a,/home/timlittau/Documents/InferQ/analysis/finetuned_rdbms_162/qpy/01bf61e070b2ff29591934e1c5e85af73658bf5e2d3db39bc2b9638186e6fa8a.qpy,5,54,0.5357160030398518,18002,65,8,57,postgres,small_size,1,success,0.022873688023537397,32,22934,"{""effective_cache_size"": ""8GB"", ""from_collapse_limit"": 1, ""hash_mem_multiplier"": ""2.0"", ""jit"": ""off"", ""join_collapse_limit"": 1, ""max_parallel_workers_per_gather"": 4, ""temp_buffers"": ""128MB"", ""temp_file_limit"": ""-1"", ""work_mem"": ""256MB""}",
01c5f9d62a25d0f0668aa4d2a660a79cd9c494ef1040852e3a0d3d64ab8ab142,/home/timlittau/Documents/InferQ/analysis/finetuned_rdbms_162/qpy/01c5f9d62a25d0f0668aa4d2a660a79cd9c494ef1040852e3a0d3d64ab8ab142.qpy,8,30,0.4180119279772043,10822,41,5,36,sqlite,large_size,0,success,0.009161025984212756,256,45995,"{""cache_mb"": 128, ""db_path"": ""analysis/finetuned_rdbms_162_baseline_min_floor_100ms_contraction_all_engines/tmp/large_size/sqlite/bench.db"", ""mmap_mb"": 128, ""temp_store"": ""MEMORY"", ""threads"": 1}",
01c5f9d62a25d0f0668aa4d2a660a79cd9c494ef1040852e3a0d3d64ab8ab142,/home/timlittau/Documents/InferQ/analysis/finetuned_rdbms_162/qpy/01c5f9d62a25d0f0668aa4d2a660a79cd9c494ef1040852e3a0d3d64ab8ab142.qpy,8,30,0.4180119279772043,10822,41,5,36,sqlite,large_size,1,success,0.008589134085923433,256,15203,"{""cache_mb"": 128, ""db_path"": ""analysis/finetuned_rdbms_162_baseline_min_floor_100ms_contraction_all_engines/tmp/large_size/sqlite/bench.db"", ""mmap_mb"": 128, ""temp_store"": ""MEMORY"", ""threads"": 1}",
01c5f9d62a25d0f0668aa4d2a660a79cd9c494ef1040852e3a0d3d64ab8ab142,/home/timlittau/Documents/InferQ/analysis/finetuned_rdbms_162/qpy/01c5f9d62a25d0f0668aa4d2a660a79cd9c494ef1040852e3a0d3d64ab8ab142.qpy,8,30,0.4180119279772043,10822,41,5,36,duckdb,large_size,0,success,0.040571631863713264,256,16029,"{""max_temp_directory_size"": ""128GB"", ""memory_limit"": ""7409MB"", ""preserve_insertion_order"": true, ""temp_directory"": ""analysis/finetuned_rdbms_162_baseline_min_floor_100ms_contraction_all_engines/tmp/large_size/duckdb"", ""threads"": 1}",
01c5f9d62a25d0f0668aa4d2a660a79cd9c494ef1040852e3a0d3d64ab8ab142,/home/timlittau/Documents/InferQ/analysis/finetuned_rdbms_162/qpy/01c5f9d62a25d0f0668aa4d2a660a79cd9c494ef1040852e3a0d3d64ab8ab142.qpy,8,30,0.4180119279772043,10822,41,5,36,duckdb,large_size,1,success,0.04056056006811559,256,15873,"{""max_temp_directory_size"": ""128GB"", ""memory_limit"": ""7409MB"", ""preserve_insertion_order"": true, ""temp_directory"": ""analysis/finetuned_rdbms_162_baseline_min_floor_100ms_contraction_all_engines/tmp/large_size/duckdb"", ""threads"": 1}",
01c5f9d62a25d0f0668aa4d2a660a79cd9c494ef1040852e3a0d3d64ab8ab142,/home/timlittau/Documents/InferQ/analysis/finetuned_rdbms_162/qpy/01c5f9d62a25d0f0668aa4d2a660a79cd9c494ef1040852e3a0d3d64ab8ab142.qpy,8,30,0.4180119279772043,10822,41,5,36,postgres,large_size,0,success,0.015287318034097552,256,27868,"{""effective_cache_size"": ""2GB"", ""from_collapse_limit"": 1, ""hash_mem_multiplier"": ""1.94"", ""jit"": ""off"", ""join_collapse_limit"": 4, ""max_parallel_workers_per_gather"": 0, ""temp_buffers"": ""65MB"", ""temp_file_limit"": ""-1"", ""work_mem"": ""55MB""}",
01c5f9d62a25d0f0668aa4d2a660a79cd9c494ef1040852e3a0d3d64ab8ab142,/home/timlittau/Documents/InferQ/analysis/finetuned_rdbms_162/qpy/01c5f9d62a25d0f0668aa4d2a660a79cd9c494ef1040852e3a0d3d64ab8ab142.qpy,8,30,0.4180119279772043,10822,41,5,36,postgres,large_size,1,success,0.014912026934325695,256,27748,"{""effective_cache_size"": ""2GB"", ""from_collapse_limit"": 1, ""hash_mem_multiplier"": ""1.94"", ""jit"": ""off"", ""join_collapse_limit"": 4, ""max_parallel_workers_per_gather"": 0, ""temp_buffers"": ""65MB"", ""temp_file_limit"": ""-1"", ""work_mem"": ""55MB""}",
01c654ce022402fedb4a36c26aab8a8017d564dd765910839f56a2398c0b4dac,/home/timlittau/Documents/InferQ/analysis/finetuned_rdbms_162/qpy/01c654ce022402fedb4a36c26aab8a8017d564dd765910839f56a2398c0b4dac.qpy,10,16,0.1573872051667422,7212,28,4,24,sqlite,small_size,0,success,0.008900918066501617,64,4551,"{""cache_mb"": 64, ""db_path"": "":memory:"", ""mmap_mb"": 0, ""temp_store"": ""MEMORY"", ""threads"": 1}",
01c654ce022402fedb4a36c26aab8a8017d564dd765910839f56a2398c0b4dac,/home/timlittau/Documents/InferQ/analysis/finetuned_rdbms_162/qpy/01c654ce022402fedb4a36c26aab8a8017d564dd765910839f56a2398c0b4dac.qpy,10,16,0.1573872051667422,7212,28,4,24,sqlite,small_size,1,success,0.006812495877966285,64,4551,"{""cache_mb"": 64, ""db_path"": "":memory:"", ""mmap_mb"": 0, ""temp_store"": ""MEMORY"", ""threads"": 1}",
01c654ce022402fedb4a36c26aab8a8017d564dd765910839f56a2398c0b4dac,/home/timlittau/Documents/InferQ/analysis/finetuned_rdbms_162/qpy/01c654ce022402fedb4a36c26aab8a8017d564dd765910839f56a2398c0b4dac.qpy,10,16,0.1573872051667422,7212,28,4,24,duckdb,small_size,0,success,0.0674821010325104,64,11468,"{""max_temp_directory_size"": ""256GB"", ""memory_limit"": ""10780MB"", ""preserve_insertion_order"": false, ""temp_directory"": ""analysis/finetuned_rdbms_162_baseline_min_floor_100ms_contraction_all_engines/tmp/small_size/duckdb"", ""threads"": 2}",
01c654ce022402fedb4a36c26aab8a8017d564dd765910839f56a2398c0b4dac,/home/timlittau/Documents/InferQ/analysis/finetuned_rdbms_162/qpy/01c654ce022402fedb4a36c26aab8a8017d564dd765910839f56a2398c0b4dac.qpy,10,16,0.1573872051667422,7212,28,4,24,duckdb,small_size,1,success,0.03734735888428986,64,11280,"{""max_temp_directory_size"": ""256GB"", ""memory_limit"": ""10780MB"", ""preserve_insertion_order"": false, ""temp_directory"": ""analysis/finetuned_rdbms_162_baseline_min_floor_100ms_contraction_all_engines/tmp/small_size/duckdb"", ""threads"": 2}",
01c654ce022402fedb4a36c26aab8a8017d564dd765910839f56a2398c0b4dac,/home/timlittau/Documents/InferQ/analysis/finetuned_rdbms_162/qpy/01c654ce022402fedb4a36c26aab8a8017d564dd765910839f56a2398c0b4dac.qpy,10,16,0.1573872051667422,7212,28,4,24,postgres,small_size,0,success,0.01212441991083324,64,13560,"{""effective_cache_size"": ""8GB"", ""from_collapse_limit"": 1, ""hash_mem_multiplier"": ""2.0"", ""jit"": ""off"", ""join_collapse_limit"": 1, ""max_parallel_workers_per_gather"": 4, ""temp_buffers"": ""128MB"", ""temp_file_limit"": ""-1"", ""work_mem"": ""256MB""}",
01c654ce022402fedb4a36c26aab8a8017d564dd765910839f56a2398c0b4dac,/home/timlittau/Documents/InferQ/analysis/finetuned_rdbms_162/qpy/01c654ce022402fedb4a36c26aab8a8017d564dd765910839f56a2398c0b4dac.qpy,10,16,0.1573872051667422,7212,28,4,24,postgres,small_size,1,success,0.007718684151768684,64,13560,"{""effective_cache_size"": ""8GB"", ""from_collapse_limit"": 1, ""hash_mem_multiplier"": ""2.0"", ""jit"": ""off"", ""join_collapse_limit"": 1, ""max_parallel_workers_per_gather"": 4, ""temp_buffers"": ""128MB"", ""temp_file_limit"": ""-1"", ""work_mem"": ""256MB""}",
01ddb718a384a988e2aa004a3d489e84304582a524598f1a41792a5d427752da,/home/timlittau/Documents/InferQ/analysis/finetuned_rdbms_162/qpy/01ddb718a384a988e2aa004a3d489e84304582a524598f1a41792a5d427752da.qpy,15,79,0.8779582369606942,27437,97,5,92,sqlite,large_size,0,timeout,0.20198176614940166,0,3951,"{""cache_mb"": 128, ""db_path"": ""analysis/finetuned_rdbms_162_baseline_min_floor_100ms_contraction_all_engines/tmp/large_size/sqlite/bench.db"", ""mmap_mb"": 128, ""temp_store"": ""MEMORY"", ""threads"": 1}",sqlite timed out after 0.1s
01ddb718a384a988e2aa004a3d489e84304582a524598f1a41792a5d427752da,/home/timlittau/Documents/InferQ/analysis/finetuned_rdbms_162/qpy/01ddb718a384a988e2aa004a3d489e84304582a524598f1a41792a5d427752da.qpy,15,79,0.8779582369606942,27437,97,5,92,sqlite,large_size,1,timeout,0.16948390705510974,0,3894,"{""cache_mb"": 128, ""db_path"": ""analysis/finetuned_rdbms_162_baseline_min_floor_100ms_contraction_all_engines/tmp/large_size/sqlite/bench.db"", ""mmap_mb"": 128, ""temp_store"": ""MEMORY"", ""threads"": 1}",sqlite timed out after 0.1s
01ddb718a384a988e2aa004a3d489e84304582a524598f1a41792a5d427752da,/home/timlittau/Documents/InferQ/analysis/finetuned_rdbms_162/qpy/01ddb718a384a988e2aa004a3d489e84304582a524598f1a41792a5d427752da.qpy,15,79,0.8779582369606942,27437,97,5,92,duckdb,large_size,0,timeout,0.11120684701018035,0,31443,"{""max_temp_directory_size"": ""128GB"", ""memory_limit"": ""7409MB"", ""preserve_insertion_order"": true, ""temp_directory"": ""analysis/finetuned_rdbms_162_baseline_min_floor_100ms_contraction_all_engines/tmp/large_size/duckdb"", ""threads"": 1}",duckdb timed out after 0.1s
01ddb718a384a988e2aa004a3d489e84304582a524598f1a41792a5d427752da,/home/timlittau/Documents/InferQ/analysis/finetuned_rdbms_162/qpy/01ddb718a384a988e2aa004a3d489e84304582a524598f1a41792a5d427752da.qpy,15,79,0.8779582369606942,27437,97,5,92,duckdb,large_size,1,timeout,0.11913990695029497,0,33067,"{""max_temp_directory_size"": ""128GB"", ""memory_limit"": ""7409MB"", ""preserve_insertion_order"": true, ""temp_directory"": ""analysis/finetuned_rdbms_162_baseline_min_floor_100ms_contraction_all_engines/tmp/large_size/duckdb"", ""threads"": 1}",duckdb timed out after 0.1s
01ddb718a384a988e2aa004a3d489e84304582a524598f1a41792a5d427752da,/home/timlittau/Documents/InferQ/analysis/finetuned_rdbms_162/qpy/01ddb718a384a988e2aa004a3d489e84304582a524598f1a41792a5d427752da.qpy,15,79,0.8779582369606942,27437,97,5,92,postgres,large_size,0,timeout,0.1089984280988574,0,34377,"{""effective_cache_size"": ""2GB"", ""from_collapse_limit"": 1, ""hash_mem_multiplier"": ""1.94"", ""jit"": ""off"", ""join_collapse_limit"": 4, ""max_parallel_workers_per_gather"": 0, ""temp_buffers"": ""65MB"", ""temp_file_limit"": ""-1"", ""work_mem"": ""55MB""}",postgres timed out after 0.1s
01ddb718a384a988e2aa004a3d489e84304582a524598f1a41792a5d427752da,/home/timlittau/Documents/InferQ/analysis/finetuned_rdbms_162/qpy/01ddb718a384a988e2aa004a3d489e84304582a524598f1a41792a5d427752da.qpy,15,79,0.8779582369606942,27437,97,5,92,postgres,large_size,1,timeout,0.10679714102298021,0,33242,"{""effective_cache_size"": ""2GB"", ""from_collapse_limit"": 1, ""hash_mem_multiplier"": ""1.94"", ""jit"": ""off"", ""join_collapse_limit"": 4, ""max_parallel_workers_per_gather"": 0, ""temp_buffers"": ""65MB"", ""temp_file_limit"": ""-1"", ""work_mem"": ""55MB""}",postgres timed out after 0.1s
01e5269d3279c99e162255f828b83210762c4ba09d58900fb6758cff95972450,/home/timlittau/Documents/InferQ/analysis/finetuned_rdbms_162/qpy/01e5269d3279c99e162255f828b83210762c4ba09d58900fb6758cff95972450.qpy,3,20,0.1745442938990891,7384,26,5,21,sqlite,small_size,0,success,0.002363970037549734,8,3807,"{""cache_mb"": 64, ""db_path"": "":memory:"", ""mmap_mb"": 0, ""temp_store"": ""MEMORY"", ""threads"": 1}",
01e5269d3279c99e162255f828b83210762c4ba09d58900fb6758cff95972450,/home/timlittau/Documents/InferQ/analysis/finetuned_rdbms_162/qpy/01e5269d3279c99e162255f828b83210762c4ba09d58900fb6758cff95972450.qpy,3,20,0.1745442938990891,7384,26,5,21,sqlite,small_size,1,success,0.001980504021048546,8,3807,"{""cache_mb"": 64, ""db_path"": "":memory:"", ""mmap_mb"": 0, ""temp_store"": ""MEMORY"", ""threads"": 1}",
01e5269d3279c99e162255f828b83210762c4ba09d58900fb6758cff95972450,/home/timlittau/Documents/InferQ/analysis/finetuned_rdbms_162/qpy/01e5269d3279c99e162255f828b83210762c4ba09d58900fb6758cff95972450.qpy,3,20,0.1745442938990891,7384,26,5,21,duckdb,small_size,0,success,0.040166427846997976,8,11678,"{""max_temp_directory_size"": ""256GB"", ""memory_limit"": ""10780MB"", ""preserve_insertion_order"": false, ""temp_directory"": ""analysis/finetuned_rdbms_162_baseline_min_floor_100ms_contraction_all_engines/tmp/small_size/duckdb"", ""threads"": 2}",
01e5269d3279c99e162255f828b83210762c4ba09d58900fb6758cff95972450,/home/timlittau/Documents/InferQ/analysis/finetuned_rdbms_162/qpy/01e5269d3279c99e162255f828b83210762c4ba09d58900fb6758cff95972450.qpy,3,20,0.1745442938990891,7384,26,5,21,duckdb,small_size,1,success,0.0406334619037807,8,11328,"{""max_temp_directory_size"": ""256GB"", ""memory_limit"": ""10780MB"", ""preserve_insertion_order"": false, ""temp_directory"": ""analysis/finetuned_rdbms_162_baseline_min_floor_100ms_contraction_all_engines/tmp/small_size/duckdb"", ""threads"": 2}",
01e5269d3279c99e162255f828b83210762c4ba09d58900fb6758cff95972450,/home/timlittau/Documents/InferQ/analysis/finetuned_rdbms_162/qpy/01e5269d3279c99e162255f828b83210762c4ba09d58900fb6758cff95972450.qpy,3,20,0.1745442938990891,7384,26,5,21,postgres,small_size,0,success,0.012975357007235289,8,11965,"{""effective_cache_size"": ""8GB"", ""from_collapse_limit"": 1, ""hash_mem_multiplier"": ""2.0"", ""jit"": ""off"", ""join_collapse_limit"": 1, ""max_parallel_workers_per_gather"": 4, ""temp_buffers"": ""128MB"", ""temp_file_limit"": ""-1"", ""work_mem"": ""256MB""}",
01e5269d3279c99e162255f828b83210762c4ba09d58900fb6758cff95972450,/home/timlittau/Documents/InferQ/analysis/finetuned_rdbms_162/qpy/01e5269d3279c99e162255f828b83210762c4ba09d58900fb6758cff95972450.qpy,3,20,0.1745442938990891,7384,26,5,21,postgres,small_size,1,success,0.012979631079360843,8,11965,"{""effective_cache_size"": ""8GB"", ""from_collapse_limit"": 1, ""hash_mem_multiplier"": ""2.0"", ""jit"": ""off"", ""join_collapse_limit"": 1, ""max_parallel_workers_per_gather"": 4, ""temp_buffers"": ""128MB"", ""temp_file_limit"": ""-1"", ""work_mem"": ""256MB""}",
01e6e6b8333336440deaf89f9600ef6d4ce399cb8ae4d82a3ef34f4388286877,/home/timlittau/Documents/InferQ/analysis/finetuned_rdbms_162/qpy/01e6e6b8333336440deaf89f9600ef6d4ce399cb8ae4d82a3ef34f4388286877.qpy,15,116,1.469871124951169,39533,135,6,129,sqlite,large_size,0,timeout,0.14588909014128149,0,3894,"{""cache_mb"": 128, ""db_path"": ""analysis/finetuned_rdbms_162_baseline_min_floor_100ms_contraction_all_engines/tmp/large_size/sqlite/bench.db"", ""mmap_mb"": 128, ""temp_store"": ""MEMORY"", ""threads"": 1}",sqlite timed out after 0.1s
01e6e6b8333336440deaf89f9600ef6d4ce399cb8ae4d82a3ef34f4388286877,/home/timlittau/Documents/InferQ/analysis/finetuned_rdbms_162/qpy/01e6e6b8333336440deaf89f9600ef6d4ce399cb8ae4d82a3ef34f4388286877.qpy,15,116,1.469871124951169,39533,135,6,129,sqlite,large_size,1,timeout,0.14337143022567034,0,3894,"{""cache_mb"": 128, ""db_path"": ""analysis/finetuned_rdbms_162_baseline_min_floor_100ms_contraction_all_engines/tmp/large_size/sqlite/bench.db"", ""mmap_mb"": 128, ""temp_store"": ""MEMORY"", ""threads"": 1}",sqlite timed out after 0.1s
01e6e6b8333336440deaf89f9600ef6d4ce399cb8ae4d82a3ef34f4388286877,/home/timlittau/Documents/InferQ/analysis/finetuned_rdbms_162/qpy/01e6e6b8333336440deaf89f9600ef6d4ce399cb8ae4d82a3ef34f4388286877.qpy,15,116,1.469871124951169,39533,135,6,129,duckdb,large_size,0,timeout,0.10807551792822778,0,43419,"{""max_temp_directory_size"": ""128GB"", ""memory_limit"": ""7409MB"", ""preserve_insertion_order"": true, ""temp_directory"": ""analysis/finetuned_rdbms_162_baseline_min_floor_100ms_contraction_all_engines/tmp/large_size/duckdb"", ""threads"": 1}",duckdb timed out after 0.1s
01e6e6b8333336440deaf89f9600ef6d4ce399cb8ae4d82a3ef34f4388286877,/home/timlittau/Documents/InferQ/analysis/finetuned_rdbms_162/qpy/01e6e6b8333336440deaf89f9600ef6d4ce399cb8ae4d82a3ef34f4388286877.qpy,15,116,1.469871124951169,39533,135,6,129,duckdb,large_size,1,timeout,0.12485745386220515,0,1755317,"{""max_temp_directory_size"": ""128GB"", ""memory_limit"": ""7409MB"", ""preserve_insertion_order"": true, ""temp_directory"": ""analysis/finetuned_rdbms_162_baseline_min_floor_100ms_contraction_all_engines/tmp/large_size/duckdb"", ""threads"": 1}",duckdb timed out after 0.1s
01e6e6b8333336440deaf89f9600ef6d4ce399cb8ae4d82a3ef34f4388286877,/home/timlittau/Documents/InferQ/analysis/finetuned_rdbms_162/qpy/01e6e6b8333336440deaf89f9600ef6d4ce399cb8ae4d82a3ef34f4388286877.qpy,15,116,1.469871124951169,39533,135,6,129,postgres,large_size,0,timeout,0.125064437976107,0,3493461,"{""effective_cache_size"": ""2GB"", ""from_collapse_limit"": 1, ""hash_mem_multiplier"": ""1.94"", ""jit"": ""off"", ""join_collapse_limit"": 4, ""max_parallel_workers_per_gather"": 0, ""temp_buffers"": ""65MB"", ""temp_file_limit"": ""-1"", ""work_mem"": ""55MB""}",postgres timed out after 0.1s
01e6e6b8333336440deaf89f9600ef6d4ce399cb8ae4d82a3ef34f4388286877,/home/timlittau/Documents/InferQ/analysis/finetuned_rdbms_162/qpy/01e6e6b8333336440deaf89f9600ef6d4ce399cb8ae4d82a3ef34f4388286877.qpy,15,116,1.469871124951169,39533,135,6,129,postgres,large_size,1,timeout,0.11178558715619147,0,45387,"{""effective_cache_size"": ""2GB"", ""from_collapse_limit"": 1, ""hash_mem_multiplier"": ""1.94"", ""jit"": ""off"", ""join_collapse_limit"": 4, ""max_parallel_workers_per_gather"": 0, ""temp_buffers"": ""65MB"", ""temp_file_limit"": ""-1"", ""work_mem"": ""55MB""}",postgres timed out after 0.1s
01fb7403455f420178e88ce2fd24e6cb419e63a676c6a3b87bf1a0efa7d45aa3,/home/timlittau/Documents/InferQ/analysis/finetuned_rdbms_162/qpy/01fb7403455f420178e88ce2fd24e6cb419e63a676c6a3b87bf1a0efa7d45aa3.qpy,9,24,0.23403201391920447,9796,36,5,31,sqlite,small_size,0,success,0.004329865099862218,128,8653,"{""cache_mb"": 64, ""db_path"": "":memory:"", ""mmap_mb"": 0, ""temp_store"": ""MEMORY"", ""threads"": 1}",
01fb7403455f420178e88ce2fd24e6cb419e63a676c6a3b87bf1a0efa7d45aa3,/home/timlittau/Documents/InferQ/analysis/finetuned_rdbms_162/qpy/01fb7403455f420178e88ce2fd24e6cb419e63a676c6a3b87bf1a0efa7d45aa3.qpy,9,24,0.23403201391920447,9796,36,5,31,sqlite,small_size,1,success,0.003803681116551161,128,8077,"{""cache_mb"": 64, ""db_path"": "":memory:"", ""mmap_mb"": 0, ""temp_store"": ""MEMORY"", ""threads"": 1}",
01fb7403455f420178e88ce2fd24e6cb419e63a676c6a3b87bf1a0efa7d45aa3,/home/timlittau/Documents/InferQ/analysis/finetuned_rdbms_162/qpy/01fb7403455f420178e88ce2fd24e6cb419e63a676c6a3b87bf1a0efa7d45aa3.qpy,9,24,0.23403201391920447,9796,36,5,31,duckdb,small_size,0,success,0.03505263407714665,128,14406,"{""max_temp_directory_size"": ""256GB"", ""memory_limit"": ""10780MB"", ""preserve_insertion_order"": false, ""temp_directory"": ""analysis/finetuned_rdbms_162_baseline_min_floor_100ms_contraction_all_engines/tmp/small_size/duckdb"", ""threads"": 2}",
01fb7403455f420178e88ce2fd24e6cb419e63a676c6a3b87bf1a0efa7d45aa3,/home/timlittau/Documents/InferQ/analysis/finetuned_rdbms_162/qpy/01fb7403455f420178e88ce2fd24e6cb419e63a676c6a3b87bf1a0efa7d45aa3.qpy,9,24,0.23403201391920447,9796,36,5,31,duckdb,small_size,1,success,0.039640049915760756,128,2352003,"{""max_temp_directory_size"": ""256GB"", ""memory_limit"": ""10780MB"", ""preserve_insertion_order"": false, ""temp_directory"": ""analysis/finetuned_rdbms_162_baseline_min_floor_100ms_contraction_all_engines/tmp/small_size/duckdb"", ""threads"": 2}",
01fb7403455f420178e88ce2fd24e6cb419e63a676c6a3b87bf1a0efa7d45aa3,/home/timlittau/Documents/InferQ/analysis/finetuned_rdbms_162/qpy/01fb7403455f420178e88ce2fd24e6cb419e63a676c6a3b87bf1a0efa7d45aa3.qpy,9,24,0.23403201391920447,9796,36,5,31,postgres,small_size,0,success,0.012325000949203968,128,1139640,"{""effective_cache_size"": ""8GB"", ""from_collapse_limit"": 1, ""hash_mem_multiplier"": ""2.0"", ""jit"": ""off"", ""join_collapse_limit"": 1, ""max_parallel_workers_per_gather"": 4, ""temp_buffers"": ""128MB"", ""temp_file_limit"": ""-1"", ""work_mem"": ""256MB""}",
01fb7403455f420178e88ce2fd24e6cb419e63a676c6a3b87bf1a0efa7d45aa3,/home/timlittau/Documents/InferQ/analysis/finetuned_rdbms_162/qpy/01fb7403455f420178e88ce2fd24e6cb419e63a676c6a3b87bf1a0efa7d45aa3.qpy,9,24,0.23403201391920447,9796,36,5,31,postgres,small_size,1,success,0.012762962142005563,128,2131419,"{""effective_cache_size"": ""8GB"", ""from_collapse_limit"": 1, ""hash_mem_multiplier"": ""2.0"", ""jit"": ""off"", ""join_collapse_limit"": 1, ""max_parallel_workers_per_gather"": 4, ""temp_buffers"": ""128MB"", ""temp_file_limit"": ""-1"", ""work_mem"": ""256MB""}",
02095daed6eb3e9af9528e2aae13dd94969cb824cbce68750e951bad169659e0,/home/timlittau/Documents/InferQ/analysis/finetuned_rdbms_162/qpy/02095daed6eb3e9af9528e2aae13dd94969cb824cbce68750e951bad169659e0.qpy,8,20,0.23507416481152177,8275,33,7,26,sqlite,small_size,0,success,0.005701844813302159,16,494519,"{""cache_mb"": 64, ""db_path"": "":memory:"", ""mmap_mb"": 0, ""temp_store"": ""MEMORY"", ""threads"": 1}",
02095daed6eb3e9af9528e2aae13dd94969cb824cbce68750e951bad169659e0,/home/timlittau/Documents/InferQ/analysis/finetuned_rdbms_162/qpy/02095daed6eb3e9af9528e2aae13dd94969cb824cbce68750e951bad169659e0.qpy,8,20,0.23507416481152177,8275,33,7,26,sqlite,small_size,1,success,0.002247005933895707,16,3807,"{""cache_mb"": 64, ""db_path"": "":memory:"", ""mmap_mb"": 0, ""temp_store"": ""MEMORY"", ""threads"": 1}",
02095daed6eb3e9af9528e2aae13dd94969cb824cbce68750e951bad169659e0,/home/timlittau/Documents/InferQ/analysis/finetuned_rdbms_162/qpy/02095daed6eb3e9af9528e2aae13dd94969cb824cbce68750e951bad169659e0.qpy,8,20,0.23507416481152177,8275,33,7,26,duckdb,small_size,0,success,0.025983748026192188,16,12437,"{""max_temp_directory_size"": ""256GB"", ""memory_limit"": ""10780MB"", ""preserve_insertion_order"": false, ""temp_directory"": ""analysis/finetuned_rdbms_162_baseline_min_floor_100ms_contraction_all_engines/tmp/small_size/duckdb"", ""threads"": 2}",
02095daed6eb3e9af9528e2aae13dd94969cb824cbce68750e951bad169659e0,/home/timlittau/Documents/InferQ/analysis/finetuned_rdbms_162/qpy/02095daed6eb3e9af9528e2aae13dd94969cb824cbce68750e951bad169659e0.qpy,8,20,0.23507416481152177,8275,33,7,26,duckdb,small_size,1,success,0.03069957601837814,16,3802091,"{""max_temp_directory_size"": ""256GB"", ""memory_limit"": ""10780MB"", ""preserve_insertion_order"": false, ""temp_directory"": ""analysis/finetuned_rdbms_162_baseline_min_floor_100ms_contraction_all_engines/tmp/small_size/duckdb"", ""threads"": 2}",
02095daed6eb3e9af9528e2aae13dd94969cb824cbce68750e951bad169659e0,/home/timlittau/Documents/InferQ/analysis/finetuned_rdbms_162/qpy/02095daed6eb3e9af9528e2aae13dd94969cb824cbce68750e951bad169659e0.qpy,8,20,0.23507416481152177,8275,33,7,26,postgres,small_size,0,success,0.007331462111324072,16,1565974,"{""effective_cache_size"": ""8GB"", ""from_collapse_limit"": 1, ""hash_mem_multiplier"": ""2.0"", ""jit"": ""off"", ""join_collapse_limit"": 1, ""max_parallel_workers_per_gather"": 4, ""temp_buffers"": ""128MB"", ""temp_file_limit"": ""-1"", ""work_mem"": ""256MB""}",
02095daed6eb3e9af9528e2aae13dd94969cb824cbce68750e951bad169659e0,/home/timlittau/Documents/InferQ/analysis/finetuned_rdbms_162/qpy/02095daed6eb3e9af9528e2aae13dd94969cb824cbce68750e951bad169659e0.qpy,8,20,0.23507416481152177,8275,33,7,26,postgres,small_size,1,success,0.009395973989740014,16,13342,"{""effective_cache_size"": ""8GB"", ""from_collapse_limit"": 1, ""hash_mem_multiplier"": ""2.0"", ""jit"": ""off"", ""join_collapse_limit"": 1, ""max_parallel_workers_per_gather"": 4, ""temp_buffers"": ""128MB"", ""temp_file_limit"": ""-1"", ""work_mem"": ""256MB""}",
020f4ee34ad183187ac5f8fef74071271400d64b7970d4f027c3cb53eb1abee8,/home/timlittau/Documents/InferQ/analysis/finetuned_rdbms_162/qpy/020f4ee34ad183187ac5f8fef74071271400d64b7970d4f027c3cb53eb1abee8.qpy,4,17,0.14966824487783015,7008,27,8,19,sqlite,small_size,0,success,0.0019041181076318026,4,3807,"{""cache_mb"": 64, ""db_path"": "":memory:"", ""mmap_mb"": 0, ""temp_store"": ""MEMORY"", ""threads"": 1}",
020f4ee34ad183187ac5f8fef74071271400d64b7970d4f027c3cb53eb1abee8,/home/timlittau/Documents/InferQ/analysis/finetuned_rdbms_162/qpy/020f4ee34ad183187ac5f8fef74071271400d64b7970d4f027c3cb53eb1abee8.qpy,4,17,0.14966824487783015,7008,27,8,19,sqlite,small_size,1,success,0.0016019721515476704,4,3807,"{""cache_mb"": 64, ""db_path"": "":memory:"", ""mmap_mb"": 0, ""temp_store"": ""MEMORY"", ""threads"": 1}",
020f4ee34ad183187ac5f8fef74071271400d64b7970d4f027c3cb53eb1abee8,/home/timlittau/Documents/InferQ/analysis/finetuned_rdbms_162/qpy/020f4ee34ad183187ac5f8fef74071271400d64b7970d4f027c3cb53eb1abee8.qpy,4,17,0.14966824487783015,7008,27,8,19,duckdb,small_size,0,success,0.022383117116987705,4,10926,"{""max_temp_directory_size"": ""256GB"", ""memory_limit"": ""10780MB"", ""preserve_insertion_order"": false, ""temp_directory"": ""analysis/finetuned_rdbms_162_baseline_min_floor_100ms_contraction_all_engines/tmp/small_size/duckdb"", ""threads"": 2}",
020f4ee34ad183187ac5f8fef74071271400d64b7970d4f027c3cb53eb1abee8,/home/timlittau/Documents/InferQ/analysis/finetuned_rdbms_162/qpy/020f4ee34ad183187ac5f8fef74071271400d64b7970d4f027c3cb53eb1abee8.qpy,4,17,0.14966824487783015,7008,27,8,19,duckdb,small_size,1,success,0.024367872159928083,4,10708,"{""max_temp_directory_size"": ""256GB"", ""memory_limit"": ""10780MB"", ""preserve_insertion_order"": false, ""temp_directory"": ""analysis/finetuned_rdbms_162_baseline_min_floor_100ms_contraction_all_engines/tmp/small_size/duckdb"", ""threads"": 2}",
020f4ee34ad183187ac5f8fef74071271400d64b7970d4f027c3cb53eb1abee8,/home/timlittau/Documents/InferQ/analysis/finetuned_rdbms_162/qpy/020f4ee34ad183187ac5f8fef74071271400d64b7970d4f027c3cb53eb1abee8.qpy,4,17,0.14966824487783015,7008,27,8,19,postgres,small_size,0,success,0.012314472114667296,4,11677,"{""effective_cache_size"": ""8GB"", ""from_collapse_limit"": 1, ""hash_mem_multiplier"": ""2.0"", ""jit"": ""off"", ""join_collapse_limit"": 1, ""max_parallel_workers_per_gather"": 4, ""temp_buffers"": ""128MB"", ""temp_file_limit"": ""-1"", ""work_mem"": ""256MB""}",
020f4ee34ad183187ac5f8fef74071271400d64b7970d4f027c3cb53eb1abee8,/home/timlittau/Documents/InferQ/analysis/finetuned_rdbms_162/qpy/020f4ee34ad183187ac5f8fef74071271400d64b7970d4f027c3cb53eb1abee8.qpy,4,17,0.14966824487783015,7008,27,8,19,postgres,small_size,1,success,0.012894248124212027,4,12245,"{""effective_cache_size"": ""8GB"", ""from_collapse_limit"": 1, ""hash_mem_multiplier"": ""2.0"", ""jit"": ""off"", ""join_collapse_limit"": 1, ""max_parallel_workers_per_gather"": 4, ""temp_buffers"": ""128MB"", ""temp_file_limit"": ""-1"", ""work_mem"": ""256MB""}",
021221222ad36e2c16b671646cf1100b1b5d56f9b8fdae21afd4ca018836ef0b,/home/timlittau/Documents/InferQ/analysis/finetuned_rdbms_162/qpy/021221222ad36e2c16b671646cf1100b1b5d56f9b8fdae21afd4ca018836ef0b.qpy,4,39,0.3641496899072081,12997,46,5,41,sqlite,large_size,0,success,0.00467847497202456,16,3669,"{""cache_mb"": 128, ""db_path"": ""analysis/finetuned_rdbms_162_baseline_min_floor_100ms_contraction_all_engines/tmp/large_size/sqlite/bench.db"", ""mmap_mb"": 128, ""temp_store"": ""MEMORY"", ""threads"": 1}",
021221222ad36e2c16b671646cf1100b1b5d56f9b8fdae21afd4ca018836ef0b,/home/timlittau/Documents/InferQ/analysis/finetuned_rdbms_162/qpy/021221222ad36e2c16b671646cf1100b1b5d56f9b8fdae21afd4ca018836ef0b.qpy,4,39,0.3641496899072081,12997,46,5,41,sqlite,large_size,1,success,0.004025087924674153,16,3669,"{""cache_mb"": 128, ""db_path"": ""analysis/finetuned_rdbms_162_baseline_min_floor_100ms_contraction_all_engines/tmp/large_size/sqlite/bench.db"", ""mmap_mb"": 128, ""temp_store"": ""MEMORY"", ""threads"": 1}",
021221222ad36e2c16b671646cf1100b1b5d56f9b8fdae21afd4ca018836ef0b,/home/timlittau/Documents/InferQ/analysis/finetuned_rdbms_162/qpy/021221222ad36e2c16b671646cf1100b1b5d56f9b8fdae21afd4ca018836ef0b.qpy,4,39,0.3641496899072081,12997,46,5,41,duckdb,large_size,0,success,0.06652622111141682,16,17097,"{""max_temp_directory_size"": ""128GB"", ""memory_limit"": ""7409MB"", ""preserve_insertion_order"": true, ""temp_directory"": ""analysis/finetuned_rdbms_162_baseline_min_floor_100ms_contraction_all_engines/tmp/large_size/duckdb"", ""threads"": 1}",
021221222ad36e2c16b671646cf1100b1b5d56f9b8fdae21afd4ca018836ef0b,/home/timlittau/Documents/InferQ/analysis/finetuned_rdbms_162/qpy/021221222ad36e2c16b671646cf1100b1b5d56f9b8fdae21afd4ca018836ef0b.qpy,4,39,0.3641496899072081,12997,46,5,41,duckdb,large_size,1,success,0.06664783996529877,16,16821,"{""max_temp_directory_size"": ""128GB"", ""memory_limit"": ""7409MB"", ""preserve_insertion_order"": true, ""temp_directory"": ""analysis/finetuned_rdbms_162_baseline_min_floor_100ms_contraction_all_engines/tmp/large_size/duckdb"", ""threads"": 1}",
021221222ad36e2c16b671646cf1100b1b5d56f9b8fdae21afd4ca018836ef0b,/home/timlittau/Documents/InferQ/analysis/finetuned_rdbms_162/qpy/021221222ad36e2c16b671646cf1100b1b5d56f9b8fdae21afd4ca018836ef0b.qpy,4,39,0.3641496899072081,12997,46,5,41,postgres,large_size,0,success,0.008946532849222422,16,17713,"{""effective_cache_size"": ""2GB"", ""from_collapse_limit"": 1, ""hash_mem_multiplier"": ""1.94"", ""jit"": ""off"", ""join_collapse_limit"": 4, ""max_parallel_workers_per_gather"": 0, ""temp_buffers"": ""65MB"", ""temp_file_limit"": ""-1"", ""work_mem"": ""55MB""}",
021221222ad36e2c16b671646cf1100b1b5d56f9b8fdae21afd4ca018836ef0b,/home/timlittau/Documents/InferQ/analysis/finetuned_rdbms_162/qpy/021221222ad36e2c16b671646cf1100b1b5d56f9b8fdae21afd4ca018836ef0b.qpy,4,39,0.3641496899072081,12997,46,5,41,postgres,large_size,1,success,0.008748447056859732,16,17713,"{""effective_cache_size"": ""2GB"", ""from_collapse_limit"": 1, ""hash_mem_multiplier"": ""1.94"", ""jit"": ""off"", ""join_collapse_limit"": 4, ""max_parallel_workers_per_gather"": 0, ""temp_buffers"": ""65MB"", ""temp_file_limit"": ""-1"", ""work_mem"": ""55MB""}",
0213a89d0485efb4415924d5613293fd9e83253ab5b8ebd7602b911639ccd6a2,/home/timlittau/Documents/InferQ/analysis/finetuned_rdbms_162/qpy/0213a89d0485efb4415924d5613293fd9e83253ab5b8ebd7602b911639ccd6a2.qpy,4,37,0.34035622817464173,12661,44,5,39,sqlite,small_size,0,success,0.004396605072543025,16,3807,"{""cache_mb"": 64, ""db_path"": "":memory:"", ""mmap_mb"": 0, ""temp_store"": ""MEMORY"", ""threads"": 1}",
0213a89d0485efb4415924d5613293fd9e83253ab5b8ebd7602b911639ccd6a2,/home/timlittau/Documents/InferQ/analysis/finetuned_rdbms_162/qpy/0213a89d0485efb4415924d5613293fd9e83253ab5b8ebd7602b911639ccd6a2.qpy,4,37,0.34035622817464173,12661,44,5,39,sqlite,small_size,1,success,0.0037673998158425093,16,3807,"{""cache_mb"": 64, ""db_path"": "":memory:"", ""mmap_mb"": 0, ""temp_store"": ""MEMORY"", ""threads"": 1}",
0213a89d0485efb4415924d5613293fd9e83253ab5b8ebd7602b911639ccd6a2,/home/timlittau/Documents/InferQ/analysis/finetuned_rdbms_162/qpy/0213a89d0485efb4415924d5613293fd9e83253ab5b8ebd7602b911639ccd6a2.qpy,4,37,0.34035622817464173,12661,44,5,39,duckdb,small_size,0,success,0.06023503188043833,16,17017,"{""max_temp_directory_size"": ""256GB"", ""memory_limit"": ""10780MB"", ""preserve_insertion_order"": false, ""temp_directory"": ""analysis/finetuned_rdbms_162_baseline_min_floor_100ms_contraction_all_engines/tmp/small_size/duckdb"", ""threads"": 2}",
0213a89d0485efb4415924d5613293fd9e83253ab5b8ebd7602b911639ccd6a2,/home/timlittau/Documents/InferQ/analysis/finetuned_rdbms_162/qpy/0213a89d0485efb4415924d5613293fd9e83253ab5b8ebd7602b911639ccd6a2.qpy,4,37,0.34035622817464173,12661,44,5,39,duckdb,small_size,1,success,0.0560698511544615,16,17137,"{""max_temp_directory_size"": ""256GB"", ""memory_limit"": ""10780MB"", ""preserve_insertion_order"": false, ""temp_directory"": ""analysis/finetuned_rdbms_162_baseline_min_floor_100ms_contraction_all_engines/tmp/small_size/duckdb"", ""threads"": 2}",
0213a89d0485efb4415924d5613293fd9e83253ab5b8ebd7602b911639ccd6a2,/home/timlittau/Documents/InferQ/analysis/finetuned_rdbms_162/qpy/0213a89d0485efb4415924d5613293fd9e83253ab5b8ebd7602b911639ccd6a2.qpy,4,37,0.34035622817464173,12661,44,5,39,postgres,small_size,0,success,0.008367932168766856,16,17328,"{""effective_cache_size"": ""8GB"", ""from_collapse_limit"": 1, ""hash_mem_multiplier"": ""2.0"", ""jit"": ""off"", ""join_collapse_limit"": 1, ""max_parallel_workers_per_gather"": 4, ""temp_buffers"": ""128MB"", ""temp_file_limit"": ""-1"", ""work_mem"": ""256MB""}",
0213a89d0485efb4415924d5613293fd9e83253ab5b8ebd7602b911639ccd6a2,/home/timlittau/Documents/InferQ/analysis/finetuned_rdbms_162/qpy/0213a89d0485efb4415924d5613293fd9e83253ab5b8ebd7602b911639ccd6a2.qpy,4,37,0.34035622817464173,12661,44,5,39,postgres,small_size,1,success,0.008590186946094036,16,17377,"{""effective_cache_size"": ""8GB"", ""from_collapse_limit"": 1, ""hash_mem_multiplier"": ""2.0"", ""jit"": ""off"", ""join_collapse_limit"": 1, ""max_parallel_workers_per_gather"": 4, ""temp_buffers"": ""128MB"", ""temp_file_limit"": ""-1"", ""work_mem"": ""256MB""}",
0218cba179f89ecd90157e321a5180ad5eefc74b5746507e99ccb4d5334f55ca,/home/timlittau/Documents/InferQ/analysis/finetuned_rdbms_162/qpy/0218cba179f89ecd90157e321a5180ad5eefc74b5746507e99ccb4d5334f55ca.qpy,2,23,0.18934806087054312,8719,31,8,23,sqlite,small_size,0,success,0.005128098884597421,4,3807,"{""cache_mb"": 64, ""db_path"": "":memory:"", ""mmap_mb"": 0, ""temp_store"": ""MEMORY"", ""threads"": 1}",
0218cba179f89ecd90157e321a5180ad5eefc74b5746507e99ccb4d5334f55ca,/home/timlittau/Documents/InferQ/analysis/finetuned_rdbms_162/qpy/0218cba179f89ecd90157e321a5180ad5eefc74b5746507e99ccb4d5334f55ca.qpy,2,23,0.18934806087054312,8719,31,8,23,sqlite,small_size,1,success,0.003623669035732746,4,3807,"{""cache_mb"": 64, ""db_path"": "":memory:"", ""mmap_mb"": 0, ""temp_store"": ""MEMORY"", ""threads"": 1}",
0218cba179f89ecd90157e321a5180ad5eefc74b5746507e99ccb4d5334f55ca,/home/timlittau/Documents/InferQ/analysis/finetuned_rdbms_162/qpy/0218cba179f89ecd90157e321a5180ad5eefc74b5746507e99ccb4d5334f55ca.qpy,2,23,0.18934806087054312,8719,31,8,23,duckdb,small_size,0,success,0.042906580958515406,4,12539,"{""max_temp_directory_size"": ""256GB"", ""memory_limit"": ""10780MB"", ""preserve_insertion_order"": false, ""temp_directory"": ""analysis/finetuned_rdbms_162_baseline_min_floor_100ms_contraction_all_engines/tmp/small_size/duckdb"", ""threads"": 2}",
0218cba179f89ecd90157e321a5180ad5eefc74b5746507e99ccb4d5334f55ca,/home/timlittau/Documents/InferQ/analysis/finetuned_rdbms_162/qpy/0218cba179f89ecd90157e321a5180ad5eefc74b5746507e99ccb4d5334f55ca.qpy,2,23,0.18934806087054312,8719,31,8,23,duckdb,small_size,1,success,0.043461566092446446,4,12663,"{""max_temp_directory_size"": ""256GB"", ""memory_limit"": ""10780MB"", ""preserve_insertion_order"": false, ""temp_directory"": ""analysis/finetuned_rdbms_162_baseline_min_floor_100ms_contraction_all_engines/tmp/small_size/duckdb"", ""threads"": 2}",
0218cba179f89ecd90157e321a5180ad5eefc74b5746507e99ccb4d5334f55ca,/home/timlittau/Documents/InferQ/analysis/finetuned_rdbms_162/qpy/0218cba179f89ecd90157e321a5180ad5eefc74b5746507e99ccb4d5334f55ca.qpy,2,23,0.18934806087054312,8719,31,8,23,postgres,small_size,0,success,0.01460538012906909,4,13212,"{""effective_cache_size"": ""8GB"", ""from_collapse_limit"": 1, ""hash_mem_multiplier"": ""2.0"", ""jit"": ""off"", ""join_collapse_limit"": 1, ""max_parallel_workers_per_gather"": 4, ""temp_buffers"": ""128MB"", ""temp_file_limit"": ""-1"", ""work_mem"": ""256MB""}",
0218cba179f89ecd90157e321a5180ad5eefc74b5746507e99ccb4d5334f55ca,/home/timlittau/Documents/InferQ/analysis/finetuned_rdbms_162/qpy/0218cba179f89ecd90157e321a5180ad5eefc74b5746507e99ccb4d5334f55ca.qpy,2,23,0.18934806087054312,8719,31,8,23,postgres,small_size,1,success,0.005290547851473093,4,13780,"{""effective_cache_size"": ""8GB"", ""from_collapse_limit"": 1, ""hash_mem_multiplier"": ""2.0"", ""jit"": ""off"", ""join_collapse_limit"": 1, ""max_parallel_workers_per_gather"": 4, ""temp_buffers"": ""128MB"", ""temp_file_limit"": ""-1"", ""work_mem"": ""256MB""}",
02201da842a13322d153fd2b9aef71dd71b0f4477993b1efd78749dd3ed42af7,/home/timlittau/Documents/InferQ/analysis/finetuned_rdbms_162/qpy/02201da842a13322d153fd2b9aef71dd71b0f4477993b1efd78749dd3ed42af7.qpy,15,69,1.1330337671097368,24697,86,4,82,sqlite,large_size,0,timeout,0.12416206300258636,0,3894,"{""cache_mb"": 128, ""db_path"": ""analysis/finetuned_rdbms_162_baseline_min_floor_100ms_contraction_all_engines/tmp/large_size/sqlite/bench.db"", ""mmap_mb"": 128, ""temp_store"": ""MEMORY"", ""threads"": 1}",sqlite timed out after 0.1s
02201da842a13322d153fd2b9aef71dd71b0f4477993b1efd78749dd3ed42af7,/home/timlittau/Documents/InferQ/analysis/finetuned_rdbms_162/qpy/02201da842a13322d153fd2b9aef71dd71b0f4477993b1efd78749dd3ed42af7.qpy,15,69,1.1330337671097368,24697,86,4,82,sqlite,large_size,1,timeout,0.12415128690190613,0,3894,"{""cache_mb"": 128, ""db_path"": ""analysis/finetuned_rdbms_162_baseline_min_floor_100ms_contraction_all_engines/tmp/large_size/sqlite/bench.db"", ""mmap_mb"": 128, ""temp_store"": ""MEMORY"", ""threads"": 1}",sqlite timed out after 0.1s
02201da842a13322d153fd2b9aef71dd71b0f4477993b1efd78749dd3ed42af7,/home/timlittau/Documents/InferQ/analysis/finetuned_rdbms_162/qpy/02201da842a13322d153fd2b9aef71dd71b0f4477993b1efd78749dd3ed42af7.qpy,15,69,1.1330337671097368,24697,86,4,82,duckdb,large_size,0,timeout,0.10746448882855475,0,28583,"{""max_temp_directory_size"": ""128GB"", ""memory_limit"": ""7409MB"", ""preserve_insertion_order"": true, ""temp_directory"": ""analysis/finetuned_rdbms_162_baseline_min_floor_100ms_contraction_all_engines/tmp/large_size/duckdb"", ""threads"": 1}",duckdb timed out after 0.1s
02201da842a13322d153fd2b9aef71dd71b0f4477993b1efd78749dd3ed42af7,/home/timlittau/Documents/InferQ/analysis/finetuned_rdbms_162/qpy/02201da842a13322d153fd2b9aef71dd71b0f4477993b1efd78749dd3ed42af7.qpy,15,69,1.1330337671097368,24697,86,4,82,duckdb,large_size,1,timeout,0.11181139410473406,0,28797,"{""max_temp_directory_size"": ""128GB"", ""memory_limit"": ""7409MB"", ""preserve_insertion_order"": true, ""temp_directory"": ""analysis/finetuned_rdbms_162_baseline_min_floor_100ms_contraction_all_engines/tmp/large_size/duckdb"", ""threads"": 1}",duckdb timed out after 0.1s
02201da842a13322d153fd2b9aef71dd71b0f4477993b1efd78749dd3ed42af7,/home/timlittau/Documents/InferQ/analysis/finetuned_rdbms_162/qpy/02201da842a13322d153fd2b9aef71dd71b0f4477993b1efd78749dd3ed42af7.qpy,15,69,1.1330337671097368,24697,86,4,82,postgres,large_size,0,timeout,0.11258063302375376,0,30551,"{""effective_cache_size"": ""2GB"", ""from_collapse_limit"": 1, ""hash_mem_multiplier"": ""1.94"", ""jit"": ""off"", ""join_collapse_limit"": 4, ""max_parallel_workers_per_gather"": 0, ""temp_buffers"": ""65MB"", ""temp_file_limit"": ""-1"", ""work_mem"": ""55MB""}",postgres timed out after 0.1s
02201da842a13322d153fd2b9aef71dd71b0f4477993b1efd78749dd3ed42af7,/home/timlittau/Documents/InferQ/analysis/finetuned_rdbms_162/qpy/02201da842a13322d153fd2b9aef71dd71b0f4477993b1efd78749dd3ed42af7.qpy,15,69,1.1330337671097368,24697,86,4,82,postgres,large_size,1,timeout,0.1135203349404037,0,30551,"{""effective_cache_size"": ""2GB"", ""from_collapse_limit"": 1, ""hash_mem_multiplier"": ""1.94"", ""jit"": ""off"", ""join_collapse_limit"": 4, ""max_parallel_workers_per_gather"": 0, ""temp_buffers"": ""65MB"", ""temp_file_limit"": ""-1"", ""work_mem"": ""55MB""}",postgres timed out after 0.1s
02203a840fe1ce9c9e5e1cf6bc71c87709fafc205fce6b2c79e12961b46ad36f,/home/timlittau/Documents/InferQ/analysis/finetuned_rdbms_162/qpy/02203a840fe1ce9c9e5e1cf6bc71c87709fafc205fce6b2c79e12961b46ad36f.qpy,3,22,0.18602733197622,7978,28,5,23,sqlite,large_size,0,success,0.002318671904504299,8,3669,"{""cache_mb"": 128, ""db_path"": ""analysis/finetuned_rdbms_162_baseline_min_floor_100ms_contraction_all_engines/tmp/large_size/sqlite/bench.db"", ""mmap_mb"": 128, ""temp_store"": ""MEMORY"", ""threads"": 1}",
02203a840fe1ce9c9e5e1cf6bc71c87709fafc205fce6b2c79e12961b46ad36f,/home/timlittau/Documents/InferQ/analysis/finetuned_rdbms_162/qpy/02203a840fe1ce9c9e5e1cf6bc71c87709fafc205fce6b2c79e12961b46ad36f.qpy,3,22,0.18602733197622,7978,28,5,23,sqlite,large_size,1,success,0.0020766148809343576,8,3669,"{""cache_mb"": 128, ""db_path"": ""analysis/finetuned_rdbms_162_baseline_min_floor_100ms_contraction_all_engines/tmp/large_size/sqlite/bench.db"", ""mmap_mb"": 128, ""temp_store"": ""MEMORY"", ""threads"": 1}",
02203a840fe1ce9c9e5e1cf6bc71c87709fafc205fce6b2c79e12961b46ad36f,/home/timlittau/Documents/InferQ/analysis/finetuned_rdbms_162/qpy/02203a840fe1ce9c9e5e1cf6bc71c87709fafc205fce6b2c79e12961b46ad36f.qpy,3,22,0.18602733197622,7978,28,5,23,duckdb,large_size,0,success,0.01585600315593183,8,12172,"{""max_temp_directory_size"": ""128GB"", ""memory_limit"": ""7409MB"", ""preserve_insertion_order"": true, ""temp_directory"": ""analysis/finetuned_rdbms_162_baseline_min_floor_100ms_contraction_all_engines/tmp/large_size/duckdb"", ""threads"": 1}",
02203a840fe1ce9c9e5e1cf6bc71c87709fafc205fce6b2c79e12961b46ad36f,/home/timlittau/Documents/InferQ/analysis/finetuned_rdbms_162/qpy/02203a840fe1ce9c9e5e1cf6bc71c87709fafc205fce6b2c79e12961b46ad36f.qpy,3,22,0.18602733197622,7978,28,5,23,duckdb,large_size,1,success,0.016154093202203512,8,11802,"{""max_temp_directory_size"": ""128GB"", ""memory_limit"": ""7409MB"", ""preserve_insertion_order"": true, ""temp_directory"": ""analysis/finetuned_rdbms_162_baseline_min_floor_100ms_contraction_all_engines/tmp/large_size/duckdb"", ""threads"": 1}",
02203a840fe1ce9c9e5e1cf6bc71c87709fafc205fce6b2c79e12961b46ad36f,/home/timlittau/Documents/InferQ/analysis/finetuned_rdbms_162/qpy/02203a840fe1ce9c9e5e1cf6bc71c87709fafc205fce6b2c79e12961b46ad36f.qpy,3,22,0.18602733197622,7978,28,5,23,postgres,large_size,0,success,0.013389260973781347,8,12559,"{""effective_cache_size"": ""2GB"", ""from_collapse_limit"": 1, ""hash_mem_multiplier"": ""1.94"", ""jit"": ""off"", ""join_collapse_limit"": 4, ""max_parallel_workers_per_gather"": 0, ""temp_buffers"": ""65MB"", ""temp_file_limit"": ""-1"", ""work_mem"": ""55MB""}",
02203a840fe1ce9c9e5e1cf6bc71c87709fafc205fce6b2c79e12961b46ad36f,/home/timlittau/Documents/InferQ/analysis/finetuned_rdbms_162/qpy/02203a840fe1ce9c9e5e1cf6bc71c87709fafc205fce6b2c79e12961b46ad36f.qpy,3,22,0.18602733197622,7978,28,5,23,postgres,large_size,1,success,0.012778982985764742,8,12559,"{""effective_cache_size"": ""2GB"", ""from_collapse_limit"": 1, ""hash_mem_multiplier"": ""1.94"", ""jit"": ""off"", ""join_collapse_limit"": 4, ""max_parallel_workers_per_gather"": 0, ""temp_buffers"": ""65MB"", ""temp_file_limit"": ""-1"", ""work_mem"": ""55MB""}",
022c70d9bacdd8ab907ce309e8852ec025a37b1f30503dc587de2b45c6ef1eb4,/home/timlittau/Documents/InferQ/analysis/finetuned_rdbms_162/qpy/022c70d9bacdd8ab907ce309e8852ec025a37b1f30503dc587de2b45c6ef1eb4.qpy,3,23,0.2054642029106617,8085,29,5,24,sqlite,small_size,0,success,0.0070144361816346645,8,3807,"{""cache_mb"": 64, ""db_path"": "":memory:"", ""mmap_mb"": 0, ""temp_store"": ""MEMORY"", ""threads"": 1}",
022c70d9bacdd8ab907ce309e8852ec025a37b1f30503dc587de2b45c6ef1eb4,/home/timlittau/Documents/InferQ/analysis/finetuned_rdbms_162/qpy/022c70d9bacdd8ab907ce309e8852ec025a37b1f30503dc587de2b45c6ef1eb4.qpy,3,23,0.2054642029106617,8085,29,5,24,sqlite,small_size,1,success,0.006548325996845961,8,3807,"{""cache_mb"": 64, ""db_path"": "":memory:"", ""mmap_mb"": 0, ""temp_store"": ""MEMORY"", ""threads"": 1}",
022c70d9bacdd8ab907ce309e8852ec025a37b1f30503dc587de2b45c6ef1eb4,/home/timlittau/Documents/InferQ/analysis/finetuned_rdbms_162/qpy/022c70d9bacdd8ab907ce309e8852ec025a37b1f30503dc587de2b45c6ef1eb4.qpy,3,23,0.2054642029106617,8085,29,5,24,duckdb,small_size,0,success,0.07693028799258173,8,11967,"{""max_temp_directory_size"": ""256GB"", ""memory_limit"": ""10780MB"", ""preserve_insertion_order"": false, ""temp_directory"": ""analysis/finetuned_rdbms_162_baseline_min_floor_100ms_contraction_all_engines/tmp/small_size/duckdb"", ""threads"": 2}",
022c70d9bacdd8ab907ce309e8852ec025a37b1f30503dc587de2b45c6ef1eb4,/home/timlittau/Documents/InferQ/analysis/finetuned_rdbms_162/qpy/022c70d9bacdd8ab907ce309e8852ec025a37b1f30503dc587de2b45c6ef1eb4.qpy,3,23,0.2054642029106617,8085,29,5,24,duckdb,small_size,1,success,0.0496826299931854,8,12091,"{""max_temp_directory_size"": ""256GB"", ""memory_limit"": ""10780MB"", ""preserve_insertion_order"": false, ""temp_directory"": ""analysis/finetuned_rdbms_162_baseline_min_floor_100ms_contraction_all_engines/tmp/small_size/duckdb"", ""threads"": 2}",
022c70d9bacdd8ab907ce309e8852ec025a37b1f30503dc587de2b45c6ef1eb4,/home/timlittau/Documents/InferQ/analysis/finetuned_rdbms_162/qpy/022c70d9bacdd8ab907ce309e8852ec025a37b1f30503dc587de2b45c6ef1eb4.qpy,3,23,0.2054642029106617,8085,29,5,24,postgres,small_size,0,success,0.015239787055179477,8,12666,"{""effective_cache_size"": ""8GB"", ""from_collapse_limit"": 1, ""hash_mem_multiplier"": ""2.0"", ""jit"": ""off"", ""join_collapse_limit"": 1, ""max_parallel_workers_per_gather"": 4, ""temp_buffers"": ""128MB"", ""temp_file_limit"": ""-1"", ""work_mem"": ""256MB""}",
022c70d9bacdd8ab907ce309e8852ec025a37b1f30503dc587de2b45c6ef1eb4,/home/timlittau/Documents/InferQ/analysis/finetuned_rdbms_162/qpy/022c70d9bacdd8ab907ce309e8852ec025a37b1f30503dc587de2b45c6ef1eb4.qpy,3,23,0.2054642029106617,8085,29,5,24,postgres,small_size,1,success,0.014603859977796674,8,13234,"{""effective_cache_size"": ""8GB"", ""from_collapse_limit"": 1, ""hash_mem_multiplier"": ""2.0"", ""jit"": ""off"", ""join_collapse_limit"": 1, ""max_parallel_workers_per_gather"": 4, ""temp_buffers"": ""128MB"", ""temp_file_limit"": ""-1"", ""work_mem"": ""256MB""}",
023ba122b228f2d20b7344cb6c5f5d6555df0eea338254a197953dd614f883c9,/home/timlittau/Documents/InferQ/analysis/finetuned_rdbms_162/qpy/023ba122b228f2d20b7344cb6c5f5d6555df0eea338254a197953dd614f883c9.qpy,15,25,0.2561017801053822,10920,42,4,38,sqlite,large_size,0,success,0.012809823034331203,512,30047,"{""cache_mb"": 128, ""db_path"": ""analysis/finetuned_rdbms_162_baseline_min_floor_100ms_contraction_all_engines/tmp/large_size/sqlite/bench.db"", ""mmap_mb"": 128, ""temp_store"": ""MEMORY"", ""threads"": 1}",
023ba122b228f2d20b7344cb6c5f5d6555df0eea338254a197953dd614f883c9,/home/timlittau/Documents/InferQ/analysis/finetuned_rdbms_162/qpy/023ba122b228f2d20b7344cb6c5f5d6555df0eea338254a197953dd614f883c9.qpy,15,25,0.2561017801053822,10920,42,4,38,sqlite,large_size,1,success,0.011291442904621363,512,29567,"{""cache_mb"": 128, ""db_path"": ""analysis/finetuned_rdbms_162_baseline_min_floor_100ms_contraction_all_engines/tmp/large_size/sqlite/bench.db"", ""mmap_mb"": 128, ""temp_store"": ""MEMORY"", ""threads"": 1}",
023ba122b228f2d20b7344cb6c5f5d6555df0eea338254a197953dd614f883c9,/home/timlittau/Documents/InferQ/analysis/finetuned_rdbms_162/qpy/023ba122b228f2d20b7344cb6c5f5d6555df0eea338254a197953dd614f883c9.qpy,15,25,0.2561017801053822,10920,42,4,38,duckdb,large_size,0,success,0.02909569605253637,512,30303,"{""max_temp_directory_size"": ""128GB"", ""memory_limit"": ""7409MB"", ""preserve_insertion_order"": true, ""temp_directory"": ""analysis/finetuned_rdbms_162_baseline_min_floor_100ms_contraction_all_engines/tmp/large_size/duckdb"", ""threads"": 1}",
023ba122b228f2d20b7344cb6c5f5d6555df0eea338254a197953dd614f883c9,/home/timlittau/Documents/InferQ/analysis/finetuned_rdbms_162/qpy/023ba122b228f2d20b7344cb6c5f5d6555df0eea338254a197953dd614f883c9.qpy,15,25,0.2561017801053822,10920,42,4,38,duckdb,large_size,1,success,0.02864425186999142,512,30271,"{""max_temp_directory_size"": ""128GB"", ""memory_limit"": ""7409MB"", ""preserve_insertion_order"": true, ""temp_directory"": ""analysis/finetuned_rdbms_162_baseline_min_floor_100ms_contraction_all_engines/tmp/large_size/duckdb"", ""threads"": 1}",
023ba122b228f2d20b7344cb6c5f5d6555df0eea338254a197953dd614f883c9,/home/timlittau/Documents/InferQ/analysis/finetuned_rdbms_162/qpy/023ba122b228f2d20b7344cb6c5f5d6555df0eea338254a197953dd614f883c9.qpy,15,25,0.2561017801053822,10920,42,4,38,postgres,large_size,0,success,0.03516384307295084,512,42798,"{""effective_cache_size"": ""2GB"", ""from_collapse_limit"": 1, ""hash_mem_multiplier"": ""1.94"", ""jit"": ""off"", ""join_collapse_limit"": 4, ""max_parallel_workers_per_gather"": 0, ""temp_buffers"": ""65MB"", ""temp_file_limit"": ""-1"", ""work_mem"": ""55MB""}",
023ba122b228f2d20b7344cb6c5f5d6555df0eea338254a197953dd614f883c9,/home/timlittau/Documents/InferQ/analysis/finetuned_rdbms_162/qpy/023ba122b228f2d20b7344cb6c5f5d6555df0eea338254a197953dd614f883c9.qpy,15,25,0.2561017801053822,10920,42,4,38,postgres,large_size,1,success,0.013272735988721251,512,42798,"{""effective_cache_size"": ""2GB"", ""from_collapse_limit"": 1, ""hash_mem_multiplier"": ""1.94"", ""jit"": ""off"", ""join_collapse_limit"": 4, ""max_parallel_workers_per_gather"": 0, ""temp_buffers"": ""65MB"", ""temp_file_limit"": ""-1"", ""work_mem"": ""55MB""}",
023ea7b0ae886b68647d0afeeac9ed2e3db2b73b04313ff08995e763f2f6bbdb,/home/timlittau/Documents/InferQ/analysis/finetuned_rdbms_162/qpy/023ea7b0ae886b68647d0afeeac9ed2e3db2b73b04313ff08995e763f2f6bbdb.qpy,7,79,0.8529922731686383,27340,92,8,84,sqlite,large_size,0,success,0.007050801068544388,1,3669,"{""cache_mb"": 128, ""db_path"": ""analysis/finetuned_rdbms_162_baseline_min_floor_100ms_contraction_all_engines/tmp/large_size/sqlite/bench.db"", ""mmap_mb"": 128, ""temp_store"": ""MEMORY"", ""threads"": 1}",
023ea7b0ae886b68647d0afeeac9ed2e3db2b73b04313ff08995e763f2f6bbdb,/home/timlittau/Documents/InferQ/analysis/finetuned_rdbms_162/qpy/023ea7b0ae886b68647d0afeeac9ed2e3db2b73b04313ff08995e763f2f6bbdb.qpy,7,79,0.8529922731686383,27340,92,8,84,sqlite,large_size,1,success,0.006121952086687088,1,3669,"{""cache_mb"": 128, ""db_path"": ""analysis/finetuned_rdbms_162_baseline_min_floor_100ms_contraction_all_engines/tmp/large_size/sqlite/bench.db"", ""mmap_mb"": 128, ""temp_store"": ""MEMORY"", ""threads"": 1}",
023ea7b0ae886b68647d0afeeac9ed2e3db2b73b04313ff08995e763f2f6bbdb,/home/timlittau/Documents/InferQ/analysis/finetuned_rdbms_162/qpy/023ea7b0ae886b68647d0afeeac9ed2e3db2b73b04313ff08995e763f2f6bbdb.qpy,7,79,0.8529922731686383,27340,92,8,84,duckdb,large_size,0,timeout,0.10767775680869818,0,31226,"{""max_temp_directory_size"": ""128GB"", ""memory_limit"": ""7409MB"", ""preserve_insertion_order"": true, ""temp_directory"": ""analysis/finetuned_rdbms_162_baseline_min_floor_100ms_contraction_all_engines/tmp/large_size/duckdb"", ""threads"": 1}",duckdb timed out after 0.1s
023ea7b0ae886b68647d0afeeac9ed2e3db2b73b04313ff08995e763f2f6bbdb,/home/timlittau/Documents/InferQ/analysis/finetuned_rdbms_162/qpy/023ea7b0ae886b68647d0afeeac9ed2e3db2b73b04313ff08995e763f2f6bbdb.qpy,7,79,0.8529922731686383,27340,92,8,84,duckdb,large_size,1,timeout,0.128413817146793,0,31222,"{""max_temp_directory_size"": ""128GB"", ""memory_limit"": ""7409MB"", ""preserve_insertion_order"": true, ""temp_directory"": ""analysis/finetuned_rdbms_162_baseline_min_floor_100ms_contraction_all_engines/tmp/large_size/duckdb"", ""threads"": 1}",duckdb timed out after 0.1s
023ea7b0ae886b68647d0afeeac9ed2e3db2b73b04313ff08995e763f2f6bbdb,/home/timlittau/Documents/InferQ/analysis/finetuned_rdbms_162/qpy/023ea7b0ae886b68647d0afeeac9ed2e3db2b73b04313ff08995e763f2f6bbdb.qpy,7,79,0.8529922731686383,27340,92,8,84,postgres,large_size,0,success,0.03460664488375187,1,32273,"{""effective_cache_size"": ""2GB"", ""from_collapse_limit"": 1, ""hash_mem_multiplier"": ""1.94"", ""jit"": ""off"", ""join_collapse_limit"": 4, ""max_parallel_workers_per_gather"": 0, ""temp_buffers"": ""65MB"", ""temp_file_limit"": ""-1"", ""work_mem"": ""55MB""}",
023ea7b0ae886b68647d0afeeac9ed2e3db2b73b04313ff08995e763f2f6bbdb,/home/timlittau/Documents/InferQ/analysis/finetuned_rdbms_162/qpy/023ea7b0ae886b68647d0afeeac9ed2e3db2b73b04313ff08995e763f2f6bbdb.qpy,7,79,0.8529922731686383,27340,92,8,84,postgres,large_size,1,success,0.03768123593181372,1,32273,"{""effective_cache_size"": ""2GB"", ""from_collapse_limit"": 1, ""hash_mem_multiplier"": ""1.94"", ""jit"": ""off"", ""join_collapse_limit"": 4, ""max_parallel_workers_per_gather"": 0, ""temp_buffers"": ""65MB"", ""temp_file_limit"": ""-1"", ""work_mem"": ""55MB""}",
024656a0eb44f8bf0fea4f295daec5da699f78c35b6b340a6ef6106f5bf87e44,/home/timlittau/Documents/InferQ/analysis/finetuned_rdbms_162/qpy/024656a0eb44f8bf0fea4f295daec5da699f78c35b6b340a6ef6106f5bf87e44.qpy,12,48,0.7562492738943547,17218,62,4,58,sqlite,large_size,0,success,0.04270604602061212,4096,549151,"{""cache_mb"": 128, ""db_path"": ""analysis/finetuned_rdbms_162_baseline_min_floor_100ms_contraction_all_engines/tmp/large_size/sqlite/bench.db"", ""mmap_mb"": 128, ""temp_store"": ""MEMORY"", ""threads"": 1}",
024656a0eb44f8bf0fea4f295daec5da699f78c35b6b340a6ef6106f5bf87e44,/home/timlittau/Documents/InferQ/analysis/finetuned_rdbms_162/qpy/024656a0eb44f8bf0fea4f295daec5da699f78c35b6b340a6ef6106f5bf87e44.qpy,12,48,0.7562492738943547,17218,62,4,58,sqlite,large_size,1,success,0.03818365000188351,4096,552727,"{""cache_mb"": 128, ""db_path"": ""analysis/finetuned_rdbms_162_baseline_min_floor_100ms_contraction_all_engines/tmp/large_size/sqlite/bench.db"", ""mmap_mb"": 128, ""temp_store"": ""MEMORY"", ""threads"": 1}",
024656a0eb44f8bf0fea4f295daec5da699f78c35b6b340a6ef6106f5bf87e44,/home/timlittau/Documents/InferQ/analysis/finetuned_rdbms_162/qpy/024656a0eb44f8bf0fea4f295daec5da699f78c35b6b340a6ef6106f5bf87e44.qpy,12,48,0.7562492738943547,17218,62,4,58,duckdb,large_size,0,timeout,0.10671993787400424,0,21418,"{""max_temp_directory_size"": ""128GB"", ""memory_limit"": ""7409MB"", ""preserve_insertion_order"": true, ""temp_directory"": ""analysis/finetuned_rdbms_162_baseline_min_floor_100ms_contraction_all_engines/tmp/large_size/duckdb"", ""threads"": 1}",duckdb timed out after 0.1s
024656a0eb44f8bf0fea4f295daec5da699f78c35b6b340a6ef6106f5bf87e44,/home/timlittau/Documents/InferQ/analysis/finetuned_rdbms_162/qpy/024656a0eb44f8bf0fea4f295daec5da699f78c35b6b340a6ef6106f5bf87e44.qpy,12,48,0.7562492738943547,17218,62,4,58,duckdb,large_size,1,timeout,0.10769865312613547,0,21924,"{""max_temp_directory_size"": ""128GB"", ""memory_limit"": ""7409MB"", ""preserve_insertion_order"": true, ""temp_directory"": ""analysis/finetuned_rdbms_162_baseline_min_floor_100ms_contraction_all_engines/tmp/large_size/duckdb"", ""threads"": 1}",duckdb timed out after 0.1s
024656a0eb44f8bf0fea4f295daec5da699f78c35b6b340a6ef6106f5bf87e44,/home/timlittau/Documents/InferQ/analysis/finetuned_rdbms_162/qpy/024656a0eb44f8bf0fea4f295daec5da699f78c35b6b340a6ef6106f5bf87e44.qpy,12,48,0.7562492738943547,17218,62,4,58,postgres,large_size,0,timeout,0.11405595298856497,0,1998856,"{""effective_cache_size"": ""2GB"", ""from_collapse_limit"": 1, ""hash_mem_multiplier"": ""1.94"", ""jit"": ""off"", ""join_collapse_limit"": 4, ""max_parallel_workers_per_gather"": 0, ""temp_buffers"": ""65MB"", ""temp_file_limit"": ""-1"", ""work_mem"": ""55MB""}",postgres timed out after 0.1s
024656a0eb44f8bf0fea4f295daec5da699f78c35b6b340a6ef6106f5bf87e44,/home/timlittau/Documents/InferQ/analysis/finetuned_rdbms_162/qpy/024656a0eb44f8bf0fea4f295daec5da699f78c35b6b340a6ef6106f5bf87e44.qpy,12,48,0.7562492738943547,17218,62,4,58,postgres,large_size,1,success,0.10026449500583112,4096,3568442,"{""effective_cache_size"": ""2GB"", ""from_collapse_limit"": 1, ""hash_mem_multiplier"": ""1.94"", ""jit"": ""off"", ""join_collapse_limit"": 4, ""max_parallel_workers_per_gather"": 0, ""temp_buffers"": ""65MB"", ""temp_file_limit"": ""-1"", ""work_mem"": ""55MB""}",
024ce19aa7258f694f618422eec929697d978ea9c4eb1f030ce850d0066df0be,/home/timlittau/Documents/InferQ/analysis/finetuned_rdbms_162/qpy/024ce19aa7258f694f618422eec929697d978ea9c4eb1f030ce850d0066df0be.qpy,1,1,0.005177736049517989,711,2,2,0,sqlite,small_size,0,success,0.00020635314285755157,2,15047,"{""cache_mb"": 64, ""db_path"": "":memory:"", ""mmap_mb"": 0, ""temp_store"": ""MEMORY"", ""threads"": 1}",
024ce19aa7258f694f618422eec929697d978ea9c4eb1f030ce850d0066df0be,/home/timlittau/Documents/InferQ/analysis/finetuned_rdbms_162/qpy/024ce19aa7258f694f618422eec929697d978ea9c4eb1f030ce850d0066df0be.qpy,1,1,0.005177736049517989,711,2,2,0,sqlite,small_size,1,success,0.0002440589014440775,2,16871,"{""cache_mb"": 64, ""db_path"": "":memory:"", ""mmap_mb"": 0, ""temp_store"": ""MEMORY"", ""threads"": 1}",
024ce19aa7258f694f618422eec929697d978ea9c4eb1f030ce850d0066df0be,/home/timlittau/Documents/InferQ/analysis/finetuned_rdbms_162/qpy/024ce19aa7258f694f618422eec929697d978ea9c4eb1f030ce850d0066df0be.qpy,1,1,0.005177736049517989,711,2,2,0,duckdb,small_size,0,success,0.0018166571389883757,2,902759,"{""max_temp_directory_size"": ""256GB"", ""memory_limit"": ""10780MB"", ""preserve_insertion_order"": false, ""temp_directory"": ""analysis/finetuned_rdbms_162_baseline_min_floor_100ms_contraction_all_engines/tmp/small_size/duckdb"", ""threads"": 2}",
024ce19aa7258f694f618422eec929697d978ea9c4eb1f030ce850d0066df0be,/home/timlittau/Documents/InferQ/analysis/finetuned_rdbms_162/qpy/024ce19aa7258f694f618422eec929697d978ea9c4eb1f030ce850d0066df0be.qpy,1,1,0.005177736049517989,711,2,2,0,duckdb,small_size,1,success,0.0027855609077960253,2,2571889,"{""max_temp_directory_size"": ""256GB"", ""memory_limit"": ""10780MB"", ""preserve_insertion_order"": false, ""temp_directory"": ""analysis/finetuned_rdbms_162_baseline_min_floor_100ms_contraction_all_engines/tmp/small_size/duckdb"", ""threads"": 2}",
024ce19aa7258f694f618422eec929697d978ea9c4eb1f030ce850d0066df0be,/home/timlittau/Documents/InferQ/analysis/finetuned_rdbms_162/qpy/024ce19aa7258f694f618422eec929697d978ea9c4eb1f030ce850d0066df0be.qpy,1,1,0.005177736049517989,711,2,2,0,postgres,small_size,0,success,0.0007862718775868416,2,1015756,"{""effective_cache_size"": ""8GB"", ""from_collapse_limit"": 1, ""hash_mem_multiplier"": ""2.0"", ""jit"": ""off"", ""join_collapse_limit"": 1, ""max_parallel_workers_per_gather"": 4, ""temp_buffers"": ""128MB"", ""temp_file_limit"": ""-1"", ""work_mem"": ""256MB""}",
024ce19aa7258f694f618422eec929697d978ea9c4eb1f030ce850d0066df0be,/home/timlittau/Documents/InferQ/analysis/finetuned_rdbms_162/qpy/024ce19aa7258f694f618422eec929697d978ea9c4eb1f030ce850d0066df0be.qpy,1,1,0.005177736049517989,711,2,2,0,postgres,small_size,1,success,0.0056889650877565145,2,1140860,"{""effective_cache_size"": ""8GB"", ""from_collapse_limit"": 1, ""hash_mem_multiplier"": ""2.0"", ""jit"": ""off"", ""join_collapse_limit"": 1, ""max_parallel_workers_per_gather"": 4, ""temp_buffers"": ""128MB"", ""temp_file_limit"": ""-1"", ""work_mem"": ""256MB""}",
0251e39440824b450fd237f6fb7fed486dbab3bfcbbe810527a99ccd6e5f464a,/home/timlittau/Documents/InferQ/analysis/finetuned_rdbms_162/qpy/0251e39440824b450fd237f6fb7fed486dbab3bfcbbe810527a99ccd6e5f464a.qpy,1,1,0.01174645102582872,662,2,2,0,sqlite,large_size,0,success,0.0009881190489977598,2,412199,"{""cache_mb"": 128, ""db_path"": ""analysis/finetuned_rdbms_162_baseline_min_floor_100ms_contraction_all_engines/tmp/large_size/sqlite/bench.db"", ""mmap_mb"": 128, ""temp_store"": ""MEMORY"", ""threads"": 1}",
0251e39440824b450fd237f6fb7fed486dbab3bfcbbe810527a99ccd6e5f464a,/home/timlittau/Documents/InferQ/analysis/finetuned_rdbms_162/qpy/0251e39440824b450fd237f6fb7fed486dbab3bfcbbe810527a99ccd6e5f464a.qpy,1,1,0.01174645102582872,662,2,2,0,sqlite,large_size,1,success,0.0006950830575078726,2,282311,"{""cache_mb"": 128, ""db_path"": ""analysis/finetuned_rdbms_162_baseline_min_floor_100ms_contraction_all_engines/tmp/large_size/sqlite/bench.db"", ""mmap_mb"": 128, ""temp_store"": ""MEMORY"", ""threads"": 1}",
0251e39440824b450fd237f6fb7fed486dbab3bfcbbe810527a99ccd6e5f464a,/home/timlittau/Documents/InferQ/analysis/finetuned_rdbms_162/qpy/0251e39440824b450fd237f6fb7fed486dbab3bfcbbe810527a99ccd6e5f464a.qpy,1,1,0.01174645102582872,662,2,2,0,duckdb,large_size,0,success,0.0014959839172661304,2,136692,"{""max_temp_directory_size"": ""128GB"", ""memory_limit"": ""7409MB"", ""preserve_insertion_order"": true, ""temp_directory"": ""analysis/finetuned_rdbms_162_baseline_min_floor_100ms_contraction_all_engines/tmp/large_size/duckdb"", ""threads"": 1}",
0251e39440824b450fd237f6fb7fed486dbab3bfcbbe810527a99ccd6e5f464a,/home/timlittau/Documents/InferQ/analysis/finetuned_rdbms_162/qpy/0251e39440824b450fd237f6fb7fed486dbab3bfcbbe810527a99ccd6e5f464a.qpy,1,1,0.01174645102582872,662,2,2,0,duckdb,large_size,1,success,0.0014770620036870241,2,4544,"{""max_temp_directory_size"": ""128GB"", ""memory_limit"": ""7409MB"", ""preserve_insertion_order"": true, ""temp_directory"": ""analysis/finetuned_rdbms_162_baseline_min_floor_100ms_contraction_all_engines/tmp/large_size/duckdb"", ""threads"": 1}",
0251e39440824b450fd237f6fb7fed486dbab3bfcbbe810527a99ccd6e5f464a,/home/timlittau/Documents/InferQ/analysis/finetuned_rdbms_162/qpy/0251e39440824b450fd237f6fb7fed486dbab3bfcbbe810527a99ccd6e5f464a.qpy,1,1,0.01174645102582872,662,2,2,0,postgres,large_size,0,success,0.0013150088489055634,2,5067,"{""effective_cache_size"": ""2GB"", ""from_collapse_limit"": 1, ""hash_mem_multiplier"": ""1.94"", ""jit"": ""off"", ""join_collapse_limit"": 4, ""max_parallel_workers_per_gather"": 0, ""temp_buffers"": ""65MB"", ""temp_file_limit"": ""-1"", ""work_mem"": ""55MB""}",
0251e39440824b450fd237f6fb7fed486dbab3bfcbbe810527a99ccd6e5f464a,/home/timlittau/Documents/InferQ/analysis/finetuned_rdbms_162/qpy/0251e39440824b450fd237f6fb7fed486dbab3bfcbbe810527a99ccd6e5f464a.qpy,1,1,0.01174645102582872,662,2,2,0,postgres,large_size,1,success,0.0017893330659717321,2,5067,"{""effective_cache_size"": ""2GB"", ""from_collapse_limit"": 1, ""hash_mem_multiplier"": ""1.94"", ""jit"": ""off"", ""join_collapse_limit"": 4, ""max_parallel_workers_per_gather"": 0, ""temp_buffers"": ""65MB"", ""temp_file_limit"": ""-1"", ""work_mem"": ""55MB""}",
02595ca6a3c37521eaa735c747fe095e9502c5260b8b2e318a97e6e61a2a57c1,/home/timlittau/Documents/InferQ/analysis/finetuned_rdbms_162/qpy/02595ca6a3c37521eaa735c747fe095e9502c5260b8b2e318a97e6e61a2a57c1.qpy,5,37,0.36504501290619373,12866,45,5,40,sqlite,large_size,0,success,0.011945744976401329,32,3669,"{""cache_mb"": 128, ""db_path"": ""analysis/finetuned_rdbms_162_baseline_min_floor_100ms_contraction_all_engines/tmp/large_size/sqlite/bench.db"", ""mmap_mb"": 128, ""temp_store"": ""MEMORY"", ""threads"": 1}",
02595ca6a3c37521eaa735c747fe095e9502c5260b8b2e318a97e6e61a2a57c1,/home/timlittau/Documents/InferQ/analysis/finetuned_rdbms_162/qpy/02595ca6a3c37521eaa735c747fe095e9502c5260b8b2e318a97e6e61a2a57c1.qpy,5,37,0.36504501290619373,12866,45,5,40,sqlite,large_size,1,success,0.0042924159206449986,32,3669,"{""cache_mb"": 128, ""db_path"": ""analysis/finetuned_rdbms_162_baseline_min_floor_100ms_contraction_all_engines/tmp/large_size/sqlite/bench.db"", ""mmap_mb"": 128, ""temp_store"": ""MEMORY"", ""threads"": 1}",
02595ca6a3c37521eaa735c747fe095e9502c5260b8b2e318a97e6e61a2a57c1,/home/timlittau/Documents/InferQ/analysis/finetuned_rdbms_162/qpy/02595ca6a3c37521eaa735c747fe095e9502c5260b8b2e318a97e6e61a2a57c1.qpy,5,37,0.36504501290619373,12866,45,5,40,duckdb,large_size,0,timeout,0.11788930394686759,0,982382,"{""max_temp_directory_size"": ""128GB"", ""memory_limit"": ""7409MB"", ""preserve_insertion_order"": true, ""temp_directory"": ""analysis/finetuned_rdbms_162_baseline_min_floor_100ms_contraction_all_engines/tmp/large_size/duckdb"", ""threads"": 1}",duckdb timed out after 0.1s
02595ca6a3c37521eaa735c747fe095e9502c5260b8b2e318a97e6e61a2a57c1,/home/timlittau/Documents/InferQ/analysis/finetuned_rdbms_162/qpy/02595ca6a3c37521eaa735c747fe095e9502c5260b8b2e318a97e6e61a2a57c1.qpy,5,37,0.36504501290619373,12866,45,5,40,duckdb,large_size,1,timeout,0.10994685394689441,0,3808221,"{""max_temp_directory_size"": ""128GB"", ""memory_limit"": ""7409MB"", ""preserve_insertion_order"": true, ""temp_directory"": ""analysis/finetuned_rdbms_162_baseline_min_floor_100ms_contraction_all_engines/tmp/large_size/duckdb"", ""threads"": 1}",duckdb timed out after 0.1s
02595ca6a3c37521eaa735c747fe095e9502c5260b8b2e318a97e6e61a2a57c1,/home/timlittau/Documents/InferQ/analysis/finetuned_rdbms_162/qpy/02595ca6a3c37521eaa735c747fe095e9502c5260b8b2e318a97e6e61a2a57c1.qpy,5,37,0.36504501290619373,12866,45,5,40,postgres,large_size,0,success,0.009524245047941804,32,1479327,"{""effective_cache_size"": ""2GB"", ""from_collapse_limit"": 1, ""hash_mem_multiplier"": ""1.94"", ""jit"": ""off"", ""join_collapse_limit"": 4, ""max_parallel_workers_per_gather"": 0, ""temp_buffers"": ""65MB"", ""temp_file_limit"": ""-1"", ""work_mem"": ""55MB""}",
02595ca6a3c37521eaa735c747fe095e9502c5260b8b2e318a97e6e61a2a57c1,/home/timlittau/Documents/InferQ/analysis/finetuned_rdbms_162/qpy/02595ca6a3c37521eaa735c747fe095e9502c5260b8b2e318a97e6e61a2a57c1.qpy,5,37,0.36504501290619373,12866,45,5,40,postgres,large_size,1,success,0.009511709911748767,32,17799,"{""effective_cache_size"": ""2GB"", ""from_collapse_limit"": 1, ""hash_mem_multiplier"": ""1.94"", ""jit"": ""off"", ""join_collapse_limit"": 4, ""max_parallel_workers_per_gather"": 0, ""temp_buffers"": ""65MB"", ""temp_file_limit"": ""-1"", ""work_mem"": ""55MB""}",
025b850f34d5d01976c174d5930cbbc7b7ccd82eef96c119ffd7b98bb6334c9b,/home/timlittau/Documents/InferQ/analysis/finetuned_rdbms_162/qpy/025b850f34d5d01976c174d5930cbbc7b7ccd82eef96c119ffd7b98bb6334c9b.qpy,7,46,0.5160696161910892,16266,59,8,51,sqlite,small_size,0,success,0.005501376930624247,8,3807,"{""cache_mb"": 64, ""db_path"": "":memory:"", ""mmap_mb"": 0, ""temp_store"": ""MEMORY"", ""threads"": 1}",
025b850f34d5d01976c174d5930cbbc7b7ccd82eef96c119ffd7b98bb6334c9b,/home/timlittau/Documents/InferQ/analysis/finetuned_rdbms_162/qpy/025b850f34d5d01976c174d5930cbbc7b7ccd82eef96c119ffd7b98bb6334c9b.qpy,7,46,0.5160696161910892,16266,59,8,51,sqlite,small_size,1,success,0.006083582993596792,8,3807,"{""cache_mb"": 64, ""db_path"": "":memory:"", ""mmap_mb"": 0, ""temp_store"": ""MEMORY"", ""threads"": 1}",
025b850f34d5d01976c174d5930cbbc7b7ccd82eef96c119ffd7b98bb6334c9b,/home/timlittau/Documents/InferQ/analysis/finetuned_rdbms_162/qpy/025b850f34d5d01976c174d5930cbbc7b7ccd82eef96c119ffd7b98bb6334c9b.qpy,7,46,0.5160696161910892,16266,59,8,51,duckdb,small_size,0,timeout,0.1064151730388403,0,19966,"{""max_temp_directory_size"": ""256GB"", ""memory_limit"": ""10780MB"", ""preserve_insertion_order"": false, ""temp_directory"": ""analysis/finetuned_rdbms_162_baseline_min_floor_100ms_contraction_all_engines/tmp/small_size/duckdb"", ""threads"": 2}",duckdb timed out after 0.1s
025b850f34d5d01976c174d5930cbbc7b7ccd82eef96c119ffd7b98bb6334c9b,/home/timlittau/Documents/InferQ/analysis/finetuned_rdbms_162/qpy/025b850f34d5d01976c174d5930cbbc7b7ccd82eef96c119ffd7b98bb6334c9b.qpy,7,46,0.5160696161910892,16266,59,8,51,duckdb,small_size,1,timeout,0.10743571002967656,0,20214,"{""max_temp_directory_size"": ""256GB"", ""memory_limit"": ""10780MB"", ""preserve_insertion_order"": false, ""temp_directory"": ""analysis/finetuned_rdbms_162_baseline_min_floor_100ms_contraction_all_engines/tmp/small_size/duckdb"", ""threads"": 2}",duckdb timed out after 0.1s
025b850f34d5d01976c174d5930cbbc7b7ccd82eef96c119ffd7b98bb6334c9b,/home/timlittau/Documents/InferQ/analysis/finetuned_rdbms_162/qpy/025b850f34d5d01976c174d5930cbbc7b7ccd82eef96c119ffd7b98bb6334c9b.qpy,7,46,0.5160696161910892,16266,59,8,51,postgres,small_size,0,success,0.012784347869455814,8,21199,"{""effective_cache_size"": ""8GB"", ""from_collapse_limit"": 1, ""hash_mem_multiplier"": ""2.0"", ""jit"": ""off"", ""join_collapse_limit"": 1, ""max_parallel_workers_per_gather"": 4, ""temp_buffers"": ""128MB"", ""temp_file_limit"": ""-1"", ""work_mem"": ""256MB""}",
025b850f34d5d01976c174d5930cbbc7b7ccd82eef96c119ffd7b98bb6334c9b,/home/timlittau/Documents/InferQ/analysis/finetuned_rdbms_162/qpy/025b850f34d5d01976c174d5930cbbc7b7ccd82eef96c119ffd7b98bb6334c9b.qpy,7,46,0.5160696161910892,16266,59,8,51,postgres,small_size,1,success,0.012832950102165341,8,21199,"{""effective_cache_size"": ""8GB"", ""from_collapse_limit"": 1, ""hash_mem_multiplier"": ""2.0"", ""jit"": ""off"", ""join_collapse_limit"": 1, ""max_parallel_workers_per_gather"": 4, ""temp_buffers"": ""128MB"", ""temp_file_limit"": ""-1"", ""work_mem"": ""256MB""}",
025fd6c2b5c9fa71d1371055717861c5b4e26013f77beebd9aa6ef407414fd4a,/home/timlittau/Documents/InferQ/analysis/finetuned_rdbms_162/qpy/025fd6c2b5c9fa71d1371055717861c5b4e26013f77beebd9aa6ef407414fd4a.qpy,9,19,0.18179939198307693,7907,30,4,26,sqlite,small_size,0,success,0.0030780169181525707,128,8101,"{""cache_mb"": 64, ""db_path"": "":memory:"", ""mmap_mb"": 0, ""temp_store"": ""MEMORY"", ""threads"": 1}",
025fd6c2b5c9fa71d1371055717861c5b4e26013f77beebd9aa6ef407414fd4a,/home/timlittau/Documents/InferQ/analysis/finetuned_rdbms_162/qpy/025fd6c2b5c9fa71d1371055717861c5b4e26013f77beebd9aa6ef407414fd4a.qpy,9,19,0.18179939198307693,7907,30,4,26,sqlite,small_size,1,success,0.002758495043963194,128,8077,"{""cache_mb"": 64, ""db_path"": "":memory:"", ""mmap_mb"": 0, ""temp_store"": ""MEMORY"", ""threads"": 1}",
025fd6c2b5c9fa71d1371055717861c5b4e26013f77beebd9aa6ef407414fd4a,/home/timlittau/Documents/InferQ/analysis/finetuned_rdbms_162/qpy/025fd6c2b5c9fa71d1371055717861c5b4e26013f77beebd9aa6ef407414fd4a.qpy,9,19,0.18179939198307693,7907,30,4,26,duckdb,small_size,0,success,0.019046030938625336,128,11727,"{""max_temp_directory_size"": ""256GB"", ""memory_limit"": ""10780MB"", ""preserve_insertion_order"": false, ""temp_directory"": ""analysis/finetuned_rdbms_162_baseline_min_floor_100ms_contraction_all_engines/tmp/small_size/duckdb"", ""threads"": 2}",
025fd6c2b5c9fa71d1371055717861c5b4e26013f77beebd9aa6ef407414fd4a,/home/timlittau/Documents/InferQ/analysis/finetuned_rdbms_162/qpy/025fd6c2b5c9fa71d1371055717861c5b4e26013f77beebd9aa6ef407414fd4a.qpy,9,19,0.18179939198307693,7907,30,4,26,duckdb,small_size,1,success,0.019746117061004043,128,11793,"{""max_temp_directory_size"": ""256GB"", ""memory_limit"": ""10780MB"", ""preserve_insertion_order"": false, ""temp_directory"": ""analysis/finetuned_rdbms_162_baseline_min_floor_100ms_contraction_all_engines/tmp/small_size/duckdb"", ""threads"": 2}",
025fd6c2b5c9fa71d1371055717861c5b4e26013f77beebd9aa6ef407414fd4a,/home/timlittau/Documents/InferQ/analysis/finetuned_rdbms_162/qpy/025fd6c2b5c9fa71d1371055717861c5b4e26013f77beebd9aa6ef407414fd4a.qpy,9,19,0.18179939198307693,7907,30,4,26,postgres,small_size,0,success,0.006550956051796675,128,17753,"{""effective_cache_size"": ""8GB"", ""from_collapse_limit"": 1, ""hash_mem_multiplier"": ""2.0"", ""jit"": ""off"", ""join_collapse_limit"": 1, ""max_parallel_workers_per_gather"": 4, ""temp_buffers"": ""128MB"", ""temp_file_limit"": ""-1"", ""work_mem"": ""256MB""}",
025fd6c2b5c9fa71d1371055717861c5b4e26013f77beebd9aa6ef407414fd4a,/home/timlittau/Documents/InferQ/analysis/finetuned_rdbms_162/qpy/025fd6c2b5c9fa71d1371055717861c5b4e26013f77beebd9aa6ef407414fd4a.qpy,9,19,0.18179939198307693,7907,30,4,26,postgres,small_size,1,success,0.011231729993596673,128,17753,"{""effective_cache_size"": ""8GB"", ""from_collapse_limit"": 1, ""hash_mem_multiplier"": ""2.0"", ""jit"": ""off"", ""join_collapse_limit"": 1, ""max_parallel_workers_per_gather"": 4, ""temp_buffers"": ""128MB"", ""temp_file_limit"": ""-1"", ""work_mem"": ""256MB""}",
027c20d4ef7aaed7498a052c00871e90e44f69dcbe0690a78104cd06a5bfe0ef,/home/timlittau/Documents/InferQ/analysis/finetuned_rdbms_162/qpy/027c20d4ef7aaed7498a052c00871e90e44f69dcbe0690a78104cd06a5bfe0ef.qpy,3,30,0.2789689421188086,10064,36,5,31,sqlite,small_size,0,success,0.0032413520384579897,8,3807,"{""cache_mb"": 64, ""db_path"": "":memory:"", ""mmap_mb"": 0, ""temp_store"": ""MEMORY"", ""threads"": 1}",
027c20d4ef7aaed7498a052c00871e90e44f69dcbe0690a78104cd06a5bfe0ef,/home/timlittau/Documents/InferQ/analysis/finetuned_rdbms_162/qpy/027c20d4ef7aaed7498a052c00871e90e44f69dcbe0690a78104cd06a5bfe0ef.qpy,3,30,0.2789689421188086,10064,36,5,31,sqlite,small_size,1,success,0.0029679022263735533,8,3807,"{""cache_mb"": 64, ""db_path"": "":memory:"", ""mmap_mb"": 0, ""temp_store"": ""MEMORY"", ""threads"": 1}",
027c20d4ef7aaed7498a052c00871e90e44f69dcbe0690a78104cd06a5bfe0ef,/home/timlittau/Documents/InferQ/analysis/finetuned_rdbms_162/qpy/027c20d4ef7aaed7498a052c00871e90e44f69dcbe0690a78104cd06a5bfe0ef.qpy,3,30,0.2789689421188086,10064,36,5,31,duckdb,small_size,0,success,0.08024406898766756,8,14270,"{""max_temp_directory_size"": ""256GB"", ""memory_limit"": ""10780MB"", ""preserve_insertion_order"": false, ""temp_directory"": ""analysis/finetuned_rdbms_162_baseline_min_floor_100ms_contraction_all_engines/tmp/small_size/duckdb"", ""threads"": 2}",
027c20d4ef7aaed7498a052c00871e90e44f69dcbe0690a78104cd06a5bfe0ef,/home/timlittau/Documents/InferQ/analysis/finetuned_rdbms_162/qpy/027c20d4ef7aaed7498a052c00871e90e44f69dcbe0690a78104cd06a5bfe0ef.qpy,3,30,0.2789689421188086,10064,36,5,31,duckdb,small_size,1,success,0.08001282112672925,8,13764,"{""max_temp_directory_size"": ""256GB"", ""memory_limit"": ""10780MB"", ""preserve_insertion_order"": false, ""temp_directory"": ""analysis/finetuned_rdbms_162_baseline_min_floor_100ms_contraction_all_engines/tmp/small_size/duckdb"", ""threads"": 2}",
027c20d4ef7aaed7498a052c00871e90e44f69dcbe0690a78104cd06a5bfe0ef,/home/timlittau/Documents/InferQ/analysis/finetuned_rdbms_162/qpy/027c20d4ef7aaed7498a052c00871e90e44f69dcbe0690a78104cd06a5bfe0ef.qpy,3,30,0.2789689421188086,10064,36,5,31,postgres,small_size,0,success,0.006994333118200302,8,14645,"{""effective_cache_size"": ""8GB"", ""from_collapse_limit"": 1, ""hash_mem_multiplier"": ""2.0"", ""jit"": ""off"", ""join_collapse_limit"": 1, ""max_parallel_workers_per_gather"": 4, ""temp_buffers"": ""128MB"", ""temp_file_limit"": ""-1"", ""work_mem"": ""256MB""}",
027c20d4ef7aaed7498a052c00871e90e44f69dcbe0690a78104cd06a5bfe0ef,/home/timlittau/Documents/InferQ/analysis/finetuned_rdbms_162/qpy/027c20d4ef7aaed7498a052c00871e90e44f69dcbe0690a78104cd06a5bfe0ef.qpy,3,30,0.2789689421188086,10064,36,5,31,postgres,small_size,1,success,0.0066454289481043816,8,14645,"{""effective_cache_size"": ""8GB"", ""from_collapse_limit"": 1, ""hash_mem_multiplier"": ""2.0"", ""jit"": ""off"", ""join_collapse_limit"": 1, ""max_parallel_workers_per_gather"": 4, ""temp_buffers"": ""128MB"", ""temp_file_limit"": ""-1"", ""work_mem"": ""256MB""}",
028461c3d55dc941f2914dc7718c542648ebcc51bc427ab18894fc1ca1a649d0,/home/timlittau/Documents/InferQ/analysis/finetuned_rdbms_162/qpy/028461c3d55dc941f2914dc7718c542648ebcc51bc427ab18894fc1ca1a649d0.qpy,2,22,0.18078967998735607,8138,29,7,22,sqlite,small_size,0,success,0.0023969230242073536,4,3807,"{""cache_mb"": 64, ""db_path"": "":memory:"", ""mmap_mb"": 0, ""temp_store"": ""MEMORY"", ""threads"": 1}",
028461c3d55dc941f2914dc7718c542648ebcc51bc427ab18894fc1ca1a649d0,/home/timlittau/Documents/InferQ/analysis/finetuned_rdbms_162/qpy/028461c3d55dc941f2914dc7718c542648ebcc51bc427ab18894fc1ca1a649d0.qpy,2,22,0.18078967998735607,8138,29,7,22,sqlite,small_size,1,success,0.002016355050727725,4,3807,"{""cache_mb"": 64, ""db_path"": "":memory:"", ""mmap_mb"": 0, ""temp_store"": ""MEMORY"", ""threads"": 1}",
028461c3d55dc941f2914dc7718c542648ebcc51bc427ab18894fc1ca1a649d0,/home/timlittau/Documents/InferQ/analysis/finetuned_rdbms_162/qpy/028461c3d55dc941f2914dc7718c542648ebcc51bc427ab18894fc1ca1a649d0.qpy,2,22,0.18078967998735607,8138,29,7,22,duckdb,small_size,0,success,0.03246801090426743,4,11838,"{""max_temp_directory_size"": ""256GB"", ""memory_limit"": ""10780MB"", ""preserve_insertion_order"": false, ""temp_directory"": ""analysis/finetuned_rdbms_162_baseline_min_floor_100ms_contraction_all_engines/tmp/small_size/duckdb"", ""threads"": 2}",
028461c3d55dc941f2914dc7718c542648ebcc51bc427ab18894fc1ca1a649d0,/home/timlittau/Documents/InferQ/analysis/finetuned_rdbms_162/qpy/028461c3d55dc941f2914dc7718c542648ebcc51bc427ab18894fc1ca1a649d0.qpy,2,22,0.18078967998735607,8138,29,7,22,duckdb,small_size,1,success,0.03193386411294341,4,11900,"{""max_temp_directory_size"": ""256GB"", ""memory_limit"": ""10780MB"", ""preserve_insertion_order"": false, ""temp_directory"": ""analysis/finetuned_rdbms_162_baseline_min_floor_100ms_contraction_all_engines/tmp/small_size/duckdb"", ""threads"": 2}",
028461c3d55dc941f2914dc7718c542648ebcc51bc427ab18894fc1ca1a649d0,/home/timlittau/Documents/InferQ/analysis/finetuned_rdbms_162/qpy/028461c3d55dc941f2914dc7718c542648ebcc51bc427ab18894fc1ca1a649d0.qpy,2,22,0.18078967998735607,8138,29,7,22,postgres,small_size,0,success,0.005041121039539576,4,12919,"{""effective_cache_size"": ""8GB"", ""from_collapse_limit"": 1, ""hash_mem_multiplier"": ""2.0"", ""jit"": ""off"", ""join_collapse_limit"": 1, ""max_parallel_workers_per_gather"": 4, ""temp_buffers"": ""128MB"", ""temp_file_limit"": ""-1"", ""work_mem"": ""256MB""}",
028461c3d55dc941f2914dc7718c542648ebcc51bc427ab18894fc1ca1a649d0,/home/timlittau/Documents/InferQ/analysis/finetuned_rdbms_162/qpy/028461c3d55dc941f2914dc7718c542648ebcc51bc427ab18894fc1ca1a649d0.qpy,2,22,0.18078967998735607,8138,29,7,22,postgres,small_size,1,success,0.004950760863721371,4,12631,"{""effective_cache_size"": ""8GB"", ""from_collapse_limit"": 1, ""hash_mem_multiplier"": ""2.0"", ""jit"": ""off"", ""join_collapse_limit"": 1, ""max_parallel_workers_per_gather"": 4, ""temp_buffers"": ""128MB"", ""temp_file_limit"": ""-1"", ""work_mem"": ""256MB""}",
0288aadc2f6f0eded15572537a89ca0a88d8560587a7207348c9128efef31184,/home/timlittau/Documents/InferQ/analysis/finetuned_rdbms_162/qpy/0288aadc2f6f0eded15572537a89ca0a88d8560587a7207348c9128efef31184.qpy,3,21,0.19324590894393623,7104,26,4,22,sqlite,small_size,0,success,0.00243958318606019,8,3807,"{""cache_mb"": 64, ""db_path"": "":memory:"", ""mmap_mb"": 0, ""temp_store"": ""MEMORY"", ""threads"": 1}",
0288aadc2f6f0eded15572537a89ca0a88d8560587a7207348c9128efef31184,/home/timlittau/Documents/InferQ/analysis/finetuned_rdbms_162/qpy/0288aadc2f6f0eded15572537a89ca0a88d8560587a7207348c9128efef31184.qpy,3,21,0.19324590894393623,7104,26,4,22,sqlite,small_size,1,success,0.0020503010600805283,8,3807,"{""cache_mb"": 64, ""db_path"": "":memory:"", ""mmap_mb"": 0, ""temp_store"": ""MEMORY"", ""threads"": 1}",
0288aadc2f6f0eded15572537a89ca0a88d8560587a7207348c9128efef31184,/home/timlittau/Documents/InferQ/analysis/finetuned_rdbms_162/qpy/0288aadc2f6f0eded15572537a89ca0a88d8560587a7207348c9128efef31184.qpy,3,21,0.19324590894393623,7104,26,4,22,duckdb,small_size,0,success,0.04716711491346359,8,11334,"{""max_temp_directory_size"": ""256GB"", ""memory_limit"": ""10780MB"", ""preserve_insertion_order"": false, ""temp_directory"": ""analysis/finetuned_rdbms_162_baseline_min_floor_100ms_contraction_all_engines/tmp/small_size/duckdb"", ""threads"": 2}",
0288aadc2f6f0eded15572537a89ca0a88d8560587a7207348c9128efef31184,/home/timlittau/Documents/InferQ/analysis/finetuned_rdbms_162/qpy/0288aadc2f6f0eded15572537a89ca0a88d8560587a7207348c9128efef31184.qpy,3,21,0.19324590894393623,7104,26,4,22,duckdb,small_size,1,success,0.05168140004388988,8,11110,"{""max_temp_directory_size"": ""256GB"", ""memory_limit"": ""10780MB"", ""preserve_insertion_order"": false, ""temp_directory"": ""analysis/finetuned_rdbms_162_baseline_min_floor_100ms_contraction_all_engines/tmp/small_size/duckdb"", ""threads"": 2}",
0288aadc2f6f0eded15572537a89ca0a88d8560587a7207348c9128efef31184,/home/timlittau/Documents/InferQ/analysis/finetuned_rdbms_162/qpy/0288aadc2f6f0eded15572537a89ca0a88d8560587a7207348c9128efef31184.qpy,3,21,0.19324590894393623,7104,26,4,22,postgres,small_size,0,success,0.004716082010418177,8,11685,"{""effective_cache_size"": ""8GB"", ""from_collapse_limit"": 1, ""hash_mem_multiplier"": ""2.0"", ""jit"": ""off"", ""join_collapse_limit"": 1, ""max_parallel_workers_per_gather"": 4, ""temp_buffers"": ""128MB"", ""temp_file_limit"": ""-1"", ""work_mem"": ""256MB""}",
0288aadc2f6f0eded15572537a89ca0a88d8560587a7207348c9128efef31184,/home/timlittau/Documents/InferQ/analysis/finetuned_rdbms_162/qpy/0288aadc2f6f0eded15572537a89ca0a88d8560587a7207348c9128efef31184.qpy,3,21,0.19324590894393623,7104,26,4,22,postgres,small_size,1,success,0.004676565993577242,8,11685,"{""effective_cache_size"": ""8GB"", ""from_collapse_limit"": 1, ""hash_mem_multiplier"": ""2.0"", ""jit"": ""off"", ""join_collapse_limit"": 1, ""max_parallel_workers_per_gather"": 4, ""temp_buffers"": ""128MB"", ""temp_file_limit"": ""-1"", ""work_mem"": ""256MB""}",
0288aed073be1589c88519b0ecfbe442ceaf9bbd3fd6fef437957d3a2963bfc6,/home/timlittau/Documents/InferQ/analysis/finetuned_rdbms_162/qpy/0288aed073be1589c88519b0ecfbe442ceaf9bbd3fd6fef437957d3a2963bfc6.qpy,6,39,0.40520951291546226,13787,48,5,43,sqlite,large_size,0,success,0.0064998341258615255,64,4413,"{""cache_mb"": 128, ""db_path"": ""analysis/finetuned_rdbms_162_baseline_min_floor_100ms_contraction_all_engines/tmp/large_size/sqlite/bench.db"", ""mmap_mb"": 128, ""temp_store"": ""MEMORY"", ""threads"": 1}",
0288aed073be1589c88519b0ecfbe442ceaf9bbd3fd6fef437957d3a2963bfc6,/home/timlittau/Documents/InferQ/analysis/finetuned_rdbms_162/qpy/0288aed073be1589c88519b0ecfbe442ceaf9bbd3fd6fef437957d3a2963bfc6.qpy,6,39,0.40520951291546226,13787,48,5,43,sqlite,large_size,1,success,0.005849767010658979,64,4413,"{""cache_mb"": 128, ""db_path"": ""analysis/finetuned_rdbms_162_baseline_min_floor_100ms_contraction_all_engines/tmp/large_size/sqlite/bench.db"", ""mmap_mb"": 128, ""temp_store"": ""MEMORY"", ""threads"": 1}",
0288aed073be1589c88519b0ecfbe442ceaf9bbd3fd6fef437957d3a2963bfc6,/home/timlittau/Documents/InferQ/analysis/finetuned_rdbms_162/qpy/0288aed073be1589c88519b0ecfbe442ceaf9bbd3fd6fef437957d3a2963bfc6.qpy,6,39,0.40520951291546226,13787,48,5,43,duckdb,large_size,0,timeout,0.10846679611131549,0,17731,"{""max_temp_directory_size"": ""128GB"", ""memory_limit"": ""7409MB"", ""preserve_insertion_order"": true, ""temp_directory"": ""analysis/finetuned_rdbms_162_baseline_min_floor_100ms_contraction_all_engines/tmp/large_size/duckdb"", ""threads"": 1}",duckdb timed out after 0.1s
0288aed073be1589c88519b0ecfbe442ceaf9bbd3fd6fef437957d3a2963bfc6,/home/timlittau/Documents/InferQ/analysis/finetuned_rdbms_162/qpy/0288aed073be1589c88519b0ecfbe442ceaf9bbd3fd6fef437957d3a2963bfc6.qpy,6,39,0.40520951291546226,13787,48,5,43,duckdb,large_size,1,timeout,0.10681038582697511,0,17487,"{""max_temp_directory_size"": ""128GB"", ""memory_limit"": ""7409MB"", ""preserve_insertion_order"": true, ""temp_directory"": ""analysis/finetuned_rdbms_162_baseline_min_floor_100ms_contraction_all_engines/tmp/large_size/duckdb"", ""threads"": 1}",duckdb timed out after 0.1s
0288aed073be1589c88519b0ecfbe442ceaf9bbd3fd6fef437957d3a2963bfc6,/home/timlittau/Documents/InferQ/analysis/finetuned_rdbms_162/qpy/0288aed073be1589c88519b0ecfbe442ceaf9bbd3fd6fef437957d3a2963bfc6.qpy,6,39,0.40520951291546226,13787,48,5,43,postgres,large_size,0,success,0.011567292036488652,64,19830,"{""effective_cache_size"": ""2GB"", ""from_collapse_limit"": 1, ""hash_mem_multiplier"": ""1.94"", ""jit"": ""off"", ""join_collapse_limit"": 4, ""max_parallel_workers_per_gather"": 0, ""temp_buffers"": ""65MB"", ""temp_file_limit"": ""-1"", ""work_mem"": ""55MB""}",
0288aed073be1589c88519b0ecfbe442ceaf9bbd3fd6fef437957d3a2963bfc6,/home/timlittau/Documents/InferQ/analysis/finetuned_rdbms_162/qpy/0288aed073be1589c88519b0ecfbe442ceaf9bbd3fd6fef437957d3a2963bfc6.qpy,6,39,0.40520951291546226,13787,48,5,43,postgres,large_size,1,success,0.011361938901245594,64,19782,"{""effective_cache_size"": ""2GB"", ""from_collapse_limit"": 1, ""hash_mem_multiplier"": ""1.94"", ""jit"": ""off"", ""join_collapse_limit"": 4, ""max_parallel_workers_per_gather"": 0, ""temp_buffers"": ""65MB"", ""temp_file_limit"": ""-1"", ""work_mem"": ""55MB""}",
02a16978acc560a0bbb934d8ea0674fb5707295e9a3639d22aac62fcb031f577,/home/timlittau/Documents/InferQ/analysis/finetuned_rdbms_162/qpy/02a16978acc560a0bbb934d8ea0674fb5707295e9a3639d22aac62fcb031f577.qpy,1,1,0.005400785943493247,709,2,2,0,sqlite,small_size,0,success,0.000333267031237483,2,3807,"{""cache_mb"": 64, ""db_path"": "":memory:"", ""mmap_mb"": 0, ""temp_store"": ""MEMORY"", ""threads"": 1}",
02a16978acc560a0bbb934d8ea0674fb5707295e9a3639d22aac62fcb031f577,/home/timlittau/Documents/InferQ/analysis/finetuned_rdbms_162/qpy/02a16978acc560a0bbb934d8ea0674fb5707295e9a3639d22aac62fcb031f577.qpy,1,1,0.005400785943493247,709,2,2,0,sqlite,small_size,1,success,0.0001433040015399456,2,3807,"{""cache_mb"": 64, ""db_path"": "":memory:"", ""mmap_mb"": 0, ""temp_store"": ""MEMORY"", ""threads"": 1}",
02a16978acc560a0bbb934d8ea0674fb5707295e9a3639d22aac62fcb031f577,/home/timlittau/Documents/InferQ/analysis/finetuned_rdbms_162/qpy/02a16978acc560a0bbb934d8ea0674fb5707295e9a3639d22aac62fcb031f577.qpy,1,1,0.005400785943493247,709,2,2,0,duckdb,small_size,0,success,0.001889033941552043,2,4847,"{""max_temp_directory_size"": ""256GB"", ""memory_limit"": ""10780MB"", ""preserve_insertion_order"": false, ""temp_directory"": ""analysis/finetuned_rdbms_162_baseline_min_floor_100ms_contraction_all_engines/tmp/small_size/duckdb"", ""threads"": 2}",
02a16978acc560a0bbb934d8ea0674fb5707295e9a3639d22aac62fcb031f577,/home/timlittau/Documents/InferQ/analysis/finetuned_rdbms_162/qpy/02a16978acc560a0bbb934d8ea0674fb5707295e9a3639d22aac62fcb031f577.qpy,1,1,0.005400785943493247,709,2,2,0,duckdb,small_size,1,success,0.0017453429754823446,2,4879,"{""max_temp_directory_size"": ""256GB"", ""memory_limit"": ""10780MB"", ""preserve_insertion_order"": false, ""temp_directory"": ""analysis/finetuned_rdbms_162_baseline_min_floor_100ms_contraction_all_engines/tmp/small_size/duckdb"", ""threads"": 2}",
02a16978acc560a0bbb934d8ea0674fb5707295e9a3639d22aac62fcb031f577,/home/timlittau/Documents/InferQ/analysis/finetuned_rdbms_162/qpy/02a16978acc560a0bbb934d8ea0674fb5707295e9a3639d22aac62fcb031f577.qpy,1,1,0.005400785943493247,709,2,2,0,postgres,small_size,0,success,0.000664019025862217,2,5114,"{""effective_cache_size"": ""8GB"", ""from_collapse_limit"": 1, ""hash_mem_multiplier"": ""2.0"", ""jit"": ""off"", ""join_collapse_limit"": 1, ""max_parallel_workers_per_gather"": 4, ""temp_buffers"": ""128MB"", ""temp_file_limit"": ""-1"", ""work_mem"": ""256MB""}",
02a16978acc560a0bbb934d8ea0674fb5707295e9a3639d22aac62fcb031f577,/home/timlittau/Documents/InferQ/analysis/finetuned_rdbms_162/qpy/02a16978acc560a0bbb934d8ea0674fb5707295e9a3639d22aac62fcb031f577.qpy,1,1,0.005400785943493247,709,2,2,0,postgres,small_size,1,success,0.0006889668293297291,2,5114,"{""effective_cache_size"": ""8GB"", ""from_collapse_limit"": 1, ""hash_mem_multiplier"": ""2.0"", ""jit"": ""off"", ""join_collapse_limit"": 1, ""max_parallel_workers_per_gather"": 4, ""temp_buffers"": ""128MB"", ""temp_file_limit"": ""-1"", ""work_mem"": ""256MB""}",
02b5fd1afb9c0eef8a5f55be9d0a8a26d182f9233bd410548bf7f14d410b13a4,/home/timlittau/Documents/InferQ/analysis/finetuned_rdbms_162/qpy/02b5fd1afb9c0eef8a5f55be9d0a8a26d182f9233bd410548bf7f14d410b13a4.qpy,5,59,0.5904106460511684,19396,67,5,62,sqlite,small_size,0,success,0.006954035023227334,32,3807,"{""cache_mb"": 64, ""db_path"": "":memory:"", ""mmap_mb"": 0, ""temp_store"": ""MEMORY"", ""threads"": 1}",
02b5fd1afb9c0eef8a5f55be9d0a8a26d182f9233bd410548bf7f14d410b13a4,/home/timlittau/Documents/InferQ/analysis/finetuned_rdbms_162/qpy/02b5fd1afb9c0eef8a5f55be9d0a8a26d182f9233bd410548bf7f14d410b13a4.qpy,5,59,0.5904106460511684,19396,67,5,62,sqlite,small_size,1,success,0.007824272150173783,32,4575,"{""cache_mb"": 64, ""db_path"": "":memory:"", ""mmap_mb"": 0, ""temp_store"": ""MEMORY"", ""threads"": 1}",
02b5fd1afb9c0eef8a5f55be9d0a8a26d182f9233bd410548bf7f14d410b13a4,/home/timlittau/Documents/InferQ/analysis/finetuned_rdbms_162/qpy/02b5fd1afb9c0eef8a5f55be9d0a8a26d182f9233bd410548bf7f14d410b13a4.qpy,5,59,0.5904106460511684,19396,67,5,62,duckdb,small_size,0,timeout,0.10925903404131532,0,24254,"{""max_temp_directory_size"": ""256GB"", ""memory_limit"": ""10780MB"", ""preserve_insertion_order"": false, ""temp_directory"": ""analysis/finetuned_rdbms_162_baseline_min_floor_100ms_contraction_all_engines/tmp/small_size/duckdb"", ""threads"": 2}",duckdb timed out after 0.1s
02b5fd1afb9c0eef8a5f55be9d0a8a26d182f9233bd410548bf7f14d410b13a4,/home/timlittau/Documents/InferQ/analysis/finetuned_rdbms_162/qpy/02b5fd1afb9c0eef8a5f55be9d0a8a26d182f9233bd410548bf7f14d410b13a4.qpy,5,59,0.5904106460511684,19396,67,5,62,duckdb,small_size,1,timeout,0.10794884897768497,0,23384,"{""max_temp_directory_size"": ""256GB"", ""memory_limit"": ""10780MB"", ""preserve_insertion_order"": false, ""temp_directory"": ""analysis/finetuned_rdbms_162_baseline_min_floor_100ms_contraction_all_engines/tmp/small_size/duckdb"", ""threads"": 2}",duckdb timed out after 0.1s
02b5fd1afb9c0eef8a5f55be9d0a8a26d182f9233bd410548bf7f14d410b13a4,/home/timlittau/Documents/InferQ/analysis/finetuned_rdbms_162/qpy/02b5fd1afb9c0eef8a5f55be9d0a8a26d182f9233bd410548bf7f14d410b13a4.qpy,5,59,0.5904106460511684,19396,67,5,62,postgres,small_size,0,success,0.01683633401989937,32,24328,"{""effective_cache_size"": ""8GB"", ""from_collapse_limit"": 1, ""hash_mem_multiplier"": ""2.0"", ""jit"": ""off"", ""join_collapse_limit"": 1, ""max_parallel_workers_per_gather"": 4, ""temp_buffers"": ""128MB"", ""temp_file_limit"": ""-1"", ""work_mem"": ""256MB""}",
02b5fd1afb9c0eef8a5f55be9d0a8a26d182f9233bd410548bf7f14d410b13a4,/home/timlittau/Documents/InferQ/analysis/finetuned_rdbms_162/qpy/02b5fd1afb9c0eef8a5f55be9d0a8a26d182f9233bd410548bf7f14d410b13a4.qpy,5,59,0.5904106460511684,19396,67,5,62,postgres,small_size,1,success,0.016280052019283175,32,24328,"{""effective_cache_size"": ""8GB"", ""from_collapse_limit"": 1, ""hash_mem_multiplier"": ""2.0"", ""jit"": ""off"", ""join_collapse_limit"": 1, ""max_parallel_workers_per_gather"": 4, ""temp_buffers"": ""128MB"", ""temp_file_limit"": ""-1"", ""work_mem"": ""256MB""}",
02b8cc628b25182de88eaf25c79f134e5ff5342f3afd24bd1e0786efcd427e5c,/home/timlittau/Documents/InferQ/analysis/finetuned_rdbms_162/qpy/02b8cc628b25182de88eaf25c79f134e5ff5342f3afd24bd1e0786efcd427e5c.qpy,3,23,0.2084200489334762,8145,29,5,24,sqlite,large_size,0,success,0.0024667170364409685,8,3669,"{""cache_mb"": 128, ""db_path"": ""analysis/finetuned_rdbms_162_baseline_min_floor_100ms_contraction_all_engines/tmp/large_size/sqlite/bench.db"", ""mmap_mb"": 128, ""temp_store"": ""MEMORY"", ""threads"": 1}",
02b8cc628b25182de88eaf25c79f134e5ff5342f3afd24bd1e0786efcd427e5c,/home/timlittau/Documents/InferQ/analysis/finetuned_rdbms_162/qpy/02b8cc628b25182de88eaf25c79f134e5ff5342f3afd24bd1e0786efcd427e5c.qpy,3,23,0.2084200489334762,8145,29,5,24,sqlite,large_size,1,success,0.0022380410227924585,8,3669,"{""cache_mb"": 128, ""db_path"": ""analysis/finetuned_rdbms_162_baseline_min_floor_100ms_contraction_all_engines/tmp/large_size/sqlite/bench.db"", ""mmap_mb"": 128, ""temp_store"": ""MEMORY"", ""threads"": 1}",
02b8cc628b25182de88eaf25c79f134e5ff5342f3afd24bd1e0786efcd427e5c,/home/timlittau/Documents/InferQ/analysis/finetuned_rdbms_162/qpy/02b8cc628b25182de88eaf25c79f134e5ff5342f3afd24bd1e0786efcd427e5c.qpy,3,23,0.2084200489334762,8145,29,5,24,duckdb,large_size,0,success,0.03738740086555481,8,12027,"{""max_temp_directory_size"": ""128GB"", ""memory_limit"": ""7409MB"", ""preserve_insertion_order"": true, ""temp_directory"": ""analysis/finetuned_rdbms_162_baseline_min_floor_100ms_contraction_all_engines/tmp/large_size/duckdb"", ""threads"": 1}",
02b8cc628b25182de88eaf25c79f134e5ff5342f3afd24bd1e0786efcd427e5c,/home/timlittau/Documents/InferQ/analysis/finetuned_rdbms_162/qpy/02b8cc628b25182de88eaf25c79f134e5ff5342f3afd24bd1e0786efcd427e5c.qpy,3,23,0.2084200489334762,8145,29,5,24,duckdb,large_size,1,success,0.03718752786517143,8,11907,"{""max_temp_directory_size"": ""128GB"", ""memory_limit"": ""7409MB"", ""preserve_insertion_order"": true, ""temp_directory"": ""analysis/finetuned_rdbms_162_baseline_min_floor_100ms_contraction_all_engines/tmp/large_size/duckdb"", ""threads"": 1}",
02b8cc628b25182de88eaf25c79f134e5ff5342f3afd24bd1e0786efcd427e5c,/home/timlittau/Documents/InferQ/analysis/finetuned_rdbms_162/qpy/02b8cc628b25182de88eaf25c79f134e5ff5342f3afd24bd1e0786efcd427e5c.qpy,3,23,0.2084200489334762,8145,29,5,24,postgres,large_size,0,success,0.005053365835919976,8,13014,"{""effective_cache_size"": ""2GB"", ""from_collapse_limit"": 1, ""hash_mem_multiplier"": ""1.94"", ""jit"": ""off"", ""join_collapse_limit"": 4, ""max_parallel_workers_per_gather"": 0, ""temp_buffers"": ""65MB"", ""temp_file_limit"": ""-1"", ""work_mem"": ""55MB""}",
02b8cc628b25182de88eaf25c79f134e5ff5342f3afd24bd1e0786efcd427e5c,/home/timlittau/Documents/InferQ/analysis/finetuned_rdbms_162/qpy/02b8cc628b25182de88eaf25c79f134e5ff5342f3afd24bd1e0786efcd427e5c.qpy,3,23,0.2084200489334762,8145,29,5,24,postgres,large_size,1,success,0.004842638969421387,8,12726,"{""effective_cache_size"": ""2GB"", ""from_collapse_limit"": 1, ""hash_mem_multiplier"": ""1.94"", ""jit"": ""off"", ""join_collapse_limit"": 4, ""max_parallel_workers_per_gather"": 0, ""temp_buffers"": ""65MB"", ""temp_file_limit"": ""-1"", ""work_mem"": ""55MB""}",
02c1b5e3d586358ac122edac01c8d02dc8fc13badcb68f60998e9e9311b17baa,/home/timlittau/Documents/InferQ/analysis/finetuned_rdbms_162/qpy/02c1b5e3d586358ac122edac01c8d02dc8fc13badcb68f60998e9e9311b17baa.qpy,6,18,0.20252241613343358,6660,26,4,22,sqlite,small_size,0,success,0.0024169711396098137,64,5079,"{""cache_mb"": 64, ""db_path"": "":memory:"", ""mmap_mb"": 0, ""temp_store"": ""MEMORY"", ""threads"": 1}",
02c1b5e3d586358ac122edac01c8d02dc8fc13badcb68f60998e9e9311b17baa,/home/timlittau/Documents/InferQ/analysis/finetuned_rdbms_162/qpy/02c1b5e3d586358ac122edac01c8d02dc8fc13badcb68f60998e9e9311b17baa.qpy,6,18,0.20252241613343358,6660,26,4,22,sqlite,small_size,1,success,0.0021182759664952755,64,4551,"{""cache_mb"": 64, ""db_path"": "":memory:"", ""mmap_mb"": 0, ""temp_store"": ""MEMORY"", ""threads"": 1}",
02c1b5e3d586358ac122edac01c8d02dc8fc13badcb68f60998e9e9311b17baa,/home/timlittau/Documents/InferQ/analysis/finetuned_rdbms_162/qpy/02c1b5e3d586358ac122edac01c8d02dc8fc13badcb68f60998e9e9311b17baa.qpy,6,18,0.20252241613343358,6660,26,4,22,duckdb,small_size,0,success,0.08106810809113085,64,10422,"{""max_temp_directory_size"": ""256GB"", ""memory_limit"": ""10780MB"", ""preserve_insertion_order"": false, ""temp_directory"": ""analysis/finetuned_rdbms_162_baseline_min_floor_100ms_contraction_all_engines/tmp/small_size/duckdb"", ""threads"": 2}",
02c1b5e3d586358ac122edac01c8d02dc8fc13badcb68f60998e9e9311b17baa,/home/timlittau/Documents/InferQ/analysis/finetuned_rdbms_162/qpy/02c1b5e3d586358ac122edac01c8d02dc8fc13badcb68f60998e9e9311b17baa.qpy,6,18,0.20252241613343358,6660,26,4,22,duckdb,small_size,1,success,0.07750833197496831,64,10360,"{""max_temp_directory_size"": ""256GB"", ""memory_limit"": ""10780MB"", ""preserve_insertion_order"": false, ""temp_directory"": ""analysis/finetuned_rdbms_162_baseline_min_floor_100ms_contraction_all_engines/tmp/small_size/duckdb"", ""threads"": 2}",
02c1b5e3d586358ac122edac01c8d02dc8fc13badcb68f60998e9e9311b17baa,/home/timlittau/Documents/InferQ/analysis/finetuned_rdbms_162/qpy/02c1b5e3d586358ac122edac01c8d02dc8fc13badcb68f60998e9e9311b17baa.qpy,6,18,0.20252241613343358,6660,26,4,22,postgres,small_size,0,success,0.005078388145193458,64,12918,"{""effective_cache_size"": ""8GB"", ""from_collapse_limit"": 1, ""hash_mem_multiplier"": ""2.0"", ""jit"": ""off"", ""join_collapse_limit"": 1, ""max_parallel_workers_per_gather"": 4, ""temp_buffers"": ""128MB"", ""temp_file_limit"": ""-1"", ""work_mem"": ""256MB""}",
02c1b5e3d586358ac122edac01c8d02dc8fc13badcb68f60998e9e9311b17baa,/home/timlittau/Documents/InferQ/analysis/finetuned_rdbms_162/qpy/02c1b5e3d586358ac122edac01c8d02dc8fc13badcb68f60998e9e9311b17baa.qpy,6,18,0.20252241613343358,6660,26,4,22,postgres,small_size,1,success,0.005102710798382759,64,12630,"{""effective_cache_size"": ""8GB"", ""from_collapse_limit"": 1, ""hash_mem_multiplier"": ""2.0"", ""jit"": ""off"", ""join_collapse_limit"": 1, ""max_parallel_workers_per_gather"": 4, ""temp_buffers"": ""128MB"", ""temp_file_limit"": ""-1"", ""work_mem"": ""256MB""}",
02c60e104e17131eaf959cbe8186174d534fa2ffa9dac37e836f94545b145733,/home/timlittau/Documents/InferQ/analysis/finetuned_rdbms_162/qpy/02c60e104e17131eaf959cbe8186174d534fa2ffa9dac37e836f94545b145733.qpy,8,45,0.4571639581117779,16363,58,7,51,sqlite,large_size,0,success,0.007036696188151836,32,7509,"{""cache_mb"": 128, ""db_path"": ""analysis/finetuned_rdbms_162_baseline_min_floor_100ms_contraction_all_engines/tmp/large_size/sqlite/bench.db"", ""mmap_mb"": 128, ""temp_store"": ""MEMORY"", ""threads"": 1}",
02c60e104e17131eaf959cbe8186174d534fa2ffa9dac37e836f94545b145733,/home/timlittau/Documents/InferQ/analysis/finetuned_rdbms_162/qpy/02c60e104e17131eaf959cbe8186174d534fa2ffa9dac37e836f94545b145733.qpy,8,45,0.4571639581117779,16363,58,7,51,sqlite,large_size,1,success,0.0051834168843925,32,3669,"{""cache_mb"": 128, ""db_path"": ""analysis/finetuned_rdbms_162_baseline_min_floor_100ms_contraction_all_engines/tmp/large_size/sqlite/bench.db"", ""mmap_mb"": 128, ""temp_store"": ""MEMORY"", ""threads"": 1}",
02c60e104e17131eaf959cbe8186174d534fa2ffa9dac37e836f94545b145733,/home/timlittau/Documents/InferQ/analysis/finetuned_rdbms_162/qpy/02c60e104e17131eaf959cbe8186174d534fa2ffa9dac37e836f94545b145733.qpy,8,45,0.4571639581117779,16363,58,7,51,duckdb,large_size,0,timeout,0.10577356908470392,0,20501,"{""max_temp_directory_size"": ""128GB"", ""memory_limit"": ""7409MB"", ""preserve_insertion_order"": true, ""temp_directory"": ""analysis/finetuned_rdbms_162_baseline_min_floor_100ms_contraction_all_engines/tmp/large_size/duckdb"", ""threads"": 1}",duckdb timed out after 0.1s
02c60e104e17131eaf959cbe8186174d534fa2ffa9dac37e836f94545b145733,/home/timlittau/Documents/InferQ/analysis/finetuned_rdbms_162/qpy/02c60e104e17131eaf959cbe8186174d534fa2ffa9dac37e836f94545b145733.qpy,8,45,0.4571639581117779,16363,58,7,51,duckdb,large_size,1,timeout,0.10721912211738527,0,20563,"{""max_temp_directory_size"": ""128GB"", ""memory_limit"": ""7409MB"", ""preserve_insertion_order"": true, ""temp_directory"": ""analysis/finetuned_rdbms_162_baseline_min_floor_100ms_contraction_all_engines/tmp/large_size/duckdb"", ""threads"": 1}",duckdb timed out after 0.1s
02c60e104e17131eaf959cbe8186174d534fa2ffa9dac37e836f94545b145733,/home/timlittau/Documents/InferQ/analysis/finetuned_rdbms_162/qpy/02c60e104e17131eaf959cbe8186174d534fa2ffa9dac37e836f94545b145733.qpy,8,45,0.4571639581117779,16363,58,7,51,postgres,large_size,0,success,0.013205093098804355,32,21966,"{""effective_cache_size"": ""2GB"", ""from_collapse_limit"": 1, ""hash_mem_multiplier"": ""1.94"", ""jit"": ""off"", ""join_collapse_limit"": 4, ""max_parallel_workers_per_gather"": 0, ""temp_buffers"": ""65MB"", ""temp_file_limit"": ""-1"", ""work_mem"": ""55MB""}",
02c60e104e17131eaf959cbe8186174d534fa2ffa9dac37e836f94545b145733,/home/timlittau/Documents/InferQ/analysis/finetuned_rdbms_162/qpy/02c60e104e17131eaf959cbe8186174d534fa2ffa9dac37e836f94545b145733.qpy,8,45,0.4571639581117779,16363,58,7,51,postgres,large_size,1,success,0.012997008161619306,32,21559,"{""effective_cache_size"": ""2GB"", ""from_collapse_limit"": 1, ""hash_mem_multiplier"": ""1.94"", ""jit"": ""off"", ""join_collapse_limit"": 4, ""max_parallel_workers_per_gather"": 0, ""temp_buffers"": ""65MB"", ""temp_file_limit"": ""-1"", ""work_mem"": ""55MB""}",
02c81a6b76ce63dc4bf93b423a52606a4c51768164738ab0f2937ad1528a5f05,/home/timlittau/Documents/InferQ/analysis/finetuned_rdbms_162/qpy/02c81a6b76ce63dc4bf93b423a52606a4c51768164738ab0f2937ad1528a5f05.qpy,10,13,0.1288129820022732,6396,25,4,21,sqlite,small_size,0,success,0.001947048120200634,32,3807,"{""cache_mb"": 64, ""db_path"": "":memory:"", ""mmap_mb"": 0, ""temp_store"": ""MEMORY"", ""threads"": 1}",
02c81a6b76ce63dc4bf93b423a52606a4c51768164738ab0f2937ad1528a5f05,/home/timlittau/Documents/InferQ/analysis/finetuned_rdbms_162/qpy/02c81a6b76ce63dc4bf93b423a52606a4c51768164738ab0f2937ad1528a5f05.qpy,10,13,0.1288129820022732,6396,25,4,21,sqlite,small_size,1,success,0.0017319100443273783,32,3807,"{""cache_mb"": 64, ""db_path"": "":memory:"", ""mmap_mb"": 0, ""temp_store"": ""MEMORY"", ""threads"": 1}",
02c81a6b76ce63dc4bf93b423a52606a4c51768164738ab0f2937ad1528a5f05,/home/timlittau/Documents/InferQ/analysis/finetuned_rdbms_162/qpy/02c81a6b76ce63dc4bf93b423a52606a4c51768164738ab0f2937ad1528a5f05.qpy,10,13,0.1288129820022732,6396,25,4,21,duckdb,small_size,0,success,0.014193057082593441,32,10158,"{""max_temp_directory_size"": ""256GB"", ""memory_limit"": ""10780MB"", ""preserve_insertion_order"": false, ""temp_directory"": ""analysis/finetuned_rdbms_162_baseline_min_floor_100ms_contraction_all_engines/tmp/small_size/duckdb"", ""threads"": 2}",
02c81a6b76ce63dc4bf93b423a52606a4c51768164738ab0f2937ad1528a5f05,/home/timlittau/Documents/InferQ/analysis/finetuned_rdbms_162/qpy/02c81a6b76ce63dc4bf93b423a52606a4c51768164738ab0f2937ad1528a5f05.qpy,10,13,0.1288129820022732,6396,25,4,21,duckdb,small_size,1,success,0.01398275000974536,32,10278,"{""max_temp_directory_size"": ""256GB"", ""memory_limit"": ""10780MB"", ""preserve_insertion_order"": false, ""temp_directory"": ""analysis/finetuned_rdbms_162_baseline_min_floor_100ms_contraction_all_engines/tmp/small_size/duckdb"", ""threads"": 2}",
02c81a6b76ce63dc4bf93b423a52606a4c51768164738ab0f2937ad1528a5f05,/home/timlittau/Documents/InferQ/analysis/finetuned_rdbms_162/qpy/02c81a6b76ce63dc4bf93b423a52606a4c51768164738ab0f2937ad1528a5f05.qpy,10,13,0.1288129820022732,6396,25,4,21,postgres,small_size,0,success,0.004156520124524832,32,12058,"{""effective_cache_size"": ""8GB"", ""from_collapse_limit"": 1, ""hash_mem_multiplier"": ""2.0"", ""jit"": ""off"", ""join_collapse_limit"": 1, ""max_parallel_workers_per_gather"": 4, ""temp_buffers"": ""128MB"", ""temp_file_limit"": ""-1"", ""work_mem"": ""256MB""}",
02c81a6b76ce63dc4bf93b423a52606a4c51768164738ab0f2937ad1528a5f05,/home/timlittau/Documents/InferQ/analysis/finetuned_rdbms_162/qpy/02c81a6b76ce63dc4bf93b423a52606a4c51768164738ab0f2937ad1528a5f05.qpy,10,13,0.1288129820022732,6396,25,4,21,postgres,small_size,1,success,0.003977398853749037,32,11770,"{""effective_cache_size"": ""8GB"", ""from_collapse_limit"": 1, ""hash_mem_multiplier"": ""2.0"", ""jit"": ""off"", ""join_collapse_limit"": 1, ""max_parallel_workers_per_gather"": 4, ""temp_buffers"": ""128MB"", ""temp_file_limit"": ""-1"", ""work_mem"": ""256MB""}",
02cf68900b4a1fd22c264a870af243a9264d95b6ec5a81258057470fe4adf5c9,/home/timlittau/Documents/InferQ/analysis/finetuned_rdbms_162/qpy/02cf68900b4a1fd22c264a870af243a9264d95b6ec5a81258057470fe4adf5c9.qpy,7,47,0.4810864308383316,15905,58,6,52,sqlite,large_size,0,success,0.006417779950425029,128,7939,"{""cache_mb"": 128, ""db_path"": ""analysis/finetuned_rdbms_162_baseline_min_floor_100ms_contraction_all_engines/tmp/large_size/sqlite/bench.db"", ""mmap_mb"": 128, ""temp_store"": ""MEMORY"", ""threads"": 1}",
02cf68900b4a1fd22c264a870af243a9264d95b6ec5a81258057470fe4adf5c9,/home/timlittau/Documents/InferQ/analysis/finetuned_rdbms_162/qpy/02cf68900b4a1fd22c264a870af243a9264d95b6ec5a81258057470fe4adf5c9.qpy,7,47,0.4810864308383316,15905,58,6,52,sqlite,large_size,1,success,0.005987470969557762,128,13451,"{""cache_mb"": 128, ""db_path"": ""analysis/finetuned_rdbms_162_baseline_min_floor_100ms_contraction_all_engines/tmp/large_size/sqlite/bench.db"", ""mmap_mb"": 128, ""temp_store"": ""MEMORY"", ""threads"": 1}",
02cf68900b4a1fd22c264a870af243a9264d95b6ec5a81258057470fe4adf5c9,/home/timlittau/Documents/InferQ/analysis/finetuned_rdbms_162/qpy/02cf68900b4a1fd22c264a870af243a9264d95b6ec5a81258057470fe4adf5c9.qpy,7,47,0.4810864308383316,15905,58,6,52,duckdb,large_size,0,timeout,0.10776447993703187,0,19605,"{""max_temp_directory_size"": ""128GB"", ""memory_limit"": ""7409MB"", ""preserve_insertion_order"": true, ""temp_directory"": ""analysis/finetuned_rdbms_162_baseline_min_floor_100ms_contraction_all_engines/tmp/large_size/duckdb"", ""threads"": 1}",duckdb timed out after 0.1s
02cf68900b4a1fd22c264a870af243a9264d95b6ec5a81258057470fe4adf5c9,/home/timlittau/Documents/InferQ/analysis/finetuned_rdbms_162/qpy/02cf68900b4a1fd22c264a870af243a9264d95b6ec5a81258057470fe4adf5c9.qpy,7,47,0.4810864308383316,15905,58,6,52,duckdb,large_size,1,timeout,0.10787527798675,0,19667,"{""max_temp_directory_size"": ""128GB"", ""memory_limit"": ""7409MB"", ""preserve_insertion_order"": true, ""temp_directory"": ""analysis/finetuned_rdbms_162_baseline_min_floor_100ms_contraction_all_engines/tmp/large_size/duckdb"", ""threads"": 1}",duckdb timed out after 0.1s
02cf68900b4a1fd22c264a870af243a9264d95b6ec5a81258057470fe4adf5c9,/home/timlittau/Documents/InferQ/analysis/finetuned_rdbms_162/qpy/02cf68900b4a1fd22c264a870af243a9264d95b6ec5a81258057470fe4adf5c9.qpy,7,47,0.4810864308383316,15905,58,6,52,postgres,large_size,0,success,0.014614429790526628,128,25861,"{""effective_cache_size"": ""2GB"", ""from_collapse_limit"": 1, ""hash_mem_multiplier"": ""1.94"", ""jit"": ""off"", ""join_collapse_limit"": 4, ""max_parallel_workers_per_gather"": 0, ""temp_buffers"": ""65MB"", ""temp_file_limit"": ""-1"", ""work_mem"": ""55MB""}",
02cf68900b4a1fd22c264a870af243a9264d95b6ec5a81258057470fe4adf5c9,/home/timlittau/Documents/InferQ/analysis/finetuned_rdbms_162/qpy/02cf68900b4a1fd22c264a870af243a9264d95b6ec5a81258057470fe4adf5c9.qpy,7,47,0.4810864308383316,15905,58,6,52,postgres,large_size,1,success,0.013737200992181897,128,25573,"{""effective_cache_size"": ""2GB"", ""from_collapse_limit"": 1, ""hash_mem_multiplier"": ""1.94"", ""jit"": ""off"", ""join_collapse_limit"": 4, ""max_parallel_workers_per_gather"": 0, ""temp_buffers"": ""65MB"", ""temp_file_limit"": ""-1"", ""work_mem"": ""55MB""}",
02d09e44cd663dfdb499bf55fb1487bc7f570b6c1a0751c7eeeadac029f69190,/home/timlittau/Documents/InferQ/analysis/finetuned_rdbms_162/qpy/02d09e44cd663dfdb499bf55fb1487bc7f570b6c1a0751c7eeeadac029f69190.qpy,3,15,0.13283976702950895,5729,21,5,16,sqlite,small_size,0,success,0.0029145008884370327,8,3807,"{""cache_mb"": 64, ""db_path"": "":memory:"", ""mmap_mb"": 0, ""temp_store"": ""MEMORY"", ""threads"": 1}",
02d09e44cd663dfdb499bf55fb1487bc7f570b6c1a0751c7eeeadac029f69190,/home/timlittau/Documents/InferQ/analysis/finetuned_rdbms_162/qpy/02d09e44cd663dfdb499bf55fb1487bc7f570b6c1a0751c7eeeadac029f69190.qpy,3,15,0.13283976702950895,5729,21,5,16,sqlite,small_size,1,success,0.0024207448586821556,8,3807,"{""cache_mb"": 64, ""db_path"": "":memory:"", ""mmap_mb"": 0, ""temp_store"": ""MEMORY"", ""threads"": 1}",
02d09e44cd663dfdb499bf55fb1487bc7f570b6c1a0751c7eeeadac029f69190,/home/timlittau/Documents/InferQ/analysis/finetuned_rdbms_162/qpy/02d09e44cd663dfdb499bf55fb1487bc7f570b6c1a0751c7eeeadac029f69190.qpy,3,15,0.13283976702950895,5729,21,5,16,duckdb,small_size,0,success,0.01687466399744153,8,9751,"{""max_temp_directory_size"": ""256GB"", ""memory_limit"": ""10780MB"", ""preserve_insertion_order"": false, ""temp_directory"": ""analysis/finetuned_rdbms_162_baseline_min_floor_100ms_contraction_all_engines/tmp/small_size/duckdb"", ""threads"": 2}",
02d09e44cd663dfdb499bf55fb1487bc7f570b6c1a0751c7eeeadac029f69190,/home/timlittau/Documents/InferQ/analysis/finetuned_rdbms_162/qpy/02d09e44cd663dfdb499bf55fb1487bc7f570b6c1a0751c7eeeadac029f69190.qpy,3,15,0.13283976702950895,5729,21,5,16,duckdb,small_size,1,success,0.01734030502848327,8,9429,"{""max_temp_directory_size"": ""256GB"", ""memory_limit"": ""10780MB"", ""preserve_insertion_order"": false, ""temp_directory"": ""analysis/finetuned_rdbms_162_baseline_min_floor_100ms_contraction_all_engines/tmp/small_size/duckdb"", ""threads"": 2}",
02d09e44cd663dfdb499bf55fb1487bc7f570b6c1a0751c7eeeadac029f69190,/home/timlittau/Documents/InferQ/analysis/finetuned_rdbms_162/qpy/02d09e44cd663dfdb499bf55fb1487bc7f570b6c1a0751c7eeeadac029f69190.qpy,3,15,0.13283976702950895,5729,21,5,16,postgres,small_size,0,success,0.0035484700929373503,8,10310,"{""effective_cache_size"": ""8GB"", ""from_collapse_limit"": 1, ""hash_mem_multiplier"": ""2.0"", ""jit"": ""off"", ""join_collapse_limit"": 1, ""max_parallel_workers_per_gather"": 4, ""temp_buffers"": ""128MB"", ""temp_file_limit"": ""-1"", ""work_mem"": ""256MB""}",
02d09e44cd663dfdb499bf55fb1487bc7f570b6c1a0751c7eeeadac029f69190,/home/timlittau/Documents/InferQ/analysis/finetuned_rdbms_162/qpy/02d09e44cd663dfdb499bf55fb1487bc7f570b6c1a0751c7eeeadac029f69190.qpy,3,15,0.13283976702950895,5729,21,5,16,postgres,small_size,1,success,0.004966622916981578,8,10598,"{""effective_cache_size"": ""8GB"", ""from_collapse_limit"": 1, ""hash_mem_multiplier"": ""2.0"", ""jit"": ""off"", ""join_collapse_limit"": 1, ""max_parallel_workers_per_gather"": 4, ""temp_buffers"": ""128MB"", ""temp_file_limit"": ""-1"", ""work_mem"": ""256MB""}",
02d5d2e1ded5595056b3e3e30d7175593177b3ccae45d27d4471f50a02cbbbab,/home/timlittau/Documents/InferQ/analysis/finetuned_rdbms_162/qpy/02d5d2e1ded5595056b3e3e30d7175593177b3ccae45d27d4471f50a02cbbbab.qpy,1,1,0.005319660995155573,716,2,2,0,sqlite,small_size,0,success,0.00015194294974207878,2,3807,"{""cache_mb"": 64, ""db_path"": "":memory:"", ""mmap_mb"": 0, ""temp_store"": ""MEMORY"", ""threads"": 1}",
02d5d2e1ded5595056b3e3e30d7175593177b3ccae45d27d4471f50a02cbbbab,/home/timlittau/Documents/InferQ/analysis/finetuned_rdbms_162/qpy/02d5d2e1ded5595056b3e3e30d7175593177b3ccae45d27d4471f50a02cbbbab.qpy,1,1,0.005319660995155573,716,2,2,0,sqlite,small_size,1,success,0.00011380086652934551,2,3807,"{""cache_mb"": 64, ""db_path"": "":memory:"", ""mmap_mb"": 0, ""temp_store"": ""MEMORY"", ""threads"": 1}",
02d5d2e1ded5595056b3e3e30d7175593177b3ccae45d27d4471f50a02cbbbab,/home/timlittau/Documents/InferQ/analysis/finetuned_rdbms_162/qpy/02d5d2e1ded5595056b3e3e30d7175593177b3ccae45d27d4471f50a02cbbbab.qpy,1,1,0.005319660995155573,716,2,2,0,duckdb,small_size,0,success,0.0016868747770786285,2,4602,"{""max_temp_directory_size"": ""256GB"", ""memory_limit"": ""10780MB"", ""preserve_insertion_order"": false, ""temp_directory"": ""analysis/finetuned_rdbms_162_baseline_min_floor_100ms_contraction_all_engines/tmp/small_size/duckdb"", ""threads"": 2}",
02d5d2e1ded5595056b3e3e30d7175593177b3ccae45d27d4471f50a02cbbbab,/home/timlittau/Documents/InferQ/analysis/finetuned_rdbms_162/qpy/02d5d2e1ded5595056b3e3e30d7175593177b3ccae45d27d4471f50a02cbbbab.qpy,1,1,0.005319660995155573,716,2,2,0,duckdb,small_size,1,success,0.001701796893030405,2,4478,"{""max_temp_directory_size"": ""256GB"", ""memory_limit"": ""10780MB"", ""preserve_insertion_order"": false, ""temp_directory"": ""analysis/finetuned_rdbms_162_baseline_min_floor_100ms_contraction_all_engines/tmp/small_size/duckdb"", ""threads"": 2}",
02d5d2e1ded5595056b3e3e30d7175593177b3ccae45d27d4471f50a02cbbbab,/home/timlittau/Documents/InferQ/analysis/finetuned_rdbms_162/qpy/02d5d2e1ded5595056b3e3e30d7175593177b3ccae45d27d4471f50a02cbbbab.qpy,1,1,0.005319660995155573,716,2,2,0,postgres,small_size,0,success,0.0006501469761133194,2,5121,"{""effective_cache_size"": ""8GB"", ""from_collapse_limit"": 1, ""hash_mem_multiplier"": ""2.0"", ""jit"": ""off"", ""join_collapse_limit"": 1, ""max_parallel_workers_per_gather"": 4, ""temp_buffers"": ""128MB"", ""temp_file_limit"": ""-1"", ""work_mem"": ""256MB""}",
02d5d2e1ded5595056b3e3e30d7175593177b3ccae45d27d4471f50a02cbbbab,/home/timlittau/Documents/InferQ/analysis/finetuned_rdbms_162/qpy/02d5d2e1ded5595056b3e3e30d7175593177b3ccae45d27d4471f50a02cbbbab.qpy,1,1,0.005319660995155573,716,2,2,0,postgres,small_size,1,success,0.0006221849471330643,2,5121,"{""effective_cache_size"": ""8GB"", ""from_collapse_limit"": 1, ""hash_mem_multiplier"": ""2.0"", ""jit"": ""off"", ""join_collapse_limit"": 1, ""max_parallel_workers_per_gather"": 4, ""temp_buffers"": ""128MB"", ""temp_file_limit"": ""-1"", ""work_mem"": ""256MB""}",
02ddd9d2f75a47bf94b6b8a454261f31d6c55759159e226bbb0c58dd23741920,/home/timlittau/Documents/InferQ/analysis/finetuned_rdbms_162/qpy/02ddd9d2f75a47bf94b6b8a454261f31d6c55759159e226bbb0c58dd23741920.qpy,2,22,0.18127672909758985,7898,28,6,22,sqlite,small_size,0,success,0.0023813999723643064,4,3807,"{""cache_mb"": 64, ""db_path"": "":memory:"", ""mmap_mb"": 0, ""temp_store"": ""MEMORY"", ""threads"": 1}",
02ddd9d2f75a47bf94b6b8a454261f31d6c55759159e226bbb0c58dd23741920,/home/timlittau/Documents/InferQ/analysis/finetuned_rdbms_162/qpy/02ddd9d2f75a47bf94b6b8a454261f31d6c55759159e226bbb0c58dd23741920.qpy,2,22,0.18127672909758985,7898,28,6,22,sqlite,small_size,1,success,0.0019655758515000343,4,3807,"{""cache_mb"": 64, ""db_path"": "":memory:"", ""mmap_mb"": 0, ""temp_store"": ""MEMORY"", ""threads"": 1}",
02ddd9d2f75a47bf94b6b8a454261f31d6c55759159e226bbb0c58dd23741920,/home/timlittau/Documents/InferQ/analysis/finetuned_rdbms_162/qpy/02ddd9d2f75a47bf94b6b8a454261f31d6c55759159e226bbb0c58dd23741920.qpy,2,22,0.18127672909758985,7898,28,6,22,duckdb,small_size,0,success,0.03149056201800704,4,12416,"{""max_temp_directory_size"": ""256GB"", ""memory_limit"": ""10780MB"", ""preserve_insertion_order"": false, ""temp_directory"": ""analysis/finetuned_rdbms_162_baseline_min_floor_100ms_contraction_all_engines/tmp/small_size/duckdb"", ""threads"": 2}",
02ddd9d2f75a47bf94b6b8a454261f31d6c55759159e226bbb0c58dd23741920,/home/timlittau/Documents/InferQ/analysis/finetuned_rdbms_162/qpy/02ddd9d2f75a47bf94b6b8a454261f31d6c55759159e226bbb0c58dd23741920.qpy,2,22,0.18127672909758985,7898,28,6,22,duckdb,small_size,1,success,0.031854155007749796,4,11598,"{""max_temp_directory_size"": ""256GB"", ""memory_limit"": ""10780MB"", ""preserve_insertion_order"": false, ""temp_directory"": ""analysis/finetuned_rdbms_162_baseline_min_floor_100ms_contraction_all_engines/tmp/small_size/duckdb"", ""threads"": 2}",
02ddd9d2f75a47bf94b6b8a454261f31d6c55759159e226bbb0c58dd23741920,/home/timlittau/Documents/InferQ/analysis/finetuned_rdbms_162/qpy/02ddd9d2f75a47bf94b6b8a454261f31d6c55759159e226bbb0c58dd23741920.qpy,2,22,0.18127672909758985,7898,28,6,22,postgres,small_size,0,success,0.004893585108220577,4,12391,"{""effective_cache_size"": ""8GB"", ""from_collapse_limit"": 1, ""hash_mem_multiplier"": ""2.0"", ""jit"": ""off"", ""join_collapse_limit"": 1, ""max_parallel_workers_per_gather"": 4, ""temp_buffers"": ""128MB"", ""temp_file_limit"": ""-1"", ""work_mem"": ""256MB""}",
02ddd9d2f75a47bf94b6b8a454261f31d6c55759159e226bbb0c58dd23741920,/home/timlittau/Documents/InferQ/analysis/finetuned_rdbms_162/qpy/02ddd9d2f75a47bf94b6b8a454261f31d6c55759159e226bbb0c58dd23741920.qpy,2,22,0.18127672909758985,7898,28,6,22,postgres,small_size,1,success,0.004905130947008729,4,12391,"{""effective_cache_size"": ""8GB"", ""from_collapse_limit"": 1, ""hash_mem_multiplier"": ""2.0"", ""jit"": ""off"", ""join_collapse_limit"": 1, ""max_parallel_workers_per_gather"": 4, ""temp_buffers"": ""128MB"", ""temp_file_limit"": ""-1"", ""work_mem"": ""256MB""}",
02ec071893c33c49f2265333261fa4ac92e8533d621f75dd82fa055b049c94fe,/home/timlittau/Documents/InferQ/analysis/finetuned_rdbms_162/qpy/02ec071893c33c49f2265333261fa4ac92e8533d621f75dd82fa055b049c94fe.qpy,6,18,0.13885708898305893,7290,27,5,22,sqlite,large_size,0,success,0.002442660043016076,64,5277,"{""cache_mb"": 128, ""db_path"": ""analysis/finetuned_rdbms_162_baseline_min_floor_100ms_contraction_all_engines/tmp/large_size/sqlite/bench.db"", ""mmap_mb"": 128, ""temp_store"": ""MEMORY"", ""threads"": 1}",
02ec071893c33c49f2265333261fa4ac92e8533d621f75dd82fa055b049c94fe,/home/timlittau/Documents/InferQ/analysis/finetuned_rdbms_162/qpy/02ec071893c33c49f2265333261fa4ac92e8533d621f75dd82fa055b049c94fe.qpy,6,18,0.13885708898305893,7290,27,5,22,sqlite,large_size,1,success,0.0020135839004069567,64,4413,"{""cache_mb"": 128, ""db_path"": ""analysis/finetuned_rdbms_162_baseline_min_floor_100ms_contraction_all_engines/tmp/large_size/sqlite/bench.db"", ""mmap_mb"": 128, ""temp_store"": ""MEMORY"", ""threads"": 1}",
02ec071893c33c49f2265333261fa4ac92e8533d621f75dd82fa055b049c94fe,/home/timlittau/Documents/InferQ/analysis/finetuned_rdbms_162/qpy/02ec071893c33c49f2265333261fa4ac92e8533d621f75dd82fa055b049c94fe.qpy,6,18,0.13885708898305893,7290,27,5,22,duckdb,large_size,0,success,0.015820740954950452,64,11172,"{""max_temp_directory_size"": ""128GB"", ""memory_limit"": ""7409MB"", ""preserve_insertion_order"": true, ""temp_directory"": ""analysis/finetuned_rdbms_162_baseline_min_floor_100ms_contraction_all_engines/tmp/large_size/duckdb"", ""threads"": 1}",
02ec071893c33c49f2265333261fa4ac92e8533d621f75dd82fa055b049c94fe,/home/timlittau/Documents/InferQ/analysis/finetuned_rdbms_162/qpy/02ec071893c33c49f2265333261fa4ac92e8533d621f75dd82fa055b049c94fe.qpy,6,18,0.13885708898305893,7290,27,5,22,duckdb,large_size,1,success,0.015799994114786386,64,11176,"{""max_temp_directory_size"": ""128GB"", ""memory_limit"": ""7409MB"", ""preserve_insertion_order"": true, ""temp_directory"": ""analysis/finetuned_rdbms_162_baseline_min_floor_100ms_contraction_all_engines/tmp/large_size/duckdb"", ""threads"": 1}",
02ec071893c33c49f2265333261fa4ac92e8533d621f75dd82fa055b049c94fe,/home/timlittau/Documents/InferQ/analysis/finetuned_rdbms_162/qpy/02ec071893c33c49f2265333261fa4ac92e8533d621f75dd82fa055b049c94fe.qpy,6,18,0.13885708898305893,7290,27,5,22,postgres,large_size,0,success,0.004352331859990954,64,13574,"{""effective_cache_size"": ""2GB"", ""from_collapse_limit"": 1, ""hash_mem_multiplier"": ""1.94"", ""jit"": ""off"", ""join_collapse_limit"": 4, ""max_parallel_workers_per_gather"": 0, ""temp_buffers"": ""65MB"", ""temp_file_limit"": ""-1"", ""work_mem"": ""55MB""}",
02ec071893c33c49f2265333261fa4ac92e8533d621f75dd82fa055b049c94fe,/home/timlittau/Documents/InferQ/analysis/finetuned_rdbms_162/qpy/02ec071893c33c49f2265333261fa4ac92e8533d621f75dd82fa055b049c94fe.qpy,6,18,0.13885708898305893,7290,27,5,22,postgres,large_size,1,success,0.00423455098643899,64,13286,"{""effective_cache_size"": ""2GB"", ""from_collapse_limit"": 1, ""hash_mem_multiplier"": ""1.94"", ""jit"": ""off"", ""join_collapse_limit"": 4, ""max_parallel_workers_per_gather"": 0, ""temp_buffers"": ""65MB"", ""temp_file_limit"": ""-1"", ""work_mem"": ""55MB""}",
02efc89a5621cb5b17f1ed8f1d3a52ae6fee3dcb6fad7efffcd9b0e467e70f24,/home/timlittau/Documents/InferQ/analysis/finetuned_rdbms_162/qpy/02efc89a5621cb5b17f1ed8f1d3a52ae6fee3dcb6fad7efffcd9b0e467e70f24.qpy,12,49,0.5419511049985886,17381,64,5,59,sqlite,small_size,0,success,0.006348475115373731,16,3807,"{""cache_mb"": 64, ""db_path"": "":memory:"", ""mmap_mb"": 0, ""temp_store"": ""MEMORY"", ""threads"": 1}",
02efc89a5621cb5b17f1ed8f1d3a52ae6fee3dcb6fad7efffcd9b0e467e70f24,/home/timlittau/Documents/InferQ/analysis/finetuned_rdbms_162/qpy/02efc89a5621cb5b17f1ed8f1d3a52ae6fee3dcb6fad7efffcd9b0e467e70f24.qpy,12,49,0.5419511049985886,17381,64,5,59,sqlite,small_size,1,success,0.00544429593719542,16,3807,"{""cache_mb"": 64, ""db_path"": "":memory:"", ""mmap_mb"": 0, ""temp_store"": ""MEMORY"", ""threads"": 1}",
02efc89a5621cb5b17f1ed8f1d3a52ae6fee3dcb6fad7efffcd9b0e467e70f24,/home/timlittau/Documents/InferQ/analysis/finetuned_rdbms_162/qpy/02efc89a5621cb5b17f1ed8f1d3a52ae6fee3dcb6fad7efffcd9b0e467e70f24.qpy,12,49,0.5419511049985886,17381,64,5,59,duckdb,small_size,0,timeout,0.11068880604580045,0,21263,"{""max_temp_directory_size"": ""256GB"", ""memory_limit"": ""10780MB"", ""preserve_insertion_order"": false, ""temp_directory"": ""analysis/finetuned_rdbms_162_baseline_min_floor_100ms_contraction_all_engines/tmp/small_size/duckdb"", ""threads"": 2}",duckdb timed out after 0.1s
02efc89a5621cb5b17f1ed8f1d3a52ae6fee3dcb6fad7efffcd9b0e467e70f24,/home/timlittau/Documents/InferQ/analysis/finetuned_rdbms_162/qpy/02efc89a5621cb5b17f1ed8f1d3a52ae6fee3dcb6fad7efffcd9b0e467e70f24.qpy,12,49,0.5419511049985886,17381,64,5,59,duckdb,small_size,1,timeout,0.10698728007264435,0,21143,"{""max_temp_directory_size"": ""256GB"", ""memory_limit"": ""10780MB"", ""preserve_insertion_order"": false, ""temp_directory"": ""analysis/finetuned_rdbms_162_baseline_min_floor_100ms_contraction_all_engines/tmp/small_size/duckdb"", ""threads"": 2}",duckdb timed out after 0.1s
02efc89a5621cb5b17f1ed8f1d3a52ae6fee3dcb6fad7efffcd9b0e467e70f24,/home/timlittau/Documents/InferQ/analysis/finetuned_rdbms_162/qpy/02efc89a5621cb5b17f1ed8f1d3a52ae6fee3dcb6fad7efffcd9b0e467e70f24.qpy,12,49,0.5419511049985886,17381,64,5,59,postgres,small_size,0,success,0.016368783079087734,16,23264,"{""effective_cache_size"": ""8GB"", ""from_collapse_limit"": 1, ""hash_mem_multiplier"": ""2.0"", ""jit"": ""off"", ""join_collapse_limit"": 1, ""max_parallel_workers_per_gather"": 4, ""temp_buffers"": ""128MB"", ""temp_file_limit"": ""-1"", ""work_mem"": ""256MB""}",
02efc89a5621cb5b17f1ed8f1d3a52ae6fee3dcb6fad7efffcd9b0e467e70f24,/home/timlittau/Documents/InferQ/analysis/finetuned_rdbms_162/qpy/02efc89a5621cb5b17f1ed8f1d3a52ae6fee3dcb6fad7efffcd9b0e467e70f24.qpy,12,49,0.5419511049985886,17381,64,5,59,postgres,small_size,1,success,0.015280692838132381,16,22752,"{""effective_cache_size"": ""8GB"", ""from_collapse_limit"": 1, ""hash_mem_multiplier"": ""2.0"", ""jit"": ""off"", ""join_collapse_limit"": 1, ""max_parallel_workers_per_gather"": 4, ""temp_buffers"": ""128MB"", ""temp_file_limit"": ""-1"", ""work_mem"": ""256MB""}",
02f72cee61dca1cb221b33c858c81985f6d9cecb655769d806e92c8b44b76ce6,/home/timlittau/Documents/InferQ/analysis/finetuned_rdbms_162/qpy/02f72cee61dca1cb221b33c858c81985f6d9cecb655769d806e92c8b44b76ce6.qpy,7,16,0.17845633695833385,6488,25,4,21,sqlite,small_size,0,success,0.002589533105492592,128,8077,"{""cache_mb"": 64, ""db_path"": "":memory:"", ""mmap_mb"": 0, ""temp_store"": ""MEMORY"", ""threads"": 1}",
02f72cee61dca1cb221b33c858c81985f6d9cecb655769d806e92c8b44b76ce6,/home/timlittau/Documents/InferQ/analysis/finetuned_rdbms_162/qpy/02f72cee61dca1cb221b33c858c81985f6d9cecb655769d806e92c8b44b76ce6.qpy,7,16,0.17845633695833385,6488,25,4,21,sqlite,small_size,1,success,0.0022990861907601357,128,8077,"{""cache_mb"": 64, ""db_path"": "":memory:"", ""mmap_mb"": 0, ""temp_store"": ""MEMORY"", ""threads"": 1}",
02f72cee61dca1cb221b33c858c81985f6d9cecb655769d806e92c8b44b76ce6,/home/timlittau/Documents/InferQ/analysis/finetuned_rdbms_162/qpy/02f72cee61dca1cb221b33c858c81985f6d9cecb655769d806e92c8b44b76ce6.qpy,7,16,0.17845633695833385,6488,25,4,21,duckdb,small_size,0,success,0.017393236979842186,128,10344,"{""max_temp_directory_size"": ""256GB"", ""memory_limit"": ""10780MB"", ""preserve_insertion_order"": false, ""temp_directory"": ""analysis/finetuned_rdbms_162_baseline_min_floor_100ms_contraction_all_engines/tmp/small_size/duckdb"", ""threads"": 2}",
02f72cee61dca1cb221b33c858c81985f6d9cecb655769d806e92c8b44b76ce6,/home/timlittau/Documents/InferQ/analysis/finetuned_rdbms_162/qpy/02f72cee61dca1cb221b33c858c81985f6d9cecb655769d806e92c8b44b76ce6.qpy,7,16,0.17845633695833385,6488,25,4,21,duckdb,small_size,1,success,0.01954202400520444,128,10432,"{""max_temp_directory_size"": ""256GB"", ""memory_limit"": ""10780MB"", ""preserve_insertion_order"": false, ""temp_directory"": ""analysis/finetuned_rdbms_162_baseline_min_floor_100ms_contraction_all_engines/tmp/small_size/duckdb"", ""threads"": 2}",
02f72cee61dca1cb221b33c858c81985f6d9cecb655769d806e92c8b44b76ce6,/home/timlittau/Documents/InferQ/analysis/finetuned_rdbms_162/qpy/02f72cee61dca1cb221b33c858c81985f6d9cecb655769d806e92c8b44b76ce6.qpy,7,16,0.17845633695833385,6488,25,4,21,postgres,small_size,0,success,0.004776182118803263,128,16131,"{""effective_cache_size"": ""8GB"", ""from_collapse_limit"": 1, ""hash_mem_multiplier"": ""2.0"", ""jit"": ""off"", ""join_collapse_limit"": 1, ""max_parallel_workers_per_gather"": 4, ""temp_buffers"": ""128MB"", ""temp_file_limit"": ""-1"", ""work_mem"": ""256MB""}",
02f72cee61dca1cb221b33c858c81985f6d9cecb655769d806e92c8b44b76ce6,/home/timlittau/Documents/InferQ/analysis/finetuned_rdbms_162/qpy/02f72cee61dca1cb221b33c858c81985f6d9cecb655769d806e92c8b44b76ce6.qpy,7,16,0.17845633695833385,6488,25,4,21,postgres,small_size,1,success,0.004803242860361934,128,16131,"{""effective_cache_size"": ""8GB"", ""from_collapse_limit"": 1, ""hash_mem_multiplier"": ""2.0"", ""jit"": ""off"", ""join_collapse_limit"": 1, ""max_parallel_workers_per_gather"": 4, ""temp_buffers"": ""128MB"", ""temp_file_limit"": ""-1"", ""work_mem"": ""256MB""}",
02f832b8769623ad1158c9b002c1dfbdcfc38d016baecc9c8a0df4aad0e6f628,/home/timlittau/Documents/InferQ/analysis/finetuned_rdbms_162/qpy/02f832b8769623ad1158c9b002c1dfbdcfc38d016baecc9c8a0df4aad0e6f628.qpy,9,69,0.7548569769132882,23621,81,5,76,sqlite,large_size,0,success,0.030164818046614528,512,29567,"{""cache_mb"": 128, ""db_path"": ""analysis/finetuned_rdbms_162_baseline_min_floor_100ms_contraction_all_engines/tmp/large_size/sqlite/bench.db"", ""mmap_mb"": 128, ""temp_store"": ""MEMORY"", ""threads"": 1}",
02f832b8769623ad1158c9b002c1dfbdcfc38d016baecc9c8a0df4aad0e6f628,/home/timlittau/Documents/InferQ/analysis/finetuned_rdbms_162/qpy/02f832b8769623ad1158c9b002c1dfbdcfc38d016baecc9c8a0df4aad0e6f628.qpy,9,69,0.7548569769132882,23621,81,5,76,sqlite,large_size,1,success,0.021930227987468243,512,29567,"{""cache_mb"": 128, ""db_path"": ""analysis/finetuned_rdbms_162_baseline_min_floor_100ms_contraction_all_engines/tmp/large_size/sqlite/bench.db"", ""mmap_mb"": 128, ""temp_store"": ""MEMORY"", ""threads"": 1}",
02f832b8769623ad1158c9b002c1dfbdcfc38d016baecc9c8a0df4aad0e6f628,/home/timlittau/Documents/InferQ/analysis/finetuned_rdbms_162/qpy/02f832b8769623ad1158c9b002c1dfbdcfc38d016baecc9c8a0df4aad0e6f628.qpy,9,69,0.7548569769132882,23621,81,5,76,duckdb,large_size,0,timeout,0.1074425361584872,0,27507,"{""max_temp_directory_size"": ""128GB"", ""memory_limit"": ""7409MB"", ""preserve_insertion_order"": true, ""temp_directory"": ""analysis/finetuned_rdbms_162_baseline_min_floor_100ms_contraction_all_engines/tmp/large_size/duckdb"", ""threads"": 1}",duckdb timed out after 0.1s
02f832b8769623ad1158c9b002c1dfbdcfc38d016baecc9c8a0df4aad0e6f628,/home/timlittau/Documents/InferQ/analysis/finetuned_rdbms_162/qpy/02f832b8769623ad1158c9b002c1dfbdcfc38d016baecc9c8a0df4aad0e6f628.qpy,9,69,0.7548569769132882,23621,81,5,76,duckdb,large_size,1,timeout,0.10676465509459376,0,27507,"{""max_temp_directory_size"": ""128GB"", ""memory_limit"": ""7409MB"", ""preserve_insertion_order"": true, ""temp_directory"": ""analysis/finetuned_rdbms_162_baseline_min_floor_100ms_contraction_all_engines/tmp/large_size/duckdb"", ""threads"": 1}",duckdb timed out after 0.1s
02f832b8769623ad1158c9b002c1dfbdcfc38d016baecc9c8a0df4aad0e6f628,/home/timlittau/Documents/InferQ/analysis/finetuned_rdbms_162/qpy/02f832b8769623ad1158c9b002c1dfbdcfc38d016baecc9c8a0df4aad0e6f628.qpy,9,69,0.7548569769132882,23621,81,5,76,postgres,large_size,0,success,0.056700663175433874,512,55017,"{""effective_cache_size"": ""2GB"", ""from_collapse_limit"": 1, ""hash_mem_multiplier"": ""1.94"", ""jit"": ""off"", ""join_collapse_limit"": 4, ""max_parallel_workers_per_gather"": 0, ""temp_buffers"": ""65MB"", ""temp_file_limit"": ""-1"", ""work_mem"": ""55MB""}",
02f832b8769623ad1158c9b002c1dfbdcfc38d016baecc9c8a0df4aad0e6f628,/home/timlittau/Documents/InferQ/analysis/finetuned_rdbms_162/qpy/02f832b8769623ad1158c9b002c1dfbdcfc38d016baecc9c8a0df4aad0e6f628.qpy,9,69,0.7548569769132882,23621,81,5,76,postgres,large_size,1,success,0.068702373187989,512,54969,"{""effective_cache_size"": ""2GB"", ""from_collapse_limit"": 1, ""hash_mem_multiplier"": ""1.94"", ""jit"": ""off"", ""join_collapse_limit"": 4, ""max_parallel_workers_per_gather"": 0, ""temp_buffers"": ""65MB"", ""temp_file_limit"": ""-1"", ""work_mem"": ""55MB""}",
0315679e5797d61084465dbfdf808df96c39bf3b720c54b6bf95b21d23c39e41,/home/timlittau/Documents/InferQ/analysis/finetuned_rdbms_162/qpy/0315679e5797d61084465dbfdf808df96c39bf3b720c54b6bf95b21d23c39e41.qpy,4,13,0.10679252515546978,5513,20,5,15,sqlite,small_size,0,success,0.0015437360852956772,16,3807,"{""cache_mb"": 64, ""db_path"": "":memory:"", ""mmap_mb"": 0, ""temp_store"": ""MEMORY"", ""threads"": 1}",
0315679e5797d61084465dbfdf808df96c39bf3b720c54b6bf95b21d23c39e41,/home/timlittau/Documents/InferQ/analysis/finetuned_rdbms_162/qpy/0315679e5797d61084465dbfdf808df96c39bf3b720c54b6bf95b21d23c39e41.qpy,4,13,0.10679252515546978,5513,20,5,15,sqlite,small_size,1,success,0.001306641846895218,16,3807,"{""cache_mb"": 64, ""db_path"": "":memory:"", ""mmap_mb"": 0, ""temp_store"": ""MEMORY"", ""threads"": 1}",
0315679e5797d61084465dbfdf808df96c39bf3b720c54b6bf95b21d23c39e41,/home/timlittau/Documents/InferQ/analysis/finetuned_rdbms_162/qpy/0315679e5797d61084465dbfdf808df96c39bf3b720c54b6bf95b21d23c39e41.qpy,4,13,0.10679252515546978,5513,20,5,15,duckdb,small_size,0,success,0.012013113126158714,16,9431,"{""max_temp_directory_size"": ""256GB"", ""memory_limit"": ""10780MB"", ""preserve_insertion_order"": false, ""temp_directory"": ""analysis/finetuned_rdbms_162_baseline_min_floor_100ms_contraction_all_engines/tmp/small_size/duckdb"", ""threads"": 2}",
0315679e5797d61084465dbfdf808df96c39bf3b720c54b6bf95b21d23c39e41,/home/timlittau/Documents/InferQ/analysis/finetuned_rdbms_162/qpy/0315679e5797d61084465dbfdf808df96c39bf3b720c54b6bf95b21d23c39e41.qpy,4,13,0.10679252515546978,5513,20,5,15,duckdb,small_size,1,success,0.010121773928403854,16,9395,"{""max_temp_directory_size"": ""256GB"", ""memory_limit"": ""10780MB"", ""preserve_insertion_order"": false, ""temp_directory"": ""analysis/finetuned_rdbms_162_baseline_min_floor_100ms_contraction_all_engines/tmp/small_size/duckdb"", ""threads"": 2}",
0315679e5797d61084465dbfdf808df96c39bf3b720c54b6bf95b21d23c39e41,/home/timlittau/Documents/InferQ/analysis/finetuned_rdbms_162/qpy/0315679e5797d61084465dbfdf808df96c39bf3b720c54b6bf95b21d23c39e41.qpy,4,13,0.10679252515546978,5513,20,5,15,postgres,small_size,0,success,0.008882848778739572,16,10229,"{""effective_cache_size"": ""8GB"", ""from_collapse_limit"": 1, ""hash_mem_multiplier"": ""2.0"", ""jit"": ""off"", ""join_collapse_limit"": 1, ""max_parallel_workers_per_gather"": 4, ""temp_buffers"": ""128MB"", ""temp_file_limit"": ""-1"", ""work_mem"": ""256MB""}",
0315679e5797d61084465dbfdf808df96c39bf3b720c54b6bf95b21d23c39e41,/home/timlittau/Documents/InferQ/analysis/finetuned_rdbms_162/qpy/0315679e5797d61084465dbfdf808df96c39bf3b720c54b6bf95b21d23c39e41.qpy,4,13,0.10679252515546978,5513,20,5,15,postgres,small_size,1,success,0.003103866009041667,16,10229,"{""effective_cache_size"": ""8GB"", ""from_collapse_limit"": 1, ""hash_mem_multiplier"": ""2.0"", ""jit"": ""off"", ""join_collapse_limit"": 1, ""max_parallel_workers_per_gather"": 4, ""temp_buffers"": ""128MB"", ""temp_file_limit"": ""-1"", ""work_mem"": ""256MB""}",
036459b40f763ff2f1cc635a35f4ac1726843428c2036f9eb95b4a6cb2c1e8e7,/home/timlittau/Documents/InferQ/analysis/finetuned_rdbms_162/qpy/036459b40f763ff2f1cc635a35f4ac1726843428c2036f9eb95b4a6cb2c1e8e7.qpy,14,52,0.5483874699566513,19341,71,7,64,sqlite,small_size,0,success,0.006214619847014546,16,3807,"{""cache_mb"": 64, ""db_path"": "":memory:"", ""mmap_mb"": 0, ""temp_store"": ""MEMORY"", ""threads"": 1}",
036459b40f763ff2f1cc635a35f4ac1726843428c2036f9eb95b4a6cb2c1e8e7,/home/timlittau/Documents/InferQ/analysis/finetuned_rdbms_162/qpy/036459b40f763ff2f1cc635a35f4ac1726843428c2036f9eb95b4a6cb2c1e8e7.qpy,14,52,0.5483874699566513,19341,71,7,64,sqlite,small_size,1,success,0.005517359124496579,16,3807,"{""cache_mb"": 64, ""db_path"": "":memory:"", ""mmap_mb"": 0, ""temp_store"": ""MEMORY"", ""threads"": 1}",
036459b40f763ff2f1cc635a35f4ac1726843428c2036f9eb95b4a6cb2c1e8e7,/home/timlittau/Documents/InferQ/analysis/finetuned_rdbms_162/qpy/036459b40f763ff2f1cc635a35f4ac1726843428c2036f9eb95b4a6cb2c1e8e7.qpy,14,52,0.5483874699566513,19341,71,7,64,duckdb,small_size,0,timeout,0.10757675999775529,0,23635,"{""max_temp_directory_size"": ""256GB"", ""memory_limit"": ""10780MB"", ""preserve_insertion_order"": false, ""temp_directory"": ""analysis/finetuned_rdbms_162_baseline_min_floor_100ms_contraction_all_engines/tmp/small_size/duckdb"", ""threads"": 2}",duckdb timed out after 0.1s
036459b40f763ff2f1cc635a35f4ac1726843428c2036f9eb95b4a6cb2c1e8e7,/home/timlittau/Documents/InferQ/analysis/finetuned_rdbms_162/qpy/036459b40f763ff2f1cc635a35f4ac1726843428c2036f9eb95b4a6cb2c1e8e7.qpy,14,52,0.5483874699566513,19341,71,7,64,duckdb,small_size,1,timeout,0.11145412805490196,0,23411,"{""max_temp_directory_size"": ""256GB"", ""memory_limit"": ""10780MB"", ""preserve_insertion_order"": false, ""temp_directory"": ""analysis/finetuned_rdbms_162_baseline_min_floor_100ms_contraction_all_engines/tmp/small_size/duckdb"", ""threads"": 2}",duckdb timed out after 0.1s
036459b40f763ff2f1cc635a35f4ac1726843428c2036f9eb95b4a6cb2c1e8e7,/home/timlittau/Documents/InferQ/analysis/finetuned_rdbms_162/qpy/036459b40f763ff2f1cc635a35f4ac1726843428c2036f9eb95b4a6cb2c1e8e7.qpy,14,52,0.5483874699566513,19341,71,7,64,postgres,small_size,0,success,0.027737529017031193,16,24938,"{""effective_cache_size"": ""8GB"", ""from_collapse_limit"": 1, ""hash_mem_multiplier"": ""2.0"", ""jit"": ""off"", ""join_collapse_limit"": 1, ""max_parallel_workers_per_gather"": 4, ""temp_buffers"": ""128MB"", ""temp_file_limit"": ""-1"", ""work_mem"": ""256MB""}",
036459b40f763ff2f1cc635a35f4ac1726843428c2036f9eb95b4a6cb2c1e8e7,/home/timlittau/Documents/InferQ/analysis/finetuned_rdbms_162/qpy/036459b40f763ff2f1cc635a35f4ac1726843428c2036f9eb95b4a6cb2c1e8e7.qpy,14,52,0.5483874699566513,19341,71,7,64,postgres,small_size,1,success,0.03222483000718057,16,24889,"{""effective_cache_size"": ""8GB"", ""from_collapse_limit"": 1, ""hash_mem_multiplier"": ""2.0"", ""jit"": ""off"", ""join_collapse_limit"": 1, ""max_parallel_workers_per_gather"": 4, ""temp_buffers"": ""128MB"", ""temp_file_limit"": ""-1"", ""work_mem"": ""256MB""}",
